HOUSEHOLD_ID,MEMBER_ID,LINE_NUMBER,A01_LAST_NAME,A01_FIRST_NAME,A01_SUFFIX,A01_MIDDLE_NAME,A02_RELATION_TO_HH_HEAD,A05_SEX,A07_AGE,A09_MARITAL_STATUS,A17_SOLO_PARENT,A18_SOLO_PARENT_ID,A19_SENIOR_CITIZEN_ID,A20_A_SEEING,A20_B_HEARING,A20_C_WALKING,A20_D_REMEMBERING,A20_E_SELF_CARING,A20_F_COMMUNICATING,B06_OFI,C01_SIMPLE_LITERACY,C02_HGC_LEVEL,C03_CURRENTLY_ATTENDING_SCHOOL,C05_CURRENT_GRADE_LEVEL,C06_REASON_NOT_ATTENDING_SCHOOL,C07_TVET_GRADUATE,C08_TVET_CURRENTLY_ATTENDING,E01_WORK_PAST_WEEK,E03_JOB_OR_BUSINESS_PAST_WEEK,E11_NATURE_OF_EMPLOYMENT,E12_NUMBER_OF_HOURS_WORKED,E13_NUMBER_OF_DAYS_WORKED,E14_TOTAL_NUMBER_OF_HOURS_WORKED,E15_WANT_MORE_HOURS,E16_LOOKING_FOR_ADDITIONAL_WORK,E18_CLASS_OF_WORKER,E19_BASIS_OF_PAYMENT,E24_REASON_MORE_OR_LESS_HOURS,E25_TRY_LOOK_FOR_WORK_OR_DO_BUSINESS,E29_REASON_NOT_LOOKING_FOR_WORK,E31_AVAILABLE_FOR_WORK,E32_WILLING_TO_WORK,E39_OWNERSHIP_OF_AGRI_LAND,E40_LAND_USED_IN_AGRI_ACTIVITY
HH000001,HH000001-M01,01,Navarro,Paolo,,Garcia,01,1,28,2,2,,,1,1,1,1,1,1,7,1,3,,,,2,2,2,1,1,6,0,0,1,1,2,4,25,,,,,1,2
HH000001,HH000001-M02,02,Navarro,Angela,,Valdez,02,2,22,2,2,,,1,1,1,1,1,1,4,1,4,2,,10,2,2,1,,2,4,5,19,2,2,5,4,99,,,,,2,
HH000001,HH000001-M03,03,Navarro,Rose,,Santos,04,2,11,1,2,,,1,1,1,1,1,1,,1,1,1,00010016,,,,2,2,,,,,,,,,,,,,,,
HH000001,HH000001-M04,04,Navarro,Rose,,Garcia,04,2,8,1,,,,2,1,1,1,1,1,,1,1,1,00010013,,,,2,2,,,,,,,,,,,,,,,
HH000001,HH000001-M05,05,Navarro,Maria,,Bautista,04,2,7,1,,,,1,1,1,1,1,1,,1,1,1,00010012,,,,2,2,,,,,,,,,,,,,,,
HH000001,HH000001-M06,06,Navarro,Gabriel,Jr.,Ramos,03,1,4,1,,,,,,,,,,,,,2,,12,,,,,,,,,,,,,,,,,,,
HH000001,HH000001-M07,07,Navarro,Angelo,,Fernandez,03,1,2,1,,,,,,,,,,,,,,,,,,,,,,,,,,,,,,,,,,
HH000002,HH000002-M01,01,Navarro,Camille,,Aquino,01,2,38,2,2,,,1,1,1,1,1,1,7,1,6,,,,2,2,1,,2,8,6,49,2,2,3,,14,,,,,2,
HH000002,HH000002-M02,02,Navarro,Gabriel,,Bautista,02,1,32,2,2,,,1,3,1,1,1,2,7,1,3,,,,2,1,1,,1,10,7,68,2,2,1,7,11,,,,,2,
HH000002,HH000002-M03,03,Navarro,Karen,,Domingo,04,2,4,1,,,,,,,,,,,,,2,,14,,,,,,,,,,,,,,,,,,,
HH000002,HH000002-M04,04,Navarro,Nathan,,Aquino,23,1,56,2,2,,,1,1,1,1,1,1,7,1,4,,,,2,2,2,2,,,,,,,,,,2,03,1,1,2,
HH000003,HH000003-M01,01,Corpuz,Rommel,,Aquino,01,1,78,2,2,,1,2,2,1,1,1,1,7,1,3,,,,2,2,2,3,,,,,,,,,,2,07,,,2,
HH000003,HH000003-M02,02,Corpuz,Maria,,Soriano,02,2,81,2,2,,1,1,1,2,3,1,1,7,1,3,,,,2,2,2,2,,,,,,,,,,1,,1,1,2,
HH000004,HH000004-M01,01,Rosales,Grace,,Reyes,01,2,48,2,2,,,1,1,1,1,1,1,7,1,6,,,,2,2,1,,2,10,5,50,2,2,3,,99,,,,,2,
HH000004,HH000004-M02,02,Rosales,Luis,,Garcia,02,1,45,2,2,,,1,1,1,1,1,1,7,1,3,,,,1,2,1,,3,8,5,38,2,2,3,,24,,,,,2,
HH000004,HH000004-M03,03,Rosales,Mae,,Santos,04,2,15,1,2,,,1,1,1,1,1,1,7,1,2,1,00024014,,1,2,2,2,,,,,,,,,,2,09,,,2,
HH000004,HH000004-M04,04,Rosales,Maria,,Castillo,04,2,11,1,2,,,1,4,1,1,1,1,,1,1,2,,10,,,2,2,,,,,,,,,,,,,,,
HH000004,HH000004-M05,05,Rosales,Sophia,,Garcia,04,2,2,1,,,,,,,,,,,,,,,,,,,,,,,,,,,,,,,,,,
HH000005,HH000005-M01,01,Cabrera,Vincent,,Flores,01,1,38,5,1,2,,1,1,1,1,1,1,7,1,6,,,,2,2,1,,2,12,5,60,1,1,1,3,12,,,,,2,
HH000005,HH000005-M02,02,Cabrera,Luis,Jr.,Aguilar,03,1,20,1,2,,,1,1,1,1,1,1,7,1,3,1,00034012,,2,2,2,2,,,,,,,,,,1,,1,2,2,
HH000005,HH000005-M03,03,Cabrera,Daniel,,Navarro,03,1,13,1,2,,,1,1,1,1,1,1,,1,1,1,00024012,,,,2,2,,,,,,,,,,,,,,,
HH000005,HH000005-M04,04,Cabrera,Joshua,,Navarro,03,1,10,1,2,,,1,1,1,1,1,1,,1,1,1,00010015,,,,2,2,,,,,,,,,,,,,,,
HH000005,HH000005-M05,05,Cabrera,Ana,,Ramos,04,2,10,1,2,,,1,1,1,1,1,1,,1,1,1,00010015,,,,2,2,,,,,,,,,,,,,,,
HH000006,HH000006-M01,01,Rosales,Michelle,,Diaz,01,2,57,2,2,,,1,1,1,1,1,1,7,1,2,,,,2,2,1,,2,12,7,84,1,1,3,,11,,,,,2,
HH000006,HH000006-M02,02,Rosales,John,,Lopez,02,1,55,2,2,,,1,1,1,1,1,1,7,1,1,,,,2,2,2,2,,,,,,,,,,1,,1,1,2,
HH000006,HH000006-M03,03,Rosales,Ana,,Santos,04,2,10,1,2,,,1,1,1,1,1,1,,1,1,1,00010015,,,,2,2,,,,,,,,,,,,,,,
HH000006,HH000006-M04,04,Rosales,Andrea,,Diaz,04,2,6,1,,,,1,1,1,1,1,1,,1,1,1,00010011,,,,2,2,,,,,,,,,,,,,,,
HH000006,HH000006-M05,05,Rosales,Rafael,,Fernandez,03,1,1,1,,,,,,,,,,,,,,,,,,,,,,,,,,,,,,,,,,
HH000006,HH000006-M06,06,Rosales,Vincent,,Mendoza,03,1,0,1,,,,,,,,,,,,,,,,,,,,,,,,,,,,,,,,,,
HH000007,HH000007-M01,01,Corpuz,Paolo,,Garcia,01,1,73,2,2,,1,3,1,2,1,1,1,7,1,3,,,,2,2,2,2,,,,,,,,,,1,,1,1,2,
HH000007,HH000007-M02,02,Corpuz,Grace,,Aquino,02,2,72,2,2,,2,1,1,2,1,1,1,7,1,1,,,,2,2,1,,1,8,5,41,1,2,1,1,,,,,,2,
HH000008,HH000008-M01,01,Aguilar,Christian,,Valdez,01,1,80,4,2,,2,1,1,1,1,1,1,7,1,2,,,,2,2,2,2,,,,,,,,,,2,07,,,2,
HH000009,HH000009-M01,01,Flores,Rommel,,Castillo,01,1,34,2,2,,,1,1,1,1,1,2,7,1,5,,,,2,2,1,,1,10,7,70,2,2,5,3,11,,,,,2,
HH000009,HH000009-M02,02,Flores,Catherine,,Reyes,02,2,37,2,2,,,1,2,1,1,1,1,7,1,6,,,,1,2,1,,1,8,5,40,2,2,2,5,,,,,,2,
HH000009,HH000009-M03,03,Flores,Nicole,,Flores,04,2,12,1,2,,,1,1,1,1,1,1,,1,1,1,00024011,,,,2,2,,,,,,,,,,,,,,,
HH000009,HH000009-M04,04,Flores,Kristine,,Torres,04,2,7,1,,,,1,1,1,1,1,1,,1,1,1,00010012,,,,2,2,,,,,,,,,,,,,,,
HH000009,HH000009-M05,05,Flores,Joy,,Mendoza,04,2,6,1,,,,1,1,1,1,1,1,,1,1,1,00010011,,,,2,2,,,,,,,,,,,,,,,
HH000009,HH000009-M06,06,Flores,Joshua,Jr.,Garcia,03,1,5,1,,,,1,1,1,1,1,1,,2,0,1,00002000,,,,2,2,,,,,,,,,,,,,,,
HH000009,HH000009-M07,07,Flores,Kristine,,Navarro,12,2,61,2,2,,1,1,1,2,1,1,1,7,1,4,,,,2,2,2,2,,,,,,,,,,2,03,2,2,2,
HH000009,HH000009-M08,08,Flores,Miguel,,Castillo,11,1,61,4,2,,1,2,1,2,1,1,1,7,1,6,,,,1,2,2,2,,,,,,,,,,2,03,2,1,2,
HH000010,HH000010-M01,01,Fernandez,Nathan,III,Garcia,01,1,38,2,2,,,1,1,1,1,1,1,7,1,6,,,,1,2,1,,2,10,5,49,2,2,0,3,11,,,,,2,
HH000010,HH000010-M02,02,Fernandez,Patricia,,Rivera,02,2,39,2,2,,,1,1,1,1,1,1,7,1,5,,,,2,2,1,,1,7,6,43,2,2,1,4,,,,,,2,
HH000010,HH000010-M03,03,Fernandez,Rafael,,Rivera,03,1,17,1,2,,,1,1,1,2,1,1,7,2,2,1,00034012,,2,2,2,2,,,,,,,,,,2,09,,,2,
HH000010,HH000010-M04,04,Fernandez,Grace,,Aquino,04,2,6,1,,,,1,1,1,1,1,1,,2,1,1,00010011,,,,2,2,,,,,,,,,,,,,,,
HH000010,HH000010-M05,05,Fernandez,Bea,,Valdez,04,2,4,1,,,,,,,,,,,,,1,00001000,,,,,,,,,,,,,,,,,,,,
HH000010,HH000010-M06,06,Fernandez,Grace,,Cruz,12,2,81,2,2,,1,2,1,1,1,1,1,7,1,2,,,,2,2,2,2,,,,,,,,,,1,,1,1,2,
HH000010,HH000010-M07,07,Fernandez,Ana,,Aguilar,12,2,64,6,2,,1,3,1,2,3,1,1,7,1,3,,,,2,2,1,,1,8,5,40,2,2,5,5,,,,,,1,2
HH000011,HH000011-M01,01,Ramos,Rose,,Navarro,01,2,35,2,2,,,1,1,1,1,1,1,1,1,6,,,,1,2,,,,,,,,,,,,,,,,,
HH000011,HH000011-M02,02,Ramos,Luis,,Torres,02,1,31,2,2,,,1,1,1,1,1,1,7,1,6,,,,2,2,1,,2,6,5,28,2,2,1,1,28,,,,,2,
HH000011,HH000011-M03,03,Ramos,Vincent,,Flores,03,1,17,1,2,,,1,1,1,1,1,1,1,1,3,1,00034012,,2,2,,,,,,,,,,,,,,,,,
HH000011,HH000011-M04,04,Ramos,Jerome,Jr.,Soriano,03,1,10,1,2,,,1,2,1,1,1,1,,1,1,1,00010015,,,,2,2,,,,,,,,,,,,,,,
HH000011,HH000011-M05,05,Ramos,Luis,,Soriano,03,1,2,1,,,,,,,,,,,,,,,,,,,,,,,,,,,,,,,,,,
HH000012,HH000012-M01,01,Domingo,Jose,,Domingo,01,1,41,6,1,2,,1,2,1,1,1,1,7,1,6,,,,2,2,1,,1,10,5,50,2,2,0,3,11,,,,,2,
HH000012,HH000012-M02,02,Domingo,Nathan,,Flores,03,1,11,1,2,,,1,1,1,1,1,1,,1,1,1,00010016,,,,2,2,,,,,,,,,,,,,,,
HH000012,HH000012-M03,03,Domingo,Vincent,,Domingo,03,1,6,1,,,,1,1,1,1,1,1,,1,1,1,00010011,,,,2,2,,,,,,,,,,,,,,,
HH000013,HH000013-M01,01,Rivera,Marco,,Flores,01,1,30,2,2,,,1,1,1,1,1,2,7,1,3,,,,2,2,1,,2,12,5,61,2,2,1,4,12,,,,,2,
HH000013,HH000013-M02,02,Rivera,Ana,,Santos,02,2,30,2,2,,,1,1,2,1,1,1,7,1,4,,,,2,2,1,,3,12,2,22,1,2,2,3,28,,,,,2,
HH000013,HH000013-M03,03,Rivera,Vincent,,Reyes,03,1,0,1,,,,,,,,,,,,,,,,,,,,,,,,,,,,,,,,,,
HH000014,HH000014-M01,01,Ramos,Daniel,III,Lopez,01,1,30,2,2,,,1,1,1,1,1,1,7,1,7,,,,2,2,1,,3,8,3,26,2,2,1,5,28,,,,,1,2
HH000014,HH000014-M02,02,Ramos,Nicole,,Valdez,02,2,33,2,2,,,1,1,1,2,1,1,7,1,3,,,,2,2,1,,1,8,7,55,2,2,3,,12,,,,,2,
HH000014,HH000014-M03,03,Ramos,Lance,Jr.,Flores,03,1,13,1,2,,,1,1,1,1,1,1,,1,1,1,00024012,,,,2,2,,,,,,,,,,,,,,,
HH000014,HH000014-M04,04,Ramos,Ella,,Fernandez,04,2,12,1,2,,,1,1,1,1,1,1,,1,1,1,00024011,,,,2,2,,,,,,,,,,,,,,,
HH000014,HH000014-M05,05,Ramos,Michelle,,Valdez,04,2,9,1,,,,1,1,2,1,1,1,,1,1,1,00010014,,,,2,2,,,,,,,,,,,,,,,
HH000014,HH000014-M06,06,Ramos,Karen,,Valdez,04,2,4,1,,,,,,,,,,,,,2,,06,,,,,,,,,,,,,,,,,,,
HH000015,HH000015-M01,01,Abad,Jose,,Garcia,01,1,43,2,2,,,1,1,2,1,1,1,7,1,6,,,,2,2,1,,1,5,4,20,1,2,1,4,29,,,,,2,
HH000015,HH000015-M02,02,Abad,Andrea,,Navarro,02,2,45,2,2,,,1,1,1,1,1,1,7,1,1,,,,2,2,1,,1,10,7,68,2,2,1,7,99,,,,,2,
HH000015,HH000015-M03,03,Abad,Rose,,Aguilar,04,2,15,1,2,,,1,1,1,1,1,1,7,1,1,1,00024014,,2,2,2,2,,,,,,,,,,2,99,,,1,1
HH000015,HH000015-M04,04,Abad,Kristine,,Rivera,04,2,11,1,2,,,1,1,1,1,1,1,,1,1,1,00010016,,,,2,2,,,,,,,,,,,,,,,
HH000015,HH000015-M05,05,Abad,Camille,,Soriano,23,2,57,6,2,,,2,1,1,1,1,1,7,1,1,,,,2,2,1,,3,8,7,56,2,2,1,4,14,,,,,2,
HH000015,HH000015-M06,06,Abad,Mae,,Aguilar,12,2,61,4,2,,1,1,1,1,1,1,2,7,1,6,,,,2,2,1,,2,6,6,36,1,1,1,1,29,,,,,2,
HH000016,HH000016-M01,01,Abad,Juan,,Flores,01,1,35,5,1,1,,1,1,2,1,1,1,1,1,6,,,,2,2,,,,,,,,,,,,,,,,,
HH000016,HH000016-M02,02,Abad,Liza,,Ramos,04,2,18,1,2,,,1,1,1,1,1,1,7,1,3,2,,09,2,2,1,,3,10,6,58,2,2,1,4,11,,,,,2,
HH000016,HH000016-M03,03,Abad,Nathan,,Cruz,03,1,17,1,2,,,1,1,1,1,1,1,7,1,3,1,00034012,,2,2,2,2,,,,,,,,,,2,09,,,2,
HH000016,HH000016-M04,04,Abad,Joshua,Jr.,Garcia,03,1,14,1,2,,,1,1,1,1,1,1,,1,2,1,00024014,,,,2,2,,,,,,,,,,,,,,,
HH000016,HH000016-M05,05,Abad,Vincent,,Soriano,03,1,0,1,,,,,,,,,,,,,,,,,,,,,,,,,,,,,,,,,,
HH000017,HH000017-M01,01,Aguilar,Rose,,Diaz,01,2,56,2,2,,,1,1,1,1,1,1,7,1,3,,,,2,2,2,2,,,,,,,,,,1,,2,2,2,
HH000017,HH000017-M02,02,Aguilar,Joshua,,Reyes,02,1,52,2,2,,,1,1,2,1,1,3,7,1,6,,,,2,2,2,3,,,,,,,,,,1,,1,1,1,2
HH000018,HH000018-M01,01,Cabrera,Miguel,,Rivera,01,1,55,2,2,,,1,1,1,1,1,1,7,1,3,,,,2,2,2,1,2,12,0,0,2,2,1,6,12,,,,,2,
HH000018,HH000018-M02,02,Cabrera,Karen,,Castillo,02,2,52,2,2,,,1,1,1,1,1,1,7,1,2,,,,2,2,1,,1,9,5,45,1,2,1,1,,,,,,2,
HH000018,HH000018-M03,03,Cabrera,Miguel,Jr.,Navarro,03,1,19,1,2,,,1,1,1,1,1,1,7,1,6,1,00034012,,2,2,2,2,,,,,,,,,,2,09,,,1,1
HH000019,HH000019-M01,01,De Vera,Angelo,III,Rivera,01,1,44,2,2,,,1,1,1,1,1,1,7,1,2,,,,2,2,2,1,1,9,0,0,2,2,3,,11,,,,,2,
HH000019,HH000019-M02,02,De Vera,Sophia,,Aquino,02,2,39,2,2,,,1,1,3,1,1,1,7,1,6,,,,2,2,1,,1,8,6,47,2,2,2,3,,,,,,2,
HH000020,HH000020-M01,01,Reyes,Rose,,Aguilar,01,2,37,2,2,,,1,1,1,1,1,1,7,1,1,,,,2,2,1,,1,8,5,40,1,1,1,4,,,,,,2,
HH000020,HH000020-M02,02,Reyes,Paolo,,Rivera,02,1,39,2,2,,,1,1,2,1,2,2,7,1,6,,,,2,2,1,,2,6,7,42,1,2,5,4,,,,,,2,
HH000021,HH000021-M01,01,Fernandez,Marco,,Mendoza,01,1,27,2,2,,,1,1,1,1,1,1,7,1,3,,,,2,2,1,,1,8,5,40,2,2,6,,,,,,,2,
HH000022,HH000022-M01,01,Cabrera,Rommel,,Flores,01,1,34,2,2,,,1,1,1,1,1,1,7,1,6,,,,2,2,1,,3,8,2,18,2,2,1,4,30,,,,,2,
HH000022,HH000022-M02,02,Cabrera,Angela,,Fernandez,02,2,34,2,2,,,1,1,3,1,1,1,7,1,4,,,,1,2,2,2,,,,,,,,,,2,04,2,2,2,
HH000022,HH000022-M03,03,Cabrera,Joy,,Torres,04,2,17,1,2,,,1,1,1,1,1,1,7,1,3,1,00034012,,2,2,2,2,,,,,,,,,,2,09,,,2,
HH000022,HH000022-M04,04,Cabrera,Mae,,Flores,04,2,15,1,2,,,1,1,1,1,1,1,7,1,2,1,00024014,,2,2,2,2,,,,,,,,,,2,01,1,1,2,
HH000022,HH000022-M05,05,Cabrera,Ana,,Santos,04,2,11,1,2,,,1,1,1,1,1,1,,1,1,1,00010015,,,,2,2,,,,,,,,,,,,,,,
HH000022,HH000022-M06,06,Cabrera,Ana,,Aguilar,04,2,3,1,,,,,,,,,,,,,1,00002000,,,,,,,,,,,,,,,,,,,,
HH000022,HH000022-M07,07,Cabrera,Jerome,,Domingo,03,1,0,1,,,,,,,,,,,,,,,,,,,,,,,,,,,,,,,,,,
HH000023,HH000023-M01,01,Soriano,Carlo,,Valdez,01,1,28,2,2,,,1,1,1,1,1,1,7,1,3,,,,2,2,1,,2,8,5,39,1,1,1,3,28,,,,,2,
HH000023,HH000023-M02,02,Soriano,Liza,,Rivera,02,2,33,2,2,,,1,1,2,1,1,1,7,1,4,,,,2,2,1,,3,10,4,40,2,2,1,1,,,,,,2,
HH000023,HH000023-M03,03,Soriano,Joy,,Torres,04,2,9,1,,,,1,1,1,1,1,1,,1,1,1,00010014,,,,2,2,,,,,,,,,,,,,,,
HH000023,HH000023-M04,04,Soriano,Daniel,Jr.,Cruz,03,1,9,1,,,,1,1,1,1,1,1,,1,1,1,00010014,,,,2,2,,,,,,,,,,,,,,,
HH000023,HH000023-M05,05,Soriano,Ana,,Bautista,04,2,8,1,,,,1,1,1,1,1,1,,1,1,1,00010014,,,,2,2,,,,,,,,,,,,,,,
HH000023,HH000023-M06,06,Soriano,Camille,,Rivera,04,2,6,1,,,,1,1,1,1,1,1,,2,0,1,00010011,,,,2,2,,,,,,,,,,,,,,,
HH000023,HH000023-M07,07,Soriano,Luis,,Garcia,03,1,4,1,,,,,,,,,,,,,2,,12,,,,,,,,,,,,,,,,,,,
HH000024,HH000024-M01,01,Flores,Rommel,Jr.,Diaz,01,1,33,2,2,,,3,1,1,1,1,3,7,1,6,,,,2,2,1,,3,8,6,50,2,2,3,,11,,,,,2,
HH000024,HH000024-M02,02,Flores,Karen,,Aguilar,02,2,27,2,2,,,1,1,1,1,1,1,7,1,3,,,,2,2,1,,1,12,4,46,2,2,6,,,,,,,2,
HH000024,HH000024-M03,03,Flores,Marco,,Castillo,03,1,16,1,2,,,1,1,1,1,1,1,7,1,2,1,00034011,,2,2,2,2,,,,,,,,,,1,,1,1,2,
HH000024,HH000024-M04,04,Flores,Noel,,Rivera,03,1,15,1,2,,,1,1,1,1,1,1,7,1,2,1,00024014,,2,2,2,2,,,,,,,,,,1,,1,1,1,1
HH000024,HH000024-M05,05,Flores,Ana,,Lopez,04,2,6,1,,,,1,1,1,1,1,1,,2,0,1,00010011,,,,2,2,,,,,,,,,,,,,,,
HH000024,HH000024-M06,06,Flores,Miguel,,Soriano,03,1,6,1,,,,1,3,1,1,1,1,,1,0,1,00010011,,,,2,2,,,,,,,,,,,,,,,
HH000025,HH000025-M01,01,Rosales,Jerome,Jr.,Rivera,01,1,45,2,2,,,1,1,1,1,1,1,7,1,2,,,,2,2,1,,1,8,6,50,2,2,0,4,11,,,,,1,1
HH000025,HH000025-M02,02,Rosales,Kristine,,Soriano,02,2,47,2,2,,,1,1,1,1,1,1,7,1,6,,,,2,2,1,,2,10,7,69,2,2,1,4,12,,,,,2,
HH000025,HH000025-M03,03,Rosales,Leah,,Diaz,04,2,24,6,2,,,1,2,1,1,1,1,7,1,6,1,00034012,,2,1,2,2,,,,,,,,,,2,99,,,2,
HH000025,HH000025-M04,04,Rosales,Joshua,Jr.,Flores,03,1,19,1,2,,,2,1,1,1,1,1,7,1,4,1,00034012,,2,2,1,,1,5,5,26,1,1,3,,24,,,,,2,
HH000025,HH000025-M05,05,Rosales,Catherine,,Santos,04,2,0,1,,,,,,,,,,,,,,,,,,,,,,,,,,,,,,,,,,
HH000025,HH000025-M06,06,Rosales,Miguel,,Valdez,23,1,21,1,2,,,1,1,3,2,1,1,7,1,3,1,00034012,,2,2,2,2,,,,,,,,,,1,,1,1,2,
HH000025,HH000025-M07,07,Rosales,Catherine,,Ramos,16,2,43,6,2,,,1,1,1,1,1,1,1,1,1,,,,2,2,,,,,,,,,,,,,,,,,
HH000026,HH000026-M01,01,Bernal,Leah,,Cruz,01,2,26,2,2,,,1,1,2,1,1,1,2,1,3,,,,2,2,,,,,,,,,,,,,,,,,
HH000026,HH000026-M02,02,Bernal,Angelo,,Santos,02,1,24,2,2,,,1,1,1,1,1,1,7,1,6,1,00034012,,2,2,1,,1,9,5,44,2,2,1,1,,,,,,1,1
HH000026,HH000026-M03,03,Bernal,Grace,,Aguilar,04,2,6,1,,,,1,2,1,1,1,1,,1,0,1,00010011,,,,2,2,,,,,,,,,,,,,,,
HH000026,HH000026-M04,04,Bernal,Joan,,Garcia,04,2,1,1,,,,,,,,,,,,,,,,,,,,,,,,,,,,,,,,,,
HH000026,HH000026-M05,05,Bernal,Paolo,Jr.,Flores,03,1,0,1,,,,,,,,,,,,,,,,,,,,,,,,,,,,,,,,,,
HH000027,HH000027-M01,01,Cabrera,Liza,,Bautista,01,2,52,6,1,1,,2,1,3,1,1,2,7,1,5,,,,2,2,1,,2,4,2,8,1,2,4,,22,,,,,2,
HH000027,HH000027-M02,02,Cabrera,Ana,,Reyes,04,2,15,3,2,,,1,1,1,1,1,1,7,1,2,1,00024014,,2,2,2,2,,,,,,,,,,1,,1,1,1,1
HH000027,HH000027-M03,03,Cabrera,Ella,,Fernandez,04,2,9,1,,,,1,1,2,1,1,1,,1,1,1,00010014,,,,2,2,,,,,,,,,,,,,,,
HH000028,HH000028-M01,01,Flores,Lance,,Castillo,01,1,38,2,2,,,1,1,1,1,2,1,7,1,2,,,,2,2,1,,3,8,4,33,1,2,1,3,22,,,,,2,
HH000028,HH000028-M02,02,Flores,Mae,,Soriano,02,2,39,2,2,,,1,1,1,1,1,1,7,1,6,,,,2,2,1,,2,8,3,24,1,1,1,4,20,,,,,2,
HH000028,HH000028-M03,03,Flores,Mark,,Santos,03,1,7,1,,,,1,1,1,1,1,1,,1,1,1,00010012,,,,2,2,,,,,,,,,,,,,,,
HH000028,HH000028-M04,04,Flores,Luis,,Navarro,03,1,4,1,,,,,,,,,,,,,1,00001000,,,,,,,,,,,,,,,,,,,,
HH000028,HH000028-M05,05,Flores,Juan,,Domingo,15,1,34,2,2,,,1,1,1,1,1,1,7,1,3,,,,2,2,2,2,,,,,,,,,,2,04,2,1,2,
HH000028,HH000028-M06,06,Flores,Nicole,,Navarro,16,2,48,4,2,,,1,1,2,1,1,1,7,1,2,,,,2,2,2,2,,,,,,,,,,1,,2,1,2,
HH000029,HH000029-M01,01,Domingo,Marco,,Reyes,01,1,26,2,2,,,1,1,1,1,1,1,7,1,3,,,,2,2,1,,2,8,4,33,2,2,1,4,23,,,,,2,
HH000029,HH000029-M02,02,Domingo,Catherine,,Flores,02,2,20,2,2,,,1,1,1,1,1,1,7,1,3,2,,06,2,2,2,2,,,,,,,,,,2,09,,,1,2
HH000029,HH000029-M03,03,Domingo,Bea,,Cruz,04,2,7,1,,,,1,1,1,1,1,1,,1,1,1,00010012,,,,2,2,,,,,,,,,,,,,,,
HH000029,HH000029-M04,04,Domingo,Christian,,Mendoza,03,1,5,1,,,,3,1,1,1,1,1,,1,0,1,00002000,,,,2,2,,,,,,,,,,,,,,,
HH000029,HH000029-M05,05,Domingo,Liza,,Torres,04,2,3,1,,,,,,,,,,,,,2,,12,,,,,,,,,,,,,,,,,,,
HH000029,HH000029-M06,06,Domingo,Ella,,Reyes,04,2,0,1,,,,,,,,,,,,,,,,,,,,,,,,,,,,,,,,,,
HH000029,HH000029-M07,07,Domingo,Nicole,,Cruz,23,2,66,4,2,,1,1,1,1,1,1,1,7,1,2,,,,2,2,2,1,1,8,0,0,2,2,1,7,30,,,,,1,1
HH000030,HH000030-M01,01,Navarro,Angelo,,Castillo,01,1,43,2,2,,,1,1,1,1,1,1,7,1,6,,,,2,2,1,,1,4,6,25,2,2,1,2,22,,,,,2,
HH000030,HH000030-M02,02,Navarro,Maria,,Reyes,02,2,37,2,2,,,1,1,1,1,1,1,7,1,6,,,,2,2,2,2,,,,,,,,,,1,,1,2,2,
HH000030,HH000030-M03,03,Navarro,Leah,,Aquino,04,2,19,1,2,,,1,1,1,1,1,1,7,1,3,1,00034012,,2,2,2,2,,,,,,,,,,1,,1,1,1,1
HH000030,HH000030-M04,04,Navarro,Grace,,Reyes,04,2,6,1,,,,1,1,1,1,1,1,,1,1,1,00010012,,,,2,2,,,,,,,,,,,,,,,
HH000031,HH000031-M01,01,Aguilar,Rommel,,Santos,01,1,82,6,2,,1,3,1,2,1,1,1,7,1,3,,,,1,2,2,3,,,,,,,,,,1,,1,2,2,
HH000032,HH000032-M01,01,Castro,Rafael,,Navarro,01,1,26,2,2,,,1,1,1,1,1,1,7,1,6,,,,2,2,1,,3,8,5,40,2,2,1,7,,,,,,2,
HH000032,HH000032-M02,02,Castro,Angela,,Flores,02,2,31,2,2,,,1,1,1,1,1,1,7,1,6,,,,2,2,1,,3,6,6,35,1,1,3,,23,,,,,2,
HH000032,HH000032-M03,03,Castro,John,,Rivera,03,1,7,1,,,,1,1,1,1,1,1,,1,1,1,00010012,,,,2,2,,,,,,,,,,,,,,,
HH000032,HH000032-M04,04,Castro,Juan,,Bautista,03,1,5,1,,,,1,1,1,1,1,1,,1,0,1,00002000,,,,2,2,,,,,,,,,,,,,,,
HH000032,HH000032-M05,05,Castro,Lance,,Mendoza,03,1,4,1,,,,,,,,,,,,,1,00002000,,,,,,,,,,,,,,,,,,,,
HH000033,HH000033-M01,01,Corpuz,Patricia,,Domingo,01,2,25,6,1,2,,1,1,1,1,2,1,7,2,3,,,,2,2,1,,3,8,5,38,1,2,0,3,99,,,,,2,
HH000033,HH000033-M02,02,Corpuz,Rose,,Torres,04,2,3,1,,,,,,,,,,,,,2,,12,,,,,,,,,,,,,,,,,,,
HH000033,HH000033-M03,03,Corpuz,Miguel,Jr.,Ramos,03,1,0,1,,,,,,,,,,,,,,,,,,,,,,,,,,,,,,,,,,
HH000034,HH000034-M01,01,Aquino,Joshua,,Valdez,01,1,25,2,2,,,1,1,1,1,1,1,7,1,6,,,,2,2,2,2,,,,,,,,,,1,,2,2,2,
HH000034,HH000034-M02,02,Aquino,Nicole,,Rivera,02,2,20,2,2,,,1,1,3,1,1,1,7,1,6,1,00034012,,2,2,1,,2,8,4,30,2,2,5,3,30,,,,,2,
HH000034,HH000034-M03,03,Aquino,Jasmine,,Santos,04,2,5,1,,,,1,1,1,1,1,1,,1,1,1,00002000,,,,2,2,,,,,,,,,,,,,,,
HH000034,HH000034-M04,04,Aquino,Nicole,,Cruz,04,2,3,1,,,,,,,,,,,,,1,00001000,,,,,,,,,,,,,,,,,,,,
HH000035,HH000035-M01,01,Reyes,Ana,,Fernandez,01,2,41,2,2,,,1,1,1,1,1,1,7,1,3,,,,2,2,1,,2,10,5,49,1,2,1,3,13,,,,,2,
HH000035,HH000035-M02,02,Reyes,Lance,,Soriano,02,1,44,2,2,,,1,3,1,1,1,1,7,1,4,,,,2,2,2,2,,,,,,,,,,2,10,,,1,2
HH000035,HH000035-M03,03,Reyes,Maria,,Rivera,04,2,19,1,2,,,2,1,1,1,1,1,7,1,6,1,00034012,,2,2,2,2,,,,,,,,,,2,09,,,2,
HH000035,HH000035-M04,04,Reyes,Michelle,,Reyes,16,2,35,2,2,,,1,1,2,1,1,2,7,1,4,,,,2,2,1,,1,8,5,42,2,2,3,,,,,,,2,
HH000035,HH000035-M05,05,Reyes,Patricia,,Aquino,16,2,30,1,2,,,1,1,1,1,1,1,7,1,3,,,,2,2,1,,3,8,5,38,1,1,2,3,23,,,,,2,
HH000036,HH000036-M01,01,Flores,Daniel,Jr.,Ramos,01,1,33,2,2,,,1,1,1,1,1,2,7,1,6,,,,2,2,1,,2,6,6,37,2,2,0,1,29,,,,,2,
HH000036,HH000036-M02,02,Flores,Grace,,Reyes,02,2,33,2,2,,,1,1,1,1,1,1,7,1,2,,,,2,2,1,,1,7,5,35,1,2,1,3,20,,,,,2,
HH000036,HH000036-M03,03,Flores,Rommel,Jr.,Mendoza,03,1,11,1,2,,,1,1,3,1,1,1,,1,1,1,00024011,,,,2,2,,,,,,,,,,,,,,,
HH000036,HH000036-M04,04,Flores,Maria,,Garcia,04,2,5,1,,,,1,1,1,1,1,1,,2,0,1,00002000,,,,2,2,,,,,,,,,,,,,,,
HH000036,HH000036-M05,05,Flores,Rose,,Domingo,12,2,69,2,2,,1,1,1,1,1,1,2,7,1,1,,,,2,2,1,,1,6,4,24,2,2,1,3,28,,,,,1,1
HH000036,HH000036-M06,06,Flores,Joy,,Cruz,16,2,37,2,2,,,1,1,1,1,1,1,7,1,6,,,,2,2,1,,2,8,6,48,1,2,1,3,,,,,,2,
HH000036,HH000036-M07,07,Flores,Rose,,Bautista,12,2,78,2,2,,1,1,1,3,1,2,2,7,1,1,,,,2,2,2,2,,,,,,,,,,2,01,1,1,2,
HH000037,HH000037-M01,01,Corpuz,Maria,,Aquino,01,2,48,2,2,,,1,1,1,1,1,1,7,1,6,,,,2,2,1,,1,8,6,48,2,2,1,1,,,,,,2,
HH000037,HH000037-M02,02,Corpuz,Hanson,,Castillo,02,1,47,2,2,,,2,1,1,3,1,1,7,1,6,,,,2,2,1,,1,12,5,59,2,2,2,4,12,,,,,2,
HH000037,HH000037-M03,03,Corpuz,Joy,,Ramos,04,2,24,2,2,,,1,1,1,1,1,1,7,1,3,2,,02,2,2,2,2,,,,,,,,,,1,,2,2,2,
HH000037,HH000037-M04,04,Corpuz,Andrea,,Aguilar,04,2,10,1,2,,,1,1,1,1,1,1,,1,1,1,00010015,,,,2,2,,,,,,,,,,,,,,,
HH000037,HH000037-M05,05,Corpuz,Mark,,Reyes,03,1,2,1,,,,,,,,,,,,,,,,,,,,,,,,,,,,,,,,,,
HH000038,HH000038-M01,01,Abad,Vincent,,Soriano,01,1,34,2,2,,,1,1,2,1,1,1,7,1,6,,,,2,2,1,,1,8,4,32,1,2,1,3,28,,,,,2,
HH000038,HH000038-M02,02,Abad,Maria,,Soriano,02,2,30,2,2,,,1,1,1,1,1,1,7,1,6,,,,1,2,2,3,,,,,,,,,,1,,1,1,2,
HH000039,HH000039-M01,01,Rivera,Jose,Jr.,Cruz,01,1,47,2,2,,,1,1,1,1,1,1,7,1,2,,,,2,2,1,,1,10,6,58,2,2,1,2,11,,,,,1,1
HH000039,HH000039-M02,02,Rivera,Kristine,,Santos,02,2,52,2,2,,,1,2,1,1,1,1,7,1,6,,,,2,2,1,,3,7,3,21,2,2,3,,28,,,,,2,
HH000039,HH000039-M03,03,Rivera,Vincent,Jr.,Diaz,03,1,23,1,2,,,1,2,1,1,1,1,7,1,6,2,,06,2,2,2,1,2,8,0,0,2,2,1,3,28,,,,,2,
HH000040,HH000040-M01,01,Mendoza,Karen,,Valdez,01,2,28,2,2,,,1,1,1,1,1,1,1,1,6,,,,1,2,,,,,,,,,,,,,,,,,
HH000040,HH000040-M02,02,Mendoza,Miguel,,Mendoza,02,1,22,2,2,,,1,1,1,1,1,1,7,1,3,2,,09,2,2,1,,2,8,5,41,2,2,1,4,,,,,,2,
HH000040,HH000040-M03,03,Mendoza,Luis,,Fernandez,03,1,5,1,,,,1,1,1,1,1,1,,2,1,1,00010011,,,,2,2,,,,,,,,,,,,,,,
HH000041,HH000041-M01,01,Castro,Noel,,Castillo,01,1,35,2,2,,,2,1,1,1,1,1,7,1,1,,,,2,2,1,,2,10,6,62,2,2,5,7,12,,,,,2,
HH000041,HH000041-M02,02,Castro,Catherine,,Soriano,02,2,34,2,2,,,1,1,1,1,1,1,7,1,1,,,,2,2,1,,1,10,2,20,2,2,6,,28,,,,,1,1
HH000041,HH000041-M03,03,Castro,Noel,,Aguilar,03,1,15,1,2,,,1,1,1,1,1,1,7,1,2,1,00024014,,2,2,2,2,,,,,,,,,,2,09,,,2,
HH000041,HH000041-M04,04,Castro,Rose,,Santos,04,2,13,3,2,,,1,1,1,1,1,1,,1,1,1,00024012,,,,2,3,,,,,,,,,,,,,,,
HH000041,HH000041-M05,05,Castro,Angelo,,Soriano,03,1,13,1,2,,,1,1,1,1,1,1,,1,2,1,00024012,,,,2,2,,,,,,,,,,,,,,,
HH000041,HH000041-M06,06,Castro,Sophia,,Mendoza,04,2,13,1,2,,,1,1,1,1,1,1,,1,2,1,00024012,,,,2,2,,,,,,,,,,,,,,,
HH000041,HH000041-M07,07,Castro,Karen,,Flores,12,2,76,2,2,,1,3,1,3,1,3,1,7,1,1,,,,2,2,2,2,,,,,,,,,,2,99,,,2,
HH000041,HH000041-M08,08,Castro,Leah,,Reyes,12,2,64,2,2,,1,1,1,1,1,1,1,7,1,2,,,,2,2,1,,1,8,7,56,2,2,0,3,12,,,,,2,
HH000042,HH000042-M01,01,Mendoza,Rommel,III,Mendoza,01,1,53,2,2,,,1,1,1,1,1,1,7,1,2,,,,2,2,2,2,,,,,,,,,,2,04,1,2,2,
HH000042,HH000042-M02,02,Mendoza,Maria,,Navarro,02,2,55,2,2,,,1,1,1,1,1,1,7,2,3,,,,2,2,2,3,,,,,,,,,,1,,2,1,2,
HH000043,HH000043-M01,01,Domingo,Maria,,Castillo,01,2,26,2,2,,,1,1,1,1,1,1,7,1,2,,,,2,2,1,,2,7,5,35,2,2,1,2,24,,,,,2,
HH000043,HH000043-M02,02,Domingo,Gabriel,,Navarro,02,1,26,2,2,,,1,1,1,1,1,1,7,1,6,,,,2,2,1,,1,5,5,24,2,2,3,,28,,,,,1,1
HH000043,HH000043-M03,03,Domingo,Hanson,Jr.,Cruz,03,1,6,1,,,,1,1,1,1,1,1,,1,0,1,00010011,,,,2,2,,,,,,,,,,,,,,,
HH000043,HH000043-M04,04,Domingo,Mark,,Navarro,03,1,2,1,,,,,,,,,,,,,,,,,,,,,,,,,,,,,,,,,,
HH000043,HH000043-M05,05,Domingo,Bea,,Santos,04,2,2,1,,,,,,,,,,,,,,,,,,,,,,,,,,,,,,,,,,
HH000043,HH000043-M06,06,Domingo,Vincent,Jr.,Aquino,03,1,0,1,,,,,,,,,,,,,,,,,,,,,,,,,,,,,,,,,,
HH000043,HH000043-M07,07,Domingo,Mae,,Rivera,12,2,66,5,2,,1,1,1,1,1,2,1,7,1,3,,,,2,2,2,2,,,,,,,,,,2,07,,,2,
HH000044,HH000044-M01,01,Rosales,Jose,,Diaz,01,1,56,2,2,,,1,1,1,1,1,1,7,1,4,,,,2,2,1,,2,8,6,50,2,2,3,,11,,,,,2,
HH000044,HH000044-M02,02,Rosales,Joan,,Santos,02,2,59,2,2,,,1,1,1,1,1,1,7,1,2,,,,2,2,2,2,,,,,,,,,,1,,1,1,2,
HH000044,HH000044-M03,03,Rosales,Bea,,Fernandez,04,2,18,2,2,,,1,1,1,1,1,1,7,1,2,2,,08,2,2,1,,1,7,5,35,2,2,3,,20,,,,,2,
HH000044,HH000044-M04,04,Rosales,Rafael,,Aguilar,03,1,2,1,,,,,,,,,,,,,,,,,,,,,,,,,,,,,,,,,,
HH000045,HH000045-M01,01,Cabrera,Rafael,Jr.,Garcia,01,1,37,2,2,,,1,1,1,1,1,1,7,1,6,,,,2,2,1,,1,8,6,49,2,2,3,,11,,,,,1,1
HH000045,HH000045-M02,02,Cabrera,Liza,,Castillo,02,2,38,2,2,,,1,1,1,1,1,1,7,1,6,,,,2,2,1,,2,8,6,46,2,2,3,,,,,,,1,1
HH000045,HH000045-M03,03,Cabrera,Patricia,,Reyes,04,2,3,1,,,,,,,,,,,,,1,00001000,,,,,,,,,,,,,,,,,,,,
HH000045,HH000045-M04,04,Cabrera,Grace,,Valdez,04,2,2,1,,,,,,,,,,,,,,,,,,,,,,,,,,,,,,,,,,
HH000045,HH000045-M05,05,Cabrera,Vincent,,Aguilar,11,1,62,2,2,,1,1,1,2,1,1,1,7,1,2,,,,2,2,1,,2,8,6,48,2,2,1,4,,,,,,2,
HH000046,HH000046-M01,01,Padilla,Christian,,Ramos,01,1,25,2,2,,,1,1,1,1,1,1,7,1,6,,,,2,2,1,,1,8,5,40,2,2,3,,,,,,,2,
HH000046,HH000046-M02,02,Padilla,Mae,,Reyes,02,2,20,2,2,,,1,1,1,1,1,1,7,1,6,2,,08,2,2,1,,1,8,5,42,2,2,1,3,,,,,,2,
HH000046,HH000046-M03,03,Padilla,Jerome,,Reyes,03,1,4,1,,,,,,,,,,,,,1,00002000,,,,,,,,,,,,,,,,,,,,
HH000046,HH000046-M04,04,Padilla,Luis,Jr.,Flores,03,1,3,1,,,,,,,,,,,,,2,,14,,,,,,,,,,,,,,,,,,,
HH000046,HH000046-M05,05,Padilla,Joan,,Reyes,04,2,2,1,,,,,,,,,,,,,,,,,,,,,,,,,,,,,,,,,,
HH000046,HH000046-M06,06,Padilla,Camille,,Bautista,04,2,2,1,,,,,,,,,,,,,,,,,,,,,,,,,,,,,,,,,,
HH000046,HH000046-M07,07,Padilla,Joy,,Fernandez,04,2,0,1,,,,,,,,,,,,,,,,,,,,,,,,,,,,,,,,,,
HH000047,HH000047-M01,01,Fernandez,Daniel,,Rivera,01,1,37,2,2,,,2,1,2,2,1,2,7,1,5,,,,1,2,2,2,,,,,,,,,,2,10,,,2,
HH000047,HH000047-M02,02,Fernandez,Maria,,Rivera,02,2,35,2,2,,,3,1,1,1,1,1,7,1,6,,,,2,2,1,,3,8,7,56,2,2,1,4,12,,,,,2,
HH000047,HH000047-M03,03,Fernandez,Angela,,Mendoza,04,2,11,1,2,,,1,1,1,1,1,1,,1,1,1,00010015,,,,2,2,,,,,,,,,,,,,,,
HH000047,HH000047-M04,04,Fernandez,Michelle,,Soriano,04,2,9,1,,,,1,1,1,1,1,1,,1,1,1,00010014,,,,2,2,,,,,,,,,,,,,,,
HH000048,HH000048-M01,01,Rosales,Grace,,Fernandez,01,2,50,2,2,,,1,1,1,1,1,1,7,1,6,,,,2,2,1,,1,4,5,20,2,2,5,4,24,,,,,2,
HH000048,HH000048-M02,02,Rosales,Rafael,,Fernandez,02,1,54,2,2,,,1,2,1,1,1,1,7,1,6,,,,2,2,2,2,,,,,,,,,,1,,1,1,2,
HH000048,HH000048-M03,03,Rosales,Ana,,Torres,04,2,23,2,2,,,3,1,1,1,1,1,7,1,6,1,00034012,,2,2,2,2,,,,,,,,,,1,,1,1,2,
HH000048,HH000048-M04,04,Rosales,Mae,,Cruz,04,2,23,2,2,,,1,1,4,1,2,1,7,1,6,2,,99,2,2,1,,1,7,7,49,1,1,3,,12,,,,,2,
HH000048,HH000048-M05,05,Rosales,Catherine,,Aguilar,04,2,8,1,,,,1,1,1,3,1,1,,1,1,1,00010013,,,,2,2,,,,,,,,,,,,,,,
HH000048,HH000048-M06,06,Rosales,Jerome,,Aquino,03,1,5,1,,,,1,1,1,1,1,1,,2,0,1,00010011,,,,2,2,,,,,,,,,,,,,,,
HH000048,HH000048-M07,07,Rosales,Ana,,Garcia,04,2,3,1,,,,,,,,,,,,,2,,14,,,,,,,,,,,,,,,,,,,
HH000049,HH000049-M01,01,Valdez,Rafael,,Navarro,01,1,31,2,2,,,1,1,1,1,1,1,7,1,3,,,,2,2,1,,1,8,6,48,2,2,3,,,,,,,2,
HH000049,HH000049-M02,02,Valdez,Bea,,Lopez,02,2,33,2,2,,,1,1,1,1,1,1,7,1,1,,,,2,2,1,,3,10,5,52,2,2,0,4,99,,,,,2,
HH000049,HH000049-M03,03,Valdez,Mae,,Cruz,04,2,5,1,,,,1,1,1,1,1,1,,1,0,1,00010011,,,,2,2,,,,,,,,,,,,,,,
HH000049,HH000049-M04,04,Valdez,Marco,,Bautista,23,1,51,1,2,,,1,1,1,1,1,1,7,1,3,,,,2,2,1,,1,12,5,60,2,2,1,4,99,,,,,2,
HH000050,HH000050-M01,01,Reyes,Jose,III,Ramos,01,1,29,2,2,,,1,1,1,1,1,1,7,1,2,,,,2,2,1,,1,8,6,50,2,2,1,2,13,,,,,2,
HH000050,HH000050-M02,02,Reyes,Camille,,Aguilar,02,2,32,2,2,,,1,1,1,1,1,1,7,1,7,,,,1,2,1,,3,8,5,40,2,2,3,,,,,,,2,
HH000050,HH000050-M03,03,Reyes,Grace,,Valdez,04,2,12,1,2,,,1,1,1,1,1,1,,1,1,1,00024011,,,,2,2,,,,,,,,,,,,,,,
HH000050,HH000050-M04,04,Reyes,Angelo,Jr.,Santos,03,1,9,1,,,,1,1,1,1,1,1,,1,1,1,00010013,,,,2,2,,,,,,,,,,,,,,,
HH000050,HH000050-M05,05,Reyes,Mark,,Fernandez,03,1,3,1,,,,,,,,,,,,,1,00001000,,,,,,,,,,,,,,,,,,,,
HH000051,HH000051-M01,01,Santos,Noel,III,Valdez,01,1,70,2,2,,1,1,1,4,1,2,1,7,1,1,,,,1,2,1,,1,4,6,25,1,1,3,,32,,,,,2,
HH000052,HH000052-M01,01,Mendoza,Liza,,Lopez,01,2,50,2,2,,,1,1,1,1,1,1,7,1,3,,,,2,2,1,,1,8,5,40,1,2,1,2,,,,,,1,1
HH000052,HH000052-M02,02,Mendoza,Nathan,,Diaz,02,1,47,2,2,,,1,1,1,1,1,1,7,1,2,,,,2,2,1,,2,4,5,19,2,2,1,3,28,,,,,2,
HH000053,HH000053-M01,01,Soriano,Mark,,Flores,01,1,30,2,2,,,1,1,1,1,1,1,7,1,3,,,,2,2,2,2,,,,,,,,,,2,04,1,1,2,
HH000053,HH000053-M02,02,Soriano,Catherine,,Rivera,02,2,26,2,2,,,1,1,1,1,1,1,7,1,3,,,,2,2,1,,2,4,5,20,1,1,3,,99,,,,,1,1
HH000053,HH000053-M03,03,Soriano,Christian,,Flores,03,1,12,1,2,,,1,1,1,1,1,1,,1,1,1,00024011,,,,2,2,,,,,,,,,,,,,,,
HH000053,HH000053-M04,04,Soriano,John,,Rivera,03,1,9,1,,,,1,1,1,1,1,1,,1,1,1,00010014,,,,2,2,,,,,,,,,,,,,,,
HH000053,HH000053-M05,05,Soriano,Vincent,,Flores,11,1,65,4,2,,1,1,1,1,1,1,2,7,1,1,,,,1,2,1,,1,8,5,40,1,1,6,,,,,,,1,2
HH000054,HH000054-M01,01,Rosales,Rommel,,Fernandez,01,1,54,2,2,,,1,1,1,1,1,1,7,1,6,,,,2,2,2,2,,,,,,,,,,2,10,,,2,
HH000054,HH000054-M02,02,Rosales,Bea,,Diaz,02,2,57,2,2,,,1,1,1,1,1,3,7,1,2,,,,2,2,1,,1,8,6,46,2,2,3,,,,,,,2,
HH000054,HH000054-M03,03,Rosales,Angelo,,Diaz,03,1,14,1,2,,,1,1,1,1,1,1,,1,2,1,00024013,,,,2,2,,,,,,,,,,,,,,,
HH000055,HH000055-M01,01,Rivera,Ella,,Navarro,01,2,44,6,1,2,,1,1,1,1,1,1,7,1,6,,,,2,2,1,,1,7,5,34,2,2,3,,30,,,,,2,
HH000055,HH000055-M02,02,Rivera,Lance,,Reyes,03,1,15,1,2,,,1,1,3,1,1,1,7,1,2,1,00024014,,2,2,2,2,,,,,,,,,,2,09,,,2,
HH000055,HH000055-M03,03,Rivera,Karen,,Santos,04,2,2,1,,,,,,,,,,,,,,,,,,,,,,,,,,,,,,,,,,
HH000056,HH000056-M01,01,Reyes,Miguel,III,Lopez,01,1,34,2,2,,,1,1,1,1,1,1,7,1,3,,,,2,2,2,3,,,,,,,,,,1,,1,1,2,
HH000056,HH000056-M02,02,Reyes,Sophia,,Bautista,02,2,36,2,2,,,1,1,1,1,1,1,7,1,4,,,,2,2,2,2,,,,,,,,,,2,10,,,1,2
HH000056,HH000056-M03,03,Reyes,Kristine,,Bautista,04,2,10,1,2,,,1,1,1,1,1,1,,1,1,1,00010015,,,,2,2,,,,,,,,,,,,,,,
HH000056,HH000056-M04,04,Reyes,Gabriel,Jr.,Navarro,03,1,4,1,,,,,,,,,,,,,1,00002000,,,,,,,,,,,,,,,,,,,,
HH000056,HH000056-M05,05,Reyes,Hanson,,Valdez,03,1,1,1,,,,,,,,,,,,,,,,,,,,,,,,,,,,,,,,,,
HH000057,HH000057-M01,01,Ramos,Marco,,Rivera,01,1,28,2,2,,,1,1,3,1,1,1,7,1,3,,,,2,2,1,,1,6,5,28,1,1,3,,30,,,,,2,
HH000057,HH000057-M02,02,Ramos,Karen,,Flores,02,2,28,2,2,,,1,1,1,1,1,1,7,1,3,,,,2,1,1,,1,10,5,50,1,2,1,1,11,,,,,2,
HH000057,HH000057-M03,03,Ramos,Nicole,,Diaz,04,2,8,1,,,,1,1,1,1,1,1,,1,1,1,00010013,,,,2,2,,,,,,,,,,,,,,,
HH000057,HH000057-M04,04,Ramos,Rafael,,Reyes,03,1,1,1,,,,,,,,,,,,,,,,,,,,,,,,,,,,,,,,,,
HH000058,HH000058-M01,01,Aquino,Rafael,III,Torres,01,1,26,2,2,,,1,1,1,1,1,1,7,1,2,,,,2,2,2,1,3,10,0,0,2,2,1,3,11,,,,,1,1
HH000058,HH000058-M02,02,Aquino,Rose,,Aquino,02,2,21,2,2,,,1,1,1,1,1,1,7,1,6,2,,15,2,2,2,2,,,,,,,,,,2,09,,,2,
HH000058,HH000058-M03,03,Aquino,Juan,,Santos,03,1,8,1,,,,1,1,1,1,1,1,,1,1,1,00010013,,,,2,2,,,,,,,,,,,,,,,
HH000058,HH000058-M04,04,Aquino,Angelo,,Diaz,03,1,4,1,,,,,,,,,,,,,1,00002000,,,,,,,,,,,,,,,,,,,,
HH000058,HH000058-M05,05,Aquino,Jerome,,Bautista,03,1,1,1,,,,,,,,,,,,,,,,,,,,,,,,,,,,,,,,,,
HH000059,HH000059-M01,01,Padilla,Camille,,Mendoza,01,2,48,5,1,2,,2,1,1,1,1,1,7,1,3,,,,2,2,1,,1,10,7,70,2,2,1,6,14,,,,,2,
HH000059,HH000059-M02,02,Padilla,John,,Flores,03,1,8,1,,,,1,1,1,1,1,1,,1,1,1,00010013,,,,2,2,,,,,,,,,,,,,,,
HH000059,HH000059-M03,03,Padilla,Grace,,Aquino,04,2,1,1,,,,,,,,,,,,,,,,,,,,,,,,,,,,,,,,,,
HH000060,HH000060-M01,01,Valdez,Andrea,,Navarro,01,2,40,2,2,,,1,1,1,1,1,1,7,1,6,,,,1,2,1,,3,8,3,23,2,2,0,1,22,,,,,1,2
HH000060,HH000060-M02,02,Valdez,Joshua,,Navarro,02,1,44,2,2,,,1,1,1,1,1,1,7,1,2,,,,2,2,1,,1,8,4,31,1,2,3,,28,,,,,1,1
HH000060,HH000060-M03,03,Valdez,Hanson,,Valdez,03,1,12,1,2,,,1,1,1,1,1,1,,1,1,1,00024011,,,,2,2,,,,,,,,,,,,,,,
HH000060,HH000060-M04,04,Valdez,Karen,,Bautista,04,2,11,1,2,,,1,1,1,1,1,1,,1,1,1,00010016,,,,2,2,,,,,,,,,,,,,,,
HH000060,HH000060-M05,05,Valdez,Vincent,Jr.,Santos,03,1,10,1,2,,,1,1,1,1,1,1,,1,1,1,00010014,,,,2,2,,,,,,,,,,,,,,,
HH000061,HH000061-M01,01,Soriano,Camille,,Soriano,01,2,56,2,2,,,1,1,1,1,1,1,7,1,3,,,,2,2,2,2,,,,,,,,,,1,,1,1,2,
HH000061,HH000061-M02,02,Soriano,Lance,,Soriano,02,1,58,2,2,,,1,2,1,1,1,1,7,1,2,,,,2,2,2,2,,,,,,,,,,2,04,2,2,2,
HH000061,HH000061-M03,03,Soriano,Gabriel,,Torres,03,1,15,1,2,,,1,1,1,1,1,1,7,1,2,1,00024014,,2,1,2,2,,,,,,,,,,2,01,2,1,2,
HH000061,HH000061-M04,04,Soriano,Patricia,,Aquino,04,2,10,1,2,,,1,1,1,1,1,1,,1,1,2,,02,,,2,2,,,,,,,,,,,,,,,
HH000061,HH000061-M05,05,Soriano,Daniel,Jr.,Fernandez,03,1,2,1,,,,,,,,,,,,,,,,,,,,,,,,,,,,,,,,,,
HH000062,HH000062-M01,01,Flores,Luis,,Mendoza,01,1,41,2,2,,,1,2,1,1,1,4,7,1,2,,,,2,2,1,,1,8,3,24,2,2,1,4,24,,,,,2,
HH000062,HH000062-M02,02,Flores,Andrea,,Mendoza,02,2,39,2,2,,,1,1,1,1,1,2,7,1,3,,,,2,2,1,,1,12,5,59,2,2,3,,11,,,,,2,
HH000062,HH000062-M03,03,Flores,Kristine,,Aguilar,04,2,14,1,2,,,1,1,1,1,1,1,,1,2,1,00024013,,,,2,2,,,,,,,,,,,,,,,
HH000063,HH000063-M01,01,Castro,Jerome,,Soriano,01,1,45,2,2,,,1,1,1,1,1,1,7,1,6,,,,2,2,1,,1,7,5,35,2,2,1,2,31,,,,,2,
HH000063,HH000063-M02,02,Castro,Michelle,,Valdez,02,2,50,2,2,,,1,1,1,1,1,1,7,1,2,,,,2,2,1,,2,8,6,48,2,2,1,3,,,,,,2,
HH000063,HH000063-M03,03,Castro,Joy,,Garcia,04,2,13,1,2,,,1,1,1,1,1,1,,1,2,1,00024012,,,,1,,1,4,1,4,,,6,,,,,,,,
HH000063,HH000063-M04,04,Castro,Catherine,,Castillo,04,2,2,1,,,,,,,,,,,,,,,,,,,,,,,,,,,,,,,,,,
HH000063,HH000063-M05,05,Castro,Camille,,Fernandez,23,2,32,2,2,,,1,1,1,1,1,1,7,1,2,,,,2,2,2,2,,,,,,,,,,1,,2,1,2,
HH000064,HH000064-M01,01,Dela Cruz,Paolo,,Garcia,01,1,58,2,2,,,1,1,1,1,1,1,7,1,3,,,,1,2,1,,3,9,7,63,2,2,5,3,13,,,,,2,
HH000064,HH000064-M02,02,Dela Cruz,Angela,,Domingo,02,2,60,2,2,,1,1,2,1,2,1,1,7,1,2,,,,1,1,1,,1,5,4,21,2,2,3,,28,,,,,2,
HH000064,HH000064-M03,03,Dela Cruz,Juan,,Castillo,03,1,12,1,2,,,1,1,1,1,1,1,,1,1,1,00024011,,,,2,2,,,,,,,,,,,,,,,
HH000065,HH000065-M01,01,Torres,Christian,,Valdez,01,1,38,2,2,,,1,1,1,2,1,1,7,1,6,,,,2,2,1,,1,12,5,60,2,2,6,,14,,,,,2,
HH000065,HH000065-M02,02,Torres,Jasmine,,Valdez,02,2,42,2,2,,,1,1,1,1,1,1,7,1,2,,,,2,2,1,,2,8,7,55,2,2,2,3,12,,,,,2,
HH000066,HH000066-M01,01,Domingo,Joshua,,Garcia,01,1,40,2,2,,,3,1,1,1,1,1,7,1,5,,,,2,2,1,,3,9,2,18,1,2,3,,20,,,,,2,
HH000066,HH000066-M02,02,Domingo,Sophia,,Valdez,02,2,38,2,2,,,1,1,1,1,1,1,7,1,2,,,,2,2,1,,2,8,5,38,2,2,1,3,20,,,,,2,
HH000066,HH000066-M03,03,Domingo,Hanson,,Reyes,03,1,7,1,,,,1,1,2,1,1,1,,1,1,1,00010012,,,,2,2,,,,,,,,,,,,,,,
HH000067,HH000067-M01,01,Garcia,Christian,,Castillo,01,1,51,2,2,,,1,1,1,1,1,1,7,1,3,,,,2,2,1,,1,6,5,30,2,2,3,,22,,,,,2,
HH000067,HH000067-M02,02,Garcia,Kristine,,Domingo,02,2,52,2,2,,,1,1,1,1,1,1,1,1,3,,,,2,2,,,,,,,,,,,,,,,,,
HH000067,HH000067-M03,03,Garcia,Ella,,Valdez,04,2,21,1,2,,,1,1,1,1,1,1,7,1,6,2,,06,1,2,2,2,,,,,,,,,,2,01,1,2,2,
HH000067,HH000067-M04,04,Garcia,Patricia,,Aguilar,04,2,18,1,2,,,1,1,1,1,1,1,7,1,3,2,,08,2,2,1,,1,8,5,40,1,2,0,4,,,,,,2,
HH000067,HH000067-M05,05,Garcia,Nathan,Jr.,Garcia,03,1,15,1,2,,,1,1,1,1,1,1,7,1,1,1,00034011,,2,2,2,3,,,,,,,,,,2,09,,,2,
HH000067,HH000067-M06,06,Garcia,Sophia,,Navarro,04,2,13,1,2,,,1,1,1,1,1,1,,1,2,1,00024012,,,,2,2,,,,,,,,,,,,,,,
HH000067,HH000067-M07,07,Garcia,Sophia,,Rivera,04,2,2,1,,,,,,,,,,,,,,,,,,,,,,,,,,,,,,,,,,
HH000067,HH000067-M08,08,Garcia,Mark,,Flores,11,1,74,2,2,,1,4,1,1,1,2,1,7,1,1,,,,2,2,2,3,,,,,,,,,,2,07,,,2,
HH000068,HH000068-M01,01,Salazar,Miguel,,Reyes,01,1,64,2,2,,2,2,1,1,2,2,1,7,1,6,,,,2,2,1,,1,8,6,48,2,2,1,3,,,,,,1,2
HH000068,HH000068-M02,02,Salazar,Patricia,,Cruz,02,2,68,2,2,,1,1,2,1,1,1,1,7,1,3,,,,2,2,2,2,,,,,,,,,,1,,1,1,2,
HH000069,HH000069-M01,01,Navarro,Jerome,III,Aguilar,01,1,29,2,2,,,1,1,2,1,1,1,7,1,6,,,,2,2,1,,3,8,5,38,2,2,3,,20,,,,,2,
HH000069,HH000069-M02,02,Navarro,Leah,,Ramos,02,2,30,2,2,,,1,1,1,2,1,1,7,1,7,,,,2,2,1,,2,9,5,44,1,2,1,4,,,,,,2,
HH000069,HH000069-M03,03,Navarro,Marco,,Garcia,03,1,7,1,,,,1,1,1,1,1,1,,1,1,1,00010012,,,,2,2,,,,,,,,,,,,,,,
HH000069,HH000069-M04,04,Navarro,Catherine,,Aquino,04,2,5,1,,,,1,1,1,2,1,1,,1,0,1,00002000,,,,2,2,,,,,,,,,,,,,,,
HH000069,HH000069-M05,05,Navarro,Angelo,Jr.,Valdez,03,1,4,1,,,,,,,,,,,,,1,00002000,,,,,,,,,,,,,,,,,,,,
HH000070,HH000070-M01,01,Dela Cruz,Mark,,Domingo,01,1,38,2,2,,,1,1,1,1,1,1,7,1,1,,,,2,2,1,,2,4,5,22,1,2,1,3,28,,,,,2,
HH000070,HH000070-M02,02,Dela Cruz,Jasmine,,Bautista,02,2,41,2,2,,,1,1,1,1,2,1,7,1,1,,,,2,2,2,2,,,,,,,,,,2,04,1,2,2,
HH000070,HH000070-M03,03,Dela Cruz,Rose,,Navarro,04,2,7,1,,,,1,1,1,1,2,1,,1,1,1,00010012,,,,2,2,,,,,,,,,,,,,,,
HH000070,HH000070-M04,04,Dela Cruz,Rafael,,Fernandez,03,1,3,1,,,,,,,,,,,,,2,,12,,,,,,,,,,,,,,,,,,,
HH000070,HH000070-M05,05,Dela Cruz,Jose,,Santos,11,1,70,4,2,,1,3,1,2,3,1,1,7,1,6,,,,2,2,2,2,,,,,,,,,,2,07,,,2,
HH000071,HH000071-M01,01,Cabrera,Paolo,,Reyes,01,1,25,2,2,,,1,1,1,1,1,1,7,1,6,,,,2,2,1,,1,6,5,28,2,2,3,,30,,,,,2,
HH000071,HH000071-M02,02,Cabrera,Joy,,Diaz,02,2,23,2,2,,,1,1,1,1,1,1,7,1,6,2,,14,1,2,2,1,1,8,0,0,2,2,3,,24,,,,,1,1
HH000071,HH000071-M03,03,Cabrera,Andrea,,Valdez,04,2,7,1,,,,1,1,1,1,1,1,,1,1,1,00010013,,,,2,2,,,,,,,,,,,,,,,
HH000071,HH000071-M04,04,Cabrera,Leah,,Rivera,04,2,6,1,,,,1,1,1,1,1,1,,1,0,1,00010011,,,,2,2,,,,,,,,,,,,,,,
HH000072,HH000072-M01,01,Flores,Kristine,,Santos,01,2,28,3,2,,,1,1,1,1,1,1,7,1,3,,,,2,2,1,,2,8,6,48,2,2,1,0,,,,,,2,
HH000073,HH000073-M01,01,Abad,Joy,,Castillo,01,2,39,2,2,,,1,1,1,1,1,1,7,1,6,,,,2,2,1,,1,9,5,46,1,2,1,3,,,,,,2,
HH000073,HH000073-M02,02,Abad,Sophia,,Valdez,04,2,22,2,2,,,1,1,1,1,1,1,7,1,6,2,,14,2,2,1,,1,7,5,35,1,1,3,,24,,,,,1,1
HH000074,HH000074-M01,01,Mendoza,Rommel,,Fernandez,01,1,31,6,1,2,,2,1,1,1,1,2,7,1,3,,,,2,2,1,,1,9,6,54,2,2,2,4,99,,,,,2,
HH000074,HH000074-M02,02,Mendoza,Christian,,Soriano,03,1,1,1,,,,,,,,,,,,,,,,,,,,,,,,,,,,,,,,,,
HH000075,HH000075-M01,01,Ramos,Rommel,Jr.,Rivera,01,1,43,2,2,,,1,1,2,1,1,1,1,1,2,,,,2,2,,,,,,,,,,,,,,,,,
HH000075,HH000075-M02,02,Ramos,Rose,,Santos,02,2,48,2,2,,,1,1,1,2,1,4,7,1,2,,,,2,2,1,,2,8,5,42,2,2,3,,,,,,,1,1
HH000075,HH000075-M03,03,Ramos,Mae,,Valdez,04,2,8,1,,,,1,1,1,1,1,1,,1,1,1,00010013,,,,2,2,,,,,,,,,,,,,,,
HH000075,HH000075-M04,04,Ramos,Rose,,Flores,04,2,3,1,,,,,,,,,,,,,1,00001000,,,,,,,,,,,,,,,,,,,,
HH000075,HH000075-M05,05,Ramos,Lance,,Aguilar,03,1,0,1,,,,,,,,,,,,,,,,,,,,,,,,,,,,,,,,,,
HH000076,HH000076-M01,01,Aguilar,Jasmine,,Fernandez,01,2,32,1,1,1,,1,1,1,1,1,1,7,1,1,,,,2,2,2,2,,,,,,,,,,1,,2,1,2,
HH000076,HH000076-M02,02,Aguilar,Sophia,,Aquino,04,2,14,1,2,,,1,1,1,1,1,1,,1,2,1,00024013,,,,2,2,,,,,,,,,,,,,,,
HH000076,HH000076-M03,03,Aguilar,Angelo,,Torres,03,1,12,1,2,,,1,1,1,1,1,1,,1,1,1,00024011,,,,2,2,,,,,,,,,,,,,,,
HH000076,HH000076-M04,04,Aguilar,Paolo,Jr.,Aguilar,03,1,6,1,,,,1,1,1,2,1,1,,1,0,1,00010011,,,,2,2,,,,,,,,,,,,,,,
HH000076,HH000076-M05,05,Aguilar,Rose,,Bautista,04,2,3,1,,,,,,,,,,,,,2,,12,,,,,,,,,,,,,,,,,,,
HH000076,HH000076-M06,06,Aguilar,Lance,,Reyes,03,1,3,1,,,,,,,,,,,,,2,,12,,,,,,,,,,,,,,,,,,,
HH000077,HH000077-M01,01,Castro,Miguel,,Santos,01,1,29,2,2,,,1,1,1,1,1,1,7,1,3,,,,2,2,2,2,,,,,,,,,,2,05,1,1,2,
HH000077,HH000077-M02,02,Castro,Leah,,Castillo,02,2,24,2,2,,,2,1,1,1,1,1,7,1,2,2,,08,2,2,1,,1,4,6,24,1,2,3,,25,,,,,1,2
HH000077,HH000077-M03,03,Castro,Andrea,,Bautista,04,2,10,1,2,,,1,1,1,1,1,1,,1,1,1,00010016,,,,2,2,,,,,,,,,,,,,,,
HH000077,HH000077-M04,04,Castro,Karen,,Reyes,04,2,7,1,,,,1,1,1,1,1,1,,1,1,1,00010012,,,,2,2,,,,,,,,,,,,,,,
HH000077,HH000077-M05,05,Castro,Bea,,Lopez,04,2,7,1,,,,1,1,2,1,1,1,,1,1,1,00010012,,,,2,2,,,,,,,,,,,,,,,
HH000078,HH000078-M01,01,Navarro,Jasmine,,Navarro,01,2,47,2,2,,,1,1,1,1,1,1,7,1,3,,,,2,2,1,,2,8,6,48,2,2,5,0,,,,,,2,
HH000078,HH000078-M02,02,Navarro,Vincent,,Flores,02,1,46,2,2,,,1,1,1,1,1,1,7,1,1,,,,2,2,1,,3,8,5,40,2,2,2,3,,,,,,2,
HH000078,HH000078-M03,03,Navarro,Nicole,,Lopez,04,2,12,1,2,,,1,1,1,1,1,1,,1,1,1,00024011,,,,2,2,,,,,,,,,,,,,,,
HH000078,HH000078-M04,04,Navarro,Juan,,Reyes,03,1,12,1,2,,,1,1,1,1,1,1,,1,1,1,00024011,,,,2,2,,,,,,,,,,,,,,,
HH000079,HH000079-M01,01,Garcia,Marco,III,Soriano,01,1,43,2,2,,,1,1,1,1,1,1,7,1,6,,,,2,2,1,,1,7,2,12,1,1,1,3,25,,,,,2,
HH000079,HH000079-M02,02,Garcia,Ella,,Mendoza,02,2,43,2,2,,,1,1,1,1,1,1,7,1,3,,,,2,2,1,,3,10,5,50,2,2,3,,12,,,,,1,2
HH000079,HH000079-M03,03,Garcia,Patricia,,Torres,04,2,22,3,2,,,1,1,1,2,1,1,7,1,3,2,,02,2,2,1,,1,9,4,37,2,2,1,3,31,,,,,2,
HH000079,HH000079-M04,04,Garcia,Paolo,,Aquino,03,1,19,1,2,,,1,1,1,1,1,1,7,1,6,2,,06,2,2,2,3,,,,,,,,,,1,,1,1,2,
HH000079,HH000079-M05,05,Garcia,Angelo,Jr.,Aguilar,03,1,10,1,2,,,1,1,2,1,1,1,,1,1,1,00010014,,,,2,2,,,,,,,,,,,,,,,
HH000079,HH000079-M06,06,Garcia,Noel,,Fernandez,11,1,81,6,2,,1,1,1,1,1,1,1,7,2,3,,,,1,2,1,,2,8,6,50,2,2,4,,13,,,,,2,
HH000080,HH000080-M01,01,Garcia,Vincent,,Navarro,01,1,74,2,2,,1,3,1,1,1,2,2,7,1,2,,,,2,2,1,,1,4,3,14,1,2,3,,22,,,,,2,
HH000081,HH000081-M01,01,Navarro,Miguel,,Bautista,01,1,36,6,1,1,,1,1,1,1,1,1,7,1,6,,,,2,2,1,,1,9,5,46,2,2,6,,,,,,,1,1
HH000081,HH000081-M02,02,Navarro,Nathan,,Rivera,03,1,16,1,2,,,1,1,1,1,1,1,7,1,2,1,00034011,,2,2,2,2,,,,,,,,,,2,01,2,2,1,1
HH000081,HH000081-M03,03,Navarro,Lance,,Rivera,03,1,9,1,,,,1,1,1,1,1,1,,1,1,1,00010014,,,,2,2,,,,,,,,,,,,,,,
HH000082,HH000082-M01,01,Domingo,Joshua,,Reyes,01,1,50,2,2,,,1,1,3,1,1,1,7,1,2,,,,2,2,2,3,,,,,,,,,,1,,1,1,2,
HH000082,HH000082-M02,02,Domingo,Ella,,Lopez,02,2,53,2,2,,,1,1,1,1,1,2,7,1,6,,,,2,2,1,,1,5,5,25,2,2,5,6,31,,,,,2,
HH000082,HH000082-M03,03,Domingo,Nathan,,Bautista,03,1,15,1,2,,,1,1,1,1,1,1,7,1,2,1,00024014,,2,2,2,2,,,,,,,,,,2,09,,,2,
HH000082,HH000082-M04,04,Domingo,Sophia,,Soriano,04,2,7,1,,,,2,1,1,1,1,1,,1,1,1,00010012,,,,2,2,,,,,,,,,,,,,,,
HH000083,HH000083-M01,01,Soriano,Rose,,Fernandez,01,2,26,2,2,,,2,1,1,1,1,1,7,1,3,,,,2,2,1,,3,8,5,38,1,1,1,4,22,,,,,2,
HH000083,HH000083-M02,02,Soriano,Christian,,Torres,02,1,31,2,2,,,1,1,1,1,1,1,7,1,2,,,,2,2,1,,1,8,4,31,2,2,3,,22,,,,,2,
HH000083,HH000083-M03,03,Soriano,Marco,,Cruz,03,1,8,1,,,,1,1,1,1,1,1,,1,1,1,00010013,,,,2,2,,,,,,,,,,,,,,,
HH000083,HH000083-M04,04,Soriano,Mark,,Cruz,03,1,7,1,,,,1,1,1,1,1,1,,1,1,1,00010012,,,,2,2,,,,,,,,,,,,,,,
HH000083,HH000083-M05,05,Soriano,Leah,,Fernandez,04,2,1,1,,,,,,,,,,,,,,,,,,,,,,,,,,,,,,,,,,
HH000083,HH000083-M06,06,Soriano,Lance,,Reyes,03,1,1,1,,,,,,,,,,,,,,,,,,,,,,,,,,,,,,,,,,
HH000083,HH000083-M07,07,Soriano,Noel,,Flores,11,1,61,2,2,,1,1,1,2,2,1,1,7,2,3,,,,2,2,2,2,,,,,,,,,,1,,1,1,2,
HH000084,HH000084-M01,01,Castro,Grace,,Rivera,01,2,31,2,2,,,1,1,1,1,1,1,7,1,6,,,,2,2,1,,1,12,7,84,2,2,3,,11,,,,,2,
HH000084,HH000084-M02,02,Castro,Noel,,Soriano,02,1,27,2,2,,,1,1,1,1,1,1,7,1,6,,,,2,2,1,,1,12,6,71,2,2,3,,12,,,,,1,1
HH000084,HH000084-M03,03,Castro,Luis,,Cruz,03,1,14,1,2,,,1,1,1,1,1,1,,1,2,1,00024013,,,,2,2,,,,,,,,,,,,,,,
HH000084,HH000084-M04,04,Castro,Bea,,Aguilar,04,2,8,1,,,,1,1,1,1,1,1,,1,1,1,00010013,,,,2,1,1,2,0,0,,,3,,,,,,,,
HH000084,HH000084-M05,05,Castro,Camille,,Lopez,04,2,2,1,,,,,,,,,,,,,,,,,,,,,,,,,,,,,,,,,,
HH000085,HH000085-M01,01,Rosales,Catherine,,Mendoza,01,2,42,2,2,,,1,1,1,1,1,1,7,1,6,,,,2,2,1,,1,9,5,44,2,2,2,4,,,,,,2,
HH000085,HH000085-M02,02,Rosales,Daniel,,Diaz,02,1,46,2,2,,,1,1,1,1,1,1,7,1,3,,,,2,2,1,,1,8,5,39,2,2,1,4,99,,,,,2,
HH000085,HH000085-M03,03,Rosales,Hanson,,Aquino,03,1,6,1,,,,1,1,1,1,1,1,,1,0,1,00010012,,,,2,2,,,,,,,,,,,,,,,
HH000086,HH000086-M01,01,Abad,Joan,,Flores,01,2,54,2,2,,,1,1,1,1,1,1,7,1,3,,,,2,2,2,3,,,,,,,,,,1,,1,1,2,
HH000086,HH000086-M02,02,Abad,Gabriel,,Rivera,02,1,52,2,2,,,1,1,1,1,1,1,7,1,3,,,,2,2,1,,3,6,5,28,1,2,1,3,24,,,,,2,
HH000086,HH000086-M03,03,Abad,Paolo,Jr.,Lopez,03,1,21,1,2,,,1,1,1,2,1,1,7,1,4,2,,07,2,2,2,2,,,,,,,,,,2,10,,,2,
HH000086,HH000086-M04,04,Abad,Luis,,Torres,03,1,19,1,2,,,1,1,1,1,2,1,7,1,6,2,,10,2,2,1,,1,8,3,24,1,1,1,3,20,,,,,2,
HH000087,HH000087-M01,01,Bernal,Kristine,,Reyes,01,2,43,2,2,,,1,1,1,1,1,1,7,1,6,,,,2,2,1,,1,10,5,51,2,2,3,,12,,,,,2,
HH000088,HH000088-M01,01,Fernandez,Liza,,Fernandez,01,2,58,2,2,,,1,1,1,1,1,1,7,1,4,,,,2,2,2,3,,,,,,,,,,1,,1,1,2,
HH000088,HH000088-M02,02,Fernandez,Hanson,,Diaz,02,1,54,2,2,,,1,1,1,1,1,1,1,1,6,,,,2,2,,,,,,,,,,,,,,,,,
HH000088,HH000088-M03,03,Fernandez,Christian,Jr.,Mendoza,03,1,22,2,2,,,1,1,1,1,1,1,7,1,6,2,,15,2,2,2,2,,,,,,,,,,2,09,,,1,2
HH000088,HH000088-M04,04,Fernandez,Camille,,Santos,04,2,21,3,2,,,1,1,1,1,1,1,7,1,3,1,00034012,,2,2,1,,1,12,5,58,2,2,1,4,11,,,,,2,
HH000089,HH000089-M01,01,Dela Cruz,Vincent,,Aquino,01,1,53,2,2,,,1,1,1,1,1,1,7,1,1,,,,2,2,2,2,,,,,,,,,,1,,1,1,1,2
HH000089,HH000089-M02,02,Dela Cruz,Catherine,,Bautista,02,2,55,2,2,,,1,1,1,1,1,1,7,1,6,,,,2,2,2,2,,,,,,,,,,1,,1,1,2,
HH000089,HH000089-M03,03,Dela Cruz,Juan,Jr.,Lopez,03,1,17,1,2,,,1,1,1,1,1,1,7,1,3,1,00034012,,2,2,2,1,1,8,0,0,2,2,3,,31,,,,,2,
HH000089,HH000089-M04,04,Dela Cruz,Sophia,,Garcia,04,2,15,1,2,,,1,1,1,1,1,1,7,1,2,1,00024014,,2,2,2,2,,,,,,,,,,1,,1,1,2,
HH000089,HH000089-M05,05,Dela Cruz,Vincent,Jr.,Torres,03,1,11,1,2,,,1,1,1,1,1,1,,1,1,1,00010016,,,,2,2,,,,,,,,,,,,,,,
HH000090,HH000090-M01,01,Bernal,Bea,,Aquino,01,2,25,6,1,1,,1,1,1,1,1,1,7,1,4,,,,1,2,1,,1,8,5,38,2,2,2,7,30,,,,,2,
HH000090,HH000090-M02,02,Bernal,Ella,,Aquino,04,2,7,1,,,,1,1,1,1,1,1,,1,1,1,00010012,,,,2,2,,,,,,,,,,,,,,,
HH000090,HH000090-M03,03,Bernal,Miguel,,Mendoza,03,1,5,1,,,,1,1,1,1,1,1,,1,0,1,00002000,,,,2,2,,,,,,,,,,,,,,,
HH000090,HH000090-M04,04,Bernal,Mark,,Fernandez,03,1,2,1,,,,,,,,,,,,,,,,,,,,,,,,,,,,,,,,,,
HH000091,HH000091-M01,01,Torres,Vincent,,Garcia,01,1,39,2,2,,,1,1,1,1,1,1,7,1,3,,,,1,2,1,,1,8,7,56,2,2,3,,11,,,,,2,
HH000091,HH000091-M02,02,Torres,Leah,,Rivera,02,2,36,2,2,,,1,1,1,1,1,1,7,1,2,,,,2,2,1,,1,10,3,30,2,2,0,3,28,,,,,2,
HH000091,HH000091-M03,03,Torres,Maria,,Valdez,04,2,19,1,2,,,1,1,1,1,1,1,7,1,6,1,00034012,,2,2,1,,1,10,6,60,2,2,1,4,12,,,,,2,
HH000091,HH000091-M04,04,Torres,Noel,,Aguilar,03,1,11,2,2,,,1,1,1,1,1,1,,1,1,1,00010016,,,,2,2,,,,,,,,,,,,,,,
HH000091,HH000091-M05,05,Torres,Angela,,Ramos,04,2,8,1,,,,1,1,1,3,1,1,,1,1,1,00010013,,,,2,2,,,,,,,,,,,,,,,
HH000092,HH000092-M01,01,Rosales,Angela,,Navarro,01,2,49,2,2,,,1,1,1,1,1,1,7,1,6,,,,2,2,2,3,,,,,,,,,,2,01,1,2,2,
HH000092,HH000092-M02,02,Rosales,Luis,,Aguilar,02,1,53,2,2,,,1,1,1,1,1,1,7,1,6,,,,2,2,1,,1,8,5,41,2,2,1,7,,,,,,1,1
HH000092,HH000092-M03,03,Rosales,John,,Diaz,03,1,21,1,2,,,2,1,1,1,1,1,7,1,6,1,00034012,,2,2,1,,2,8,6,48,1,2,2,5,,,,,,2,
HH000092,HH000092-M04,04,Rosales,Liza,,Torres,04,2,20,1,2,,,1,1,1,1,1,1,7,1,3,1,00034012,,2,2,2,3,,,,,,,,,,2,09,,,2,
HH000092,HH000092-M05,05,Rosales,Joshua,Jr.,Mendoza,03,1,12,1,2,,,1,1,1,1,1,1,,1,1,1,00024011,,,,2,2,,,,,,,,,,,,,,,
HH000093,HH000093-M01,01,Garcia,Mark,,Ramos,01,1,39,2,2,,,1,1,1,1,1,1,7,1,3,,,,2,2,1,,1,7,7,47,2,2,5,4,,,,,,2,
HH000093,HH000093-M02,02,Garcia,Sophia,,Mendoza,02,2,38,2,2,,,1,1,1,1,1,1,7,1,3,,,,1,2,2,2,,,,,,,,,,2,03,2,2,2,
HH000093,HH000093-M03,03,Garcia,Nathan,,Mendoza,03,1,20,1,2,,,1,1,1,1,1,1,7,1,3,2,,07,2,2,2,2,,,,,,,,,,2,09,,,2,
HH000093,HH000093-M04,04,Garcia,Gabriel,,Castillo,03,1,3,1,,,,,,,,,,,,,2,,12,,,,,,,,,,,,,,,,,,,
HH000094,HH000094-M01,01,Mendoza,Vincent,,Santos,01,1,29,2,2,,,1,1,2,1,2,1,7,1,3,,,,2,2,1,,2,8,6,49,2,2,0,1,14,,,,,2,
HH000094,HH000094-M02,02,Mendoza,Rose,,Aquino,02,2,30,2,2,,,1,2,1,1,1,1,7,1,3,,,,2,2,1,,1,8,5,38,2,2,3,,32,,,,,2,
HH000094,HH000094-M03,03,Mendoza,Juan,,Castillo,03,1,10,1,2,,,1,1,1,1,1,1,,1,1,1,00010015,,,,2,2,,,,,,,,,,,,,,,
HH000094,HH000094-M04,04,Mendoza,Nathan,,Reyes,03,1,5,1,,,,1,1,1,1,1,1,,1,0,1,00010011,,,,2,3,,,,,,,,,,,,,,,
HH000094,HH000094-M05,05,Mendoza,Nicole,,Cruz,04,2,1,1,,,,,,,,,,,,,,,,,,,,,,,,,,,,,,,,,,
HH000094,HH000094-M06,06,Mendoza,Andrea,,Mendoza,04,2,0,1,,,,,,,,,,,,,,,,,,,,,,,,,,,,,,,,,,
HH000095,HH000095-M01,01,Fernandez,Joan,,Domingo,01,2,31,2,2,,,1,1,1,1,1,1,1,1,3,,,,2,2,,,,,,,,,,,,,,,,,
HH000095,HH000095-M02,02,Fernandez,Lance,,Soriano,02,1,26,2,2,,,1,1,1,1,1,2,7,1,6,,,,2,2,1,,1,10,6,60,2,2,1,3,13,,,,,2,
HH000095,HH000095-M03,03,Fernandez,Patricia,,Garcia,04,2,8,1,,,,1,1,1,1,1,1,,1,1,1,00010013,,,,2,2,,,,,,,,,,,,,,,
HH000095,HH000095-M04,04,Fernandez,Sophia,,Domingo,04,2,6,1,,,,1,1,1,1,1,1,,2,0,1,00010011,,,,2,2,,,,,,,,,,,,,,,
HH000095,HH000095-M05,05,Fernandez,Ella,,Soriano,04,2,4,1,,,,,,,,,,,,,1,00001000,,,,,,,,,,,,,,,,,,,,
HH000095,HH000095-M06,06,Fernandez,Nicole,,Soriano,04,2,2,1,,,,,,,,,,,,,,,,,,,,,,,,,,,,,,,,,,
HH000095,HH000095-M07,07,Fernandez,Angelo,,Reyes,03,1,1,1,,,,,,,,,,,,,,,,,,,,,,,,,,,,,,,,,,
HH000095,HH000095-M08,08,Fernandez,Nicole,,Torres,12,2,68,5,2,,2,1,1,1,1,1,1,7,1,0,,,,2,2,2,1,1,9,0,0,2,2,3,,13,,,,,1,1
HH000096,HH000096-M01,01,Salazar,Kristine,,Castillo,01,2,26,2,2,,,1,1,1,1,1,1,7,1,3,,,,2,2,1,,1,5,5,23,2,2,3,,20,,,,,1,1
HH000096,HH000096-M02,02,Salazar,Carlo,,Lopez,02,1,21,2,2,,,1,1,1,1,1,2,7,1,6,2,,07,2,2,1,,1,8,7,58,2,2,1,3,12,,,,,2,
HH000097,HH000097-M01,01,Pascual,Kristine,,Rivera,01,2,26,2,2,,,1,2,1,1,1,1,7,1,2,,,,2,2,2,2,,,,,,,,,,2,04,2,2,2,
HH000097,HH000097-M02,02,Pascual,Jose,,Flores,02,1,29,2,2,,,1,1,1,1,1,1,7,1,4,,,,2,2,1,,2,12,7,85,1,1,1,3,11,,,,,2,
HH000097,HH000097-M03,03,Pascual,Joy,,Fernandez,04,2,4,1,,,,,,,,,,,,,2,,12,,,,,,,,,,,,,,,,,,,
HH000097,HH000097-M04,04,Pascual,Michelle,,Cruz,04,2,3,1,,,,,,,,,,,,,2,,12,,,,,,,,,,,,,,,,,,,
HH000097,HH000097-M05,05,Pascual,Luis,Jr.,Garcia,03,1,3,1,,,,,,,,,,,,,1,00001000,,,,,,,,,,,,,,,,,,,,
HH000097,HH000097-M06,06,Pascual,Kristine,,Bautista,04,2,1,1,,,,,,,,,,,,,,,,,,,,,,,,,,,,,,,,,,
HH000097,HH000097-M07,07,Pascual,Juan,,Garcia,11,1,61,2,2,,1,1,1,1,2,2,1,7,1,3,,,,2,2,1,,2,12,7,85,2,2,3,,11,,,,,1,1
HH000098,HH000098-M01,01,Bautista,Jerome,Jr.,Garcia,01,1,28,2,2,,,1,1,1,1,1,1,7,1,2,,,,2,2,1,,2,8,4,31,1,1,1,4,28,,,,,2,
HH000098,HH000098-M02,02,Bautista,Nicole,,Flores,02,2,28,2,2,,,1,1,1,1,2,2,7,1,6,,,,2,2,1,,1,6,6,37,1,1,3,,25,,,,,2,
HH000098,HH000098-M03,03,Bautista,Sophia,,Aguilar,04,2,8,1,,,,3,1,1,1,1,1,,1,1,2,,06,,,2,2,,,,,,,,,,,,,,,
HH000098,HH000098-M04,04,Bautista,Nicole,,Lopez,04,2,4,1,,,,,,,,,,,,,2,,12,,,,,,,,,,,,,,,,,,,
HH000099,HH000099-M01,01,Reyes,John,,Reyes,01,1,51,2,2,,,1,1,1,1,1,1,7,1,6,,,,2,2,1,,1,6,6,37,1,2,1,4,23,,,,,1,1
HH000099,HH000099-M02,02,Reyes,Ella,,Diaz,02,2,55,2,2,,,1,1,1,1,1,1,7,1,3,,,,2,2,1,,2,8,5,40,2,2,3,,,,,,,1,1
HH000099,HH000099-M03,03,Reyes,Karen,,Rivera,04,2,0,1,,,,,,,,,,,,,,,,,,,,,,,,,,,,,,,,,,
HH000099,HH000099-M04,04,Reyes,Gabriel,,Diaz,15,1,40,3,2,,,1,1,1,1,1,1,7,1,6,,,,2,2,2,2,,,,,,,,,,2,04,1,2,1,1
HH000100,HH000100-M01,01,Pascual,Grace,,Ramos,01,2,34,4,1,1,,1,1,1,1,1,1,7,1,2,,,,2,2,1,,1,8,5,39,2,2,3,,29,,,,,2,
HH000100,HH000100-M02,02,Pascual,Luis,,Rivera,03,1,15,1,2,,,1,1,1,1,1,1,7,1,2,2,,04,2,2,2,3,,,,,,,,,,2,09,,,2,
HH000100,HH000100-M03,03,Pascual,Angela,,Torres,04,2,12,1,2,,,1,1,1,1,1,1,,1,1,1,00024011,,,,2,2,,,,,,,,,,,,,,,
HH000100,HH000100-M04,04,Pascual,Jose,,Soriano,03,1,11,1,2,,,1,1,1,1,1,1,,1,1,1,00010016,,,,2,2,,,,,,,,,,,,,,,
HH000100,HH000100-M05,05,Pascual,Carlo,Jr.,Reyes,03,1,4,1,,,,,,,,,,,,,2,,12,,,,,,,,,,,,,,,,,,,
HH000101,HH000101-M01,01,Santos,Liza,,Domingo,01,2,49,5,1,1,,1,1,1,1,1,1,7,1,2,,,,2,2,1,,2,7,6,42,2,2,6,,,,,,,2,
HH000101,HH000101-M02,02,Santos,Nicole,,Flores,04,2,20,1,2,,,1,1,1,3,1,1,7,1,6,1,00034012,,2,2,2,2,,,,,,,,,,1,,1,1,2,
HH000101,HH000101-M03,03,Santos,Rafael,,Cruz,03,1,8,1,,,,1,1,1,1,1,1,,1,1,1,00010013,,,,2,2,,,,,,,,,,,,,,,
HH000102,HH000102-M01,01,Castro,Grace,,Ramos,01,2,61,2,2,,1,1,1,2,1,1,1,7,1,2,,,,2,2,1,,2,8,5,39,2,2,1,7,30,,,,,2,
HH000102,HH000102-M02,02,Castro,Jose,,Soriano,02,1,56,2,2,,,1,1,1,1,1,2,7,1,3,,,,2,2,1,,1,9,5,47,2,2,4,,,,,,,2,
HH000103,HH000103-M01,01,Garcia,Jerome,,Mendoza,01,1,35,2,2,,,1,1,1,1,1,1,7,1,6,,,,2,2,2,2,,,,,,,,,,2,04,1,2,2,
HH000103,HH000103-M02,02,Garcia,Angela,,Torres,02,2,36,2,2,,,1,1,1,1,1,1,7,1,6,,,,2,2,1,,1,12,5,60,2,2,0,3,11,,,,,2,
HH000103,HH000103-M03,03,Garcia,Kristine,,Navarro,04,2,13,1,2,,,1,1,1,1,1,1,,2,1,1,00024011,,,,2,2,,,,,,,,,,,,,,,
HH000104,HH000104-M01,01,Castro,Nicole,,Lopez,01,2,56,2,2,,,1,1,1,1,1,1,7,1,3,,,,2,2,2,1,3,4,0,0,2,2,3,,30,,,,,2,
HH000104,HH000104-M02,02,Castro,Rafael,,Reyes,02,1,50,2,2,,,1,1,1,1,1,2,7,1,1,,,,2,2,1,,2,8,5,38,2,2,5,4,24,,,,,2,
HH000104,HH000104-M03,03,Castro,Vincent,,Soriano,03,1,2,1,,,,,,,,,,,,,,,,,,,,,,,,,,,,,,,,,,
HH000105,HH000105-M01,01,Bautista,Leah,,Santos,01,2,34,2,2,,,1,1,1,1,1,1,7,1,3,,,,1,2,2,2,,,,,,,,,,2,05,2,1,2,
HH000105,HH000105-M02,02,Bautista,Paolo,,Aquino,02,1,30,2,2,,,1,1,1,1,1,1,7,1,1,,,,2,2,2,2,,,,,,,,,,2,10,,,2,
HH000106,HH000106-M01,01,Garcia,Sophia,,Torres,01,2,41,2,2,,,1,1,1,1,1,1,7,1,5,,,,2,2,1,,1,10,5,51,2,2,3,,13,,,,,1,1
HH000106,HH000106-M02,02,Garcia,Mark,,Aguilar,02,1,46,2,2,,,1,1,1,1,1,1,7,1,4,,,,2,2,2,3,,,,,,,,,,2,99,,,2,
HH000106,HH000106-M03,03,Garcia,Angela,,Flores,04,2,0,1,,,,,,,,,,,,,,,,,,,,,,,,,,,,,,,,,,
HH000107,HH000107-M01,01,Navarro,Christian,III,Navarro,01,1,51,2,2,,,3,1,1,1,1,1,7,1,6,,,,2,2,1,,1,8,5,40,2,2,5,4,,,,,,2,
HH000107,HH000107-M02,02,Navarro,Maria,,Bautista,02,2,47,2,2,,,1,1,1,1,1,1,7,1,3,,,,2,2,1,,3,8,6,48,2,2,3,,,,,,,2,
HH000107,HH000107-M03,03,Navarro,Joy,,Torres,04,2,12,1,2,,,1,1,1,1,1,1,,1,1,1,00024011,,,,2,2,,,,,,,,,,,,,,,
HH000108,HH000108-M01,01,Manalo,Karen,,Ramos,01,2,45,5,1,1,,1,1,1,1,1,1,7,1,6,,,,2,2,1,,2,8,5,39,1,2,3,,30,,,,,2,
HH000108,HH000108-M02,02,Manalo,Grace,,Flores,04,2,14,1,2,,,1,1,1,1,1,1,,1,2,1,00024012,,,,2,2,,,,,,,,,,,,,,,
HH000108,HH000108-M03,03,Manalo,John,,Soriano,03,1,6,1,,,,1,1,1,1,1,1,,2,0,1,00010011,,,,2,2,,,,,,,,,,,,,,,
HH000109,HH000109-M01,01,Domingo,Jerome,,Fernandez,01,1,43,2,2,,,1,1,1,1,1,1,7,1,3,,,,2,2,2,2,,,,,,,,,,2,04,2,1,2,
HH000109,HH000109-M02,02,Domingo,Angela,,Aquino,02,2,39,2,2,,,1,1,1,1,1,1,7,1,5,,,,1,2,2,2,,,,,,,,,,2,10,,,2,
HH000110,HH000110-M01,01,Pascual,Carlo,,Bautista,01,1,45,2,2,,,1,1,3,1,1,1,7,1,6,,,,2,2,2,2,,,,,,,,,,2,04,2,2,2,
HH000110,HH000110-M02,02,Pascual,Rose,,Aquino,02,2,45,2,2,,,3,1,1,1,1,1,7,1,1,,,,2,2,2,2,,,,,,,,,,2,10,,,2,
HH000110,HH000110-M03,03,Pascual,Joshua,Jr.,Torres,03,1,18,1,2,,,2,1,1,1,1,1,7,1,3,2,,15,2,1,1,,2,8,7,58,2,2,1,3,14,,,,,2,
HH000110,HH000110-M04,04,Pascual,Catherine,,Mendoza,12,2,78,4,2,,2,1,1,2,1,3,1,7,1,1,,,,2,2,2,2,,,,,,,,,,2,07,,,2,
HH000110,HH000110-M05,05,Pascual,Rose,,Rivera,16,2,43,4,2,,,1,1,1,1,1,2,7,1,5,,,,2,2,1,,2,8,7,55,2,2,1,4,13,,,,,2,
HH000111,HH000111-M01,01,Mendoza,Paolo,,Garcia,01,1,76,2,2,,2,1,2,2,1,1,2,7,1,1,,,,2,2,2,3,,,,,,,,,,2,07,,,2,
HH000112,HH000112-M01,01,Fernandez,Patricia,,Santos,01,2,42,2,2,,,1,1,1,1,1,1,7,1,1,,,,1,2,2,2,,,,,,,,,,2,10,,,2,
HH000112,HH000112-M02,02,Fernandez,Miguel,,Santos,02,1,47,2,2,,,1,1,1,1,1,1,4,1,2,,,,2,2,1,,1,8,5,41,1,1,6,,,,,,,2,
HH000112,HH000112-M03,03,Fernandez,Angela,,Rivera,04,2,20,3,2,,,1,1,1,2,1,1,7,1,4,2,,10,2,2,1,,1,6,6,37,1,2,1,4,28,,,,,2,
HH000112,HH000112-M04,04,Fernandez,Karen,,Diaz,04,2,10,1,2,,,1,1,1,1,3,1,,1,1,1,00010015,,,,2,2,,,,,,,,,,,,,,,
HH000112,HH000112-M05,05,Fernandez,Luis,,Soriano,03,1,7,1,,,,1,1,1,2,1,1,,1,1,1,00010012,,,,2,2,,,,,,,,,,,,,,,
HH000112,HH000112-M06,06,Fernandez,Rose,,Diaz,04,2,2,1,,,,,,,,,,,,,,,,,,,,,,,,,,,,,,,,,,
HH000113,HH000113-M01,01,Pascual,Rafael,,Aquino,01,1,58,2,2,,,1,1,1,1,1,1,7,1,2,,,,2,2,2,2,,,,,,,,,,1,,1,1,2,
HH000113,HH000113-M02,02,Pascual,Jasmine,,Aquino,02,2,57,2,2,,,3,1,1,1,1,1,7,1,1,,,,2,2,1,,2,5,6,32,1,2,1,3,22,,,,,2,
HH000113,HH000113-M03,03,Pascual,Rose,,Ramos,04,2,22,6,2,,,1,1,1,1,1,1,7,1,4,2,,08,2,2,1,,2,8,6,46,2,2,5,3,,,,,,2,
HH000113,HH000113-M04,04,Pascual,Joy,,Ramos,04,2,21,1,2,,,1,1,1,4,1,2,7,1,6,2,,10,2,2,1,,1,7,6,41,2,2,4,,,,,,,2,
HH000113,HH000113-M05,05,Pascual,Juan,,Cruz,03,1,15,1,2,,,1,1,1,1,1,1,7,1,2,1,00024014,,1,1,2,2,,,,,,,,,,2,06,,,2,
HH000113,HH000113-M06,06,Pascual,Karen,,Ramos,04,2,13,2,2,,,1,1,1,1,1,1,,1,2,1,00024013,,,,2,2,,,,,,,,,,,,,,,
HH000113,HH000113-M07,07,Pascual,Michelle,,Santos,04,2,0,1,,,,,,,,,,,,,,,,,,,,,,,,,,,,,,,,,,
HH000114,HH000114-M01,01,Mendoza,John,Jr.,Ramos,01,1,49,2,2,,,1,3,1,1,1,1,7,1,3,,,,2,2,2,2,,,,,,,,,,2,04,1,2,2,
HH000114,HH000114-M02,02,Mendoza,Rose,,Soriano,02,2,43,2,2,,,1,1,1,1,1,1,7,1,3,,,,2,2,1,,1,12,7,84,2,2,3,,12,,,,,1,2
HH000114,HH000114-M03,03,Mendoza,Camille,,Santos,04,2,22,2,2,,,1,1,1,1,1,1,7,1,6,2,,09,1,2,1,,3,9,7,65,2,2,1,4,11,,,,,1,1
HH000114,HH000114-M04,04,Mendoza,Christian,Jr.,Santos,03,1,21,1,2,,,1,1,1,1,1,1,7,1,4,1,00034012,,2,2,2,2,,,,,,,,,,2,10,,,2,
HH000114,HH000114-M05,05,Mendoza,Kristine,,Aguilar,04,2,9,1,,,,1,1,1,1,1,1,,1,1,1,00010014,,,,2,2,,,,,,,,,,,,,,,
HH000115,HH000115-M01,01,Navarro,Joy,,Reyes,01,2,48,2,2,,,1,1,1,1,1,1,7,1,6,,,,2,2,1,,1,8,7,56,2,2,3,,13,,,,,2,
HH000115,HH000115-M02,02,Navarro,Mark,,Flores,02,1,51,2,2,,,1,1,1,1,1,1,7,1,7,,,,2,2,1,,1,9,6,52,2,2,1,6,12,,,,,2,
HH000115,HH000115-M03,03,Navarro,Mark,,Navarro,03,1,22,3,2,,,1,1,1,1,1,1,7,1,6,1,00034012,,2,2,2,2,,,,,,,,,,1,,1,1,1,1
HH000115,HH000115-M04,04,Navarro,Rommel,,Garcia,03,1,11,1,2,,,1,1,1,1,1,1,,1,1,1,00010016,,,,2,2,,,,,,,,,,,,,,,
HH000115,HH000115-M05,05,Navarro,Michelle,,Lopez,12,2,88,4,2,,1,1,1,1,3,1,1,7,1,2,,,,2,2,1,,2,8,7,56,2,2,4,,11,,,,,2,
HH000115,HH000115-M06,06,Navarro,Maria,,Torres,12,2,87,5,2,,8,1,3,1,1,1,1,7,1,1,,,,2,2,1,,3,8,6,48,2,2,1,4,,,,,,2,
HH000115,HH000115-M07,07,Navarro,Jerome,,Rivera,15,1,52,2,2,,,1,1,1,1,1,2,7,1,4,,,,2,2,1,,1,8,5,39,1,2,1,1,20,,,,,2,
HH000116,HH000116-M01,01,Fernandez,Joshua,,Domingo,01,1,41,2,2,,,1,1,1,1,1,1,7,1,2,,,,2,2,1,,2,7,3,21,1,2,1,7,31,,,,,1,1
HH000116,HH000116-M02,02,Fernandez,Ella,,Mendoza,02,2,36,2,2,,,1,1,1,1,1,1,7,1,3,,,,2,2,1,,1,9,5,45,2,2,6,,,,,,,2,
HH000116,HH000116-M03,03,Fernandez,Rafael,,Cruz,03,1,22,3,2,,,1,1,1,1,1,1,7,1,3,1,00034012,,2,2,1,,1,9,6,56,2,2,2,4,13,,,,,2,
HH000117,HH000117-M01,01,Dela Cruz,Kristine,,Castillo,01,2,35,2,2,,,1,1,1,1,1,1,7,1,3,,,,2,2,1,,1,9,5,44,2,2,2,4,,,,,,2,
HH000117,HH000117-M02,02,Dela Cruz,Luis,,Flores,02,1,37,2,2,,,1,1,1,1,1,1,7,1,6,,,,2,2,1,,1,12,2,23,1,1,1,2,24,,,,,2,
HH000117,HH000117-M03,03,Dela Cruz,Karen,,Garcia,04,2,8,1,,,,1,1,1,1,1,1,,1,1,1,00010013,,,,2,2,,,,,,,,,,,,,,,
HH000117,HH000117-M04,04,Dela Cruz,Nicole,,Navarro,04,2,4,1,,,,,,,,,,,,,2,,12,,,,,,,,,,,,,,,,,,,
HH000118,HH000118-M01,01,Abad,Leah,,Reyes,01,2,35,2,2,,,1,1,1,1,1,1,7,1,6,,,,1,2,1,,1,12,5,60,2,2,3,,11,,,,,2,
HH000118,HH000118-M02,02,Abad,John,,Lopez,02,1,30,2,2,,,1,1,1,1,2,1,7,1,4,,,,2,2,1,,1,9,6,54,2,2,3,,11,,,,,2,
HH000118,HH000118-M03,03,Abad,Mae,,Lopez,04,2,13,1,2,,,1,1,1,1,1,1,,1,2,1,00024012,,,,2,2,,,,,,,,,,,,,,,
HH000118,HH000118-M04,04,Abad,Catherine,,Castillo,04,2,10,1,2,,,1,1,1,1,1,1,,1,1,1,00010016,,,,2,2,,,,,,,,,,,,,,,
HH000118,HH000118-M05,05,Abad,Nicole,,Aquino,04,2,6,1,,,,1,1,1,1,1,1,,1,0,1,00010011,,,,2,2,,,,,,,,,,,,,,,
HH000118,HH000118-M06,06,Abad,Jasmine,,Aquino,04,2,0,1,,,,,,,,,,,,,,,,,,,,,,,,,,,,,,,,,,
HH000119,HH000119-M01,01,Manalo,Karen,,Valdez,01,2,44,2,2,,,1,1,1,1,1,1,7,1,1,,,,2,2,2,2,,,,,,,,,,1,,1,1,2,
HH000119,HH000119-M02,02,Manalo,Hanson,,Navarro,02,1,47,2,2,,,1,1,1,1,1,1,7,1,1,,,,2,2,1,,1,8,6,47,2,2,1,4,,,,,,2,
HH000119,HH000119-M03,03,Manalo,Vincent,,Castillo,03,1,7,1,,,,1,1,1,1,1,1,,1,1,1,00010011,,,,2,2,,,,,,,,,,,,,,,
HH000119,HH000119-M04,04,Manalo,Rommel,,Castillo,03,1,5,1,,,,1,1,1,1,1,1,,1,0,1,00002000,,,,2,2,,,,,,,,,,,,,,,
HH000120,HH000120-M01,01,Reyes,Hanson,,Torres,01,1,51,2,2,,,1,1,1,1,1,1,7,1,3,,,,2,2,1,,2,8,5,40,2,2,6,,,,,,,2,
HH000120,HH000120-M02,02,Reyes,Camille,,Santos,02,2,46,2,2,,,1,1,1,2,1,1,7,1,6,,,,2,2,1,,1,8,5,42,1,2,3,,,,,,,2,
HH000120,HH000120-M03,03,Reyes,Ella,,Bautista,04,2,18,1,2,,,1,1,1,1,1,1,7,1,3,1,00034012,,2,2,1,,2,7,3,21,2,2,3,,21,,,,,2,
HH000120,HH000120-M04,04,Reyes,Ella,,Reyes,04,2,15,1,2,,,1,1,1,1,1,1,7,1,2,1,00024014,,2,2,2,2,,,,,,,,,,2,09,,,2,
HH000120,HH000120-M05,05,Reyes,Christian,Jr.,Bautista,03,1,6,1,,,,1,1,1,1,1,1,,1,0,2,,17,,,2,2,,,,,,,,,,,,,,,
HH000121,HH000121-M01,01,Valdez,Kristine,,Diaz,01,2,39,2,2,,,1,4,1,1,1,1,7,1,3,,,,1,2,1,,1,12,5,62,2,2,1,1,12,,,,,1,1
HH000121,HH000121-M02,02,Valdez,Vincent,,Rivera,02,1,44,2,2,,,1,1,1,2,1,1,7,1,1,,,,2,2,2,2,,,,,,,,,,2,04,1,1,1,1
HH000121,HH000121-M03,03,Valdez,Karen,,Garcia,04,2,16,1,2,,,1,1,1,1,1,1,7,2,2,1,00034012,,2,1,2,2,,,,,,,,,,1,,1,1,2,
HH000121,HH000121-M04,04,Valdez,Maria,,Ramos,04,2,13,1,2,,,1,1,1,1,1,1,,1,1,1,00024012,,,,2,2,,,,,,,,,,,,,,,
HH000122,HH000122-M01,01,Garcia,Nathan,,Aquino,01,1,54,2,2,,,1,1,1,1,1,1,7,1,1,,,,2,2,1,,1,8,6,50,2,2,3,,11,,,,,2,
HH000122,HH000122-M02,02,Garcia,Kristine,,Valdez,02,2,58,2,2,,,1,1,1,1,1,1,7,1,3,,,,2,2,1,,1,8,7,56,2,2,3,,99,,,,,2,
HH000122,HH000122-M03,03,Garcia,Catherine,,Cruz,04,2,15,1,2,,,1,1,1,1,1,1,7,1,2,2,,06,2,1,2,1,2,8,0,0,1,2,1,3,28,,,,,2,
HH000122,HH000122-M04,04,Garcia,Jasmine,,Bautista,04,2,4,1,,,,,,,,,,,,,2,,12,,,,,,,,,,,,,,,,,,,
HH000122,HH000122-M05,05,Garcia,Maria,,Santos,12,2,91,6,2,,2,1,1,1,1,1,4,7,1,3,,,,2,2,2,2,,,,,,,,,,2,07,,,2,
HH000123,HH000123-M01,01,Garcia,Liza,,Ramos,01,2,29,2,2,,,1,1,1,2,1,1,7,1,6,,,,2,2,1,,1,9,7,63,2,2,1,4,12,,,,,2,
HH000124,HH000124-M01,01,Aguilar,Joshua,,Torres,01,1,34,2,2,,,1,1,1,1,1,1,7,1,3,,,,2,2,1,,2,9,5,47,2,2,1,0,,,,,,2,
HH000124,HH000124-M02,02,Aguilar,Karen,,Fernandez,02,2,38,2,2,,,1,1,1,1,1,1,7,1,2,,,,2,2,1,,2,10,5,51,2,2,1,1,12,,,,,2,
HH000124,HH000124-M03,03,Aguilar,Joan,,Mendoza,04,2,17,1,2,,,1,1,1,1,1,1,7,1,3,2,,04,2,2,2,3,,,,,,,,,,2,09,,,2,
HH000124,HH000124-M04,04,Aguilar,Maria,,Garcia,04,2,5,1,,,,1,1,1,1,1,1,,2,0,1,00002000,,,,2,2,,,,,,,,,,,,,,,
HH000124,HH000124-M05,05,Aguilar,Gabriel,,Soriano,15,1,32,6,2,,,1,1,1,1,1,1,7,1,3,,,,2,2,1,,1,8,4,34,1,1,3,,28,,,,,1,1
HH000124,HH000124-M06,06,Aguilar,Patricia,,Aquino,12,2,71,2,2,,1,1,2,1,1,1,1,7,1,6,,,,2,2,2,2,,,,,,,,,,2,07,,,2,
HH000125,HH000125-M01,01,Flores,Joan,,Reyes,01,2,50,4,1,2,,1,1,1,1,1,1,7,1,2,,,,2,2,2,2,,,,,,,,,,2,04,2,2,2,
HH000125,HH000125-M02,02,Flores,Michelle,,Mendoza,04,2,23,1,2,,,1,1,1,1,1,1,7,1,6,2,,10,2,2,1,,3,8,5,40,2,2,6,,,,,,,2,
HH000125,HH000125-M03,03,Flores,Lance,,Garcia,03,1,23,1,2,,,1,1,1,1,1,1,7,1,2,2,,10,2,2,1,,1,4,5,22,2,2,5,4,31,,,,,2,
HH000125,HH000125-M04,04,Flores,Juan,Jr.,Cruz,03,1,5,1,,,,1,1,1,1,1,1,,1,1,1,00002000,,,,2,2,,,,,,,,,,,,,,,
HH000125,HH000125-M05,05,Flores,Andrea,,Torres,04,2,2,1,,,,,,,,,,,,,,,,,,,,,,,,,,,,,,,,,,
HH000126,HH000126-M01,01,Salazar,Daniel,,Castillo,01,1,37,2,2,,,1,1,1,1,1,1,7,1,6,,,,1,2,2,2,,,,,,,,,,2,08,,,2,
HH000126,HH000126-M02,02,Salazar,Grace,,Lopez,02,2,34,2,2,,,1,1,1,1,1,1,7,1,4,,,,2,2,2,2,,,,,,,,,,2,99,,,1,1
HH000126,HH000126-M03,03,Salazar,Maria,,Rivera,04,2,8,1,,,,1,3,1,1,1,1,,1,1,1,00010013,,,,2,2,,,,,,,,,,,,,,,
HH000126,HH000126-M04,04,Salazar,Christian,,Navarro,15,1,30,2,2,,,1,1,1,1,1,1,7,1,6,,,,2,1,1,,3,7,5,35,1,2,1,4,22,,,,,2,
HH000127,HH000127-M01,01,Reyes,Jerome,,Diaz,01,1,55,2,2,,,1,2,1,1,1,1,7,1,2,,,,2,2,2,1,2,8,0,0,2,2,1,4,20,,,,,2,
HH000127,HH000127-M02,02,Reyes,Ella,,Fernandez,02,2,59,2,2,,,1,1,1,1,1,1,7,1,6,,,,2,2,1,,1,8,3,24,1,1,1,7,22,,,,,2,
HH000127,HH000127-M03,03,Reyes,Lance,Jr.,Aquino,03,1,10,1,2,,,1,1,1,1,1,1,,1,1,1,00010014,,,,2,2,,,,,,,,,,,,,,,
HH000127,HH000127-M04,04,Reyes,Andrea,,Mendoza,04,2,0,1,,,,,,,,,,,,,,,,,,,,,,,,,,,,,,,,,,
HH000127,HH000127-M05,05,Reyes,Jasmine,,Domingo,12,2,84,5,2,,1,1,1,2,2,1,1,7,1,2,,,,2,2,2,2,,,,,,,,,,1,,1,1,2,
HH000128,HH000128-M01,01,Fernandez,John,,Ramos,01,1,43,2,2,,,1,1,1,1,1,1,7,1,2,,,,2,2,1,,1,8,5,39,1,1,5,3,31,,,,,2,
HH000128,HH000128-M02,02,Fernandez,Leah,,Aguilar,02,2,41,2,2,,,1,1,1,1,1,1,7,1,3,,,,1,2,1,,2,8,6,49,2,2,3,,11,,,,,2,
HH000128,HH000128-M03,03,Fernandez,Sophia,,Rivera,04,2,17,1,2,,,1,1,1,1,1,1,7,1,3,1,00034012,,2,2,2,3,,,,,,,,,,2,06,,,2,
HH000128,HH000128-M04,04,Fernandez,Ella,,Mendoza,04,2,10,2,2,,,1,1,1,2,1,1,,1,1,1,00010015,,,,2,2,,,,,,,,,,,,,,,
HH000128,HH000128-M05,05,Fernandez,Joshua,,Lopez,03,1,10,1,2,,,1,1,1,1,1,1,,1,1,1,00010015,,,,2,2,,,,,,,,,,,,,,,
HH000129,HH000129-M01,01,Navarro,Mae,,Soriano,01,2,30,1,1,1,,1,1,1,1,1,1,7,1,6,,,,2,2,1,,1,8,6,46,2,2,3,,,,,,,2,
HH000129,HH000129-M02,02,Navarro,Ana,,Aquino,04,2,12,1,2,,,1,1,1,1,1,1,,1,1,1,00024011,,,,2,2,,,,,,,,,,,,,,,
HH000129,HH000129-M03,03,Navarro,John,,Domingo,03,1,1,1,,,,,,,,,,,,,,,,,,,,,,,,,,,,,,,,,,
HH000130,HH000130-M01,01,Reyes,Rafael,,Bautista,01,1,67,2,2,,2,1,1,1,1,3,1,7,1,1,,,,2,2,1,,2,6,6,37,1,1,2,4,99,,,,,2,
HH000130,HH000130-M02,02,Reyes,Grace,,Reyes,02,2,65,2,2,,1,1,1,1,1,3,1,7,1,2,,,,2,2,2,2,,,,,,,,,,1,,1,1,2,
HH000131,HH000131-M01,01,Ramos,Patricia,,Reyes,01,2,49,2,2,,,1,1,1,1,1,1,7,1,3,,,,2,2,1,,3,7,6,41,2,2,1,3,,,,,,2,
HH000131,HH000131-M02,02,Ramos,Liza,,Aguilar,04,2,21,1,2,,,1,1,1,1,3,1,7,2,5,2,,05,2,2,1,,2,7,5,37,1,2,3,,20,,,,,2,
HH000132,HH000132-M01,01,Salazar,Gabriel,,Diaz,01,1,40,2,2,,,1,1,1,1,1,1,7,1,6,,,,2,2,1,,1,8,5,42,1,1,0,4,,,,,,2,
HH000132,HH000132-M02,02,Salazar,Leah,,Lopez,02,2,37,2,2,,,1,1,1,1,1,1,7,1,3,,,,1,2,1,,3,4,4,18,2,2,3,,28,,,,,2,
HH000132,HH000132-M03,03,Salazar,John,Jr.,Soriano,03,1,21,1,2,,,1,1,1,1,1,1,7,1,5,1,00034012,,1,2,2,2,,,,,,,,,,2,09,,,1,1
HH000132,HH000132-M04,04,Salazar,Joy,,Mendoza,04,2,20,1,2,,,1,1,1,1,1,1,7,1,3,1,00034012,,2,2,1,,1,8,5,42,1,1,3,,,,,,,2,
HH000133,HH000133-M01,01,Fernandez,Marco,,Santos,01,1,61,6,2,,1,1,2,1,1,1,1,7,1,2,,,,2,2,2,2,,,,,,,,,,1,,1,1,2,
HH000134,HH000134-M01,01,Reyes,Mae,,Flores,01,2,34,2,2,,,1,1,1,1,1,1,7,1,6,,,,2,2,1,,1,8,7,58,1,1,1,3,12,,,,,2,
HH000134,HH000134-M02,02,Reyes,Luis,,Aquino,02,1,34,2,2,,,1,1,1,1,1,1,7,1,3,,,,2,2,1,,3,8,5,42,2,2,6,,,,,,,2,
HH000134,HH000134-M03,03,Reyes,Gabriel,,Cruz,03,1,14,1,2,,,1,1,1,1,1,1,,1,2,1,00024012,,,,2,2,,,,,,,,,,,,,,,
HH000134,HH000134-M04,04,Reyes,Andrea,,Castillo,04,2,4,1,,,,,,,,,,,,,2,,14,,,,,,,,,,,,,,,,,,,
HH000135,HH000135-M01,01,Pascual,Rafael,III,Fernandez,01,1,53,2,2,,,1,1,1,2,1,1,7,1,3,,,,2,2,2,2,,,,,,,,,,2,01,1,1,2,
HH000135,HH000135-M02,02,Pascual,Ana,,Reyes,02,2,52,2,2,,,1,1,1,1,1,1,1,1,6,,,,2,2,,,,,,,,,,,,,,,,,
HH000135,HH000135-M03,03,Pascual,Jerome,Jr.,Fernandez,03,1,9,1,,,,1,1,1,1,1,1,,2,1,1,00010014,,,,2,2,,,,,,,,,,,,,,,
HH000135,HH000135-M04,04,Pascual,Patricia,,Ramos,04,2,4,1,,,,,,,,,,,,,2,,12,,,,,,,,,,,,,,,,,,,
HH000135,HH000135-M05,05,Pascual,Ella,,Bautista,04,2,1,1,,,,,,,,,,,,,,,,,,,,,,,,,,,,,,,,,,
HH000136,HH000136-M01,01,Torres,Jerome,,Valdez,01,1,36,2,2,,,1,1,1,1,1,1,7,1,6,,,,2,2,1,,1,10,5,51,1,1,2,4,11,,,,,2,
HH000136,HH000136-M02,02,Torres,Nicole,,Ramos,02,2,37,2,2,,,1,1,1,1,1,1,7,2,6,,,,2,2,1,,3,6,5,30,1,2,1,3,99,,,,,2,
HH000136,HH000136-M03,03,Torres,Andrea,,Aquino,04,2,17,1,2,,,1,1,1,1,1,2,7,1,2,1,00034012,,2,2,2,2,,,,,,,,,,2,09,,,2,
HH000136,HH000136-M04,04,Torres,Angela,,Fernandez,04,2,16,1,2,,,1,1,1,1,1,1,7,1,2,1,00034011,,2,2,2,2,,,,,,,,,,2,09,,,1,1
HH000136,HH000136-M05,05,Torres,Hanson,,Cruz,03,1,5,1,,,,1,1,1,1,1,1,,1,1,1,00002000,,,,2,2,,,,,,,,,,,,,,,
HH000136,HH000136-M06,06,Torres,Gabriel,,Rivera,23,1,41,6,2,,,1,1,1,1,1,1,7,1,3,,,,2,2,2,2,,,,,,,,,,2,05,1,2,2,
HH000137,HH000137-M01,01,Pascual,Luis,,Fernandez,01,1,54,3,2,,,1,1,1,1,1,1,7,1,4,,,,2,2,1,,1,9,7,63,2,2,1,4,11,,,,,2,
HH000138,HH000138-M01,01,Valdez,Andrea,,Cruz,01,2,58,2,2,,,1,1,1,1,1,1,7,1,6,,,,1,2,1,,2,8,5,39,2,2,1,3,23,,,,,1,1
HH000138,HH000138-M02,02,Valdez,Christian,,Aguilar,02,1,54,2,2,,,1,1,1,1,1,1,7,1,1,,,,2,2,2,2,,,,,,,,,,1,,1,1,2,
HH000138,HH000138-M03,03,Valdez,Michelle,,Reyes,04,2,2,1,,,,,,,,,,,,,,,,,,,,,,,,,,,,,,,,,,
HH000139,HH000139-M01,01,Aguilar,Bea,,Mendoza,01,2,58,6,1,1,,1,1,1,1,1,1,7,1,6,,,,2,2,1,,3,6,6,37,1,2,1,3,24,,,,,2,
HH000139,HH000139-M02,02,Aguilar,Joy,,Fernandez,04,2,22,1,2,,,1,1,2,1,1,1,7,1,6,2,,07,2,2,2,2,,,,,,,,,,2,10,,,2,
HH000139,HH000139-M03,03,Aguilar,John,,Garcia,03,1,10,3,2,,,1,1,1,1,1,1,,1,1,1,00010015,,,,2,2,,,,,,,,,,,,,,,
HH000139,HH000139-M04,04,Aguilar,Bea,,Torres,04,2,8,1,,,,1,1,1,1,1,1,,1,1,1,00010013,,,,2,2,,,,,,,,,,,,,,,
HH000139,HH000139-M05,05,Aguilar,Rose,,Valdez,04,2,4,1,,,,,,,,,,,,,2,,12,,,,,,,,,,,,,,,,,,,
HH000139,HH000139-M06,06,Aguilar,Hanson,,Castillo,03,1,0,1,,,,,,,,,,,,,,,,,,,,,,,,,,,,,,,,,,
HH000140,HH000140-M01,01,Torres,Rommel,,Flores,01,1,46,2,2,,,1,1,1,1,2,1,1,1,1,,,,2,2,,,,,,,,,,,,,,,,,
HH000140,HH000140-M02,02,Torres,Angela,,Santos,02,2,40,2,2,,,1,1,1,1,1,1,7,1,3,,,,2,2,1,,1,6,2,12,1,2,1,3,24,,,,,2,
HH000140,HH000140-M03,03,Torres,Jerome,,Soriano,03,1,23,2,2,,,1,1,1,1,1,1,7,1,6,2,,07,1,2,2,2,,,,,,,,,,2,01,1,1,2,
HH000140,HH000140-M04,04,Torres,Joshua,,Valdez,03,1,21,1,2,,,1,1,1,1,1,1,7,1,3,1,00034012,,2,2,1,,2,9,7,63,2,2,1,1,11,,,,,2,
HH000140,HH000140-M05,05,Torres,Joy,,Torres,04,2,12,1,2,,,1,1,1,1,1,1,,1,1,1,00024011,,,,2,2,,,,,,,,,,,,,,,
HH000140,HH000140-M06,06,Torres,Liza,,Torres,04,2,3,1,,,,,,,,,,,,,2,,12,,,,,,,,,,,,,,,,,,,
HH000141,HH000141-M01,01,Reyes,John,,Fernandez,01,1,33,2,2,,,1,1,1,1,1,1,7,1,2,,,,2,2,2,1,2,9,0,0,2,2,6,,14,,,,,2,
HH000141,HH000141-M02,02,Reyes,Camille,,Aquino,02,2,37,2,2,,,1,2,1,1,1,1,7,1,3,,,,2,2,1,,1,8,6,50,2,2,3,,12,,,,,2,
HH000141,HH000141-M03,03,Reyes,Grace,,Castillo,04,2,10,1,2,,,1,2,1,1,1,1,,1,1,1,00010015,,,,2,2,,,,,,,,,,,,,,,
HH000141,HH000141-M04,04,Reyes,Mae,,Cruz,16,2,32,2,2,,,1,1,1,1,1,1,7,1,6,,,,2,2,2,1,1,9,0,0,2,2,1,3,32,,,,,2,
HH000142,HH000142-M01,01,Ramos,Lance,III,Santos,01,1,32,2,2,,,1,1,1,1,1,1,7,1,6,,,,2,2,1,,1,8,5,42,1,1,3,,,,,,,2,
HH000142,HH000142-M02,02,Ramos,Joan,,Diaz,02,2,36,2,2,,,1,1,1,1,1,1,7,1,1,,,,2,2,1,,1,8,3,22,2,2,1,3,22,,,,,2,
HH000142,HH000142-M03,03,Ramos,Hanson,Jr.,Garcia,03,1,15,1,2,,,1,1,1,1,1,1,7,1,2,1,00024014,,2,2,2,2,,,,,,,,,,2,10,,,1,1
HH000143,HH000143-M01,01,De Vera,Juan,,Ramos,01,1,55,2,2,,,1,1,2,1,1,1,7,1,3,,,,1,2,2,2,,,,,,,,,,1,,1,1,2,
HH000143,HH000143-M02,02,De Vera,Bea,,Rivera,02,2,59,2,2,,,1,1,1,1,1,1,7,1,1,,,,1,2,1,,1,8,5,42,2,2,3,,,,,,,2,
HH000143,HH000143-M03,03,De Vera,Joy,,Flores,04,2,0,1,,,,,,,,,,,,,,,,,,,,,,,,,,,,,,,,,,
HH000144,HH000144-M01,01,Valdez,Jasmine,,Ramos,01,2,29,2,2,,,1,1,1,1,1,1,7,1,6,,,,2,2,1,,1,8,4,32,2,2,3,,28,,,,,2,
HH000144,HH000144-M02,02,Valdez,Mark,,Mendoza,02,1,34,2,2,,,1,1,1,1,1,1,7,1,3,,,,2,2,1,,3,9,5,46,2,2,1,4,,,,,,2,
HH000144,HH000144-M03,03,Valdez,Gabriel,Jr.,Diaz,03,1,7,1,,,,1,1,1,1,1,1,,1,1,1,00010012,,,,2,2,,,,,,,,,,,,,,,
HH000144,HH000144-M04,04,Valdez,Leah,,Valdez,04,2,6,1,,,,1,1,1,1,1,1,,2,0,1,00010011,,,,2,2,,,,,,,,,,,,,,,
HH000144,HH000144-M05,05,Valdez,Jose,,Bautista,03,1,2,1,,,,,,,,,,,,,,,,,,,,,,,,,,,,,,,,,,
HH000145,HH000145-M01,01,Manalo,Joy,,Torres,01,2,38,2,2,,,1,1,1,2,1,1,7,1,2,,,,2,2,1,,2,6,4,26,1,2,1,3,28,,,,,2,
HH000145,HH000145-M02,02,Manalo,Noel,,Castillo,02,1,38,2,2,,,1,1,1,1,1,1,7,1,6,,,,2,2,2,3,,,,,,,,,,1,,1,1,2,
HH000145,HH000145-M03,03,Manalo,Sophia,,Valdez,04,2,21,1,2,,,1,1,1,1,1,1,7,1,3,2,,07,2,1,1,,1,8,7,54,2,2,1,4,13,,,,,2,
HH000145,HH000145-M04,04,Manalo,Andrea,,Soriano,04,2,16,1,2,,,1,1,1,1,1,1,7,1,2,1,00034011,,2,2,2,2,,,,,,,,,,1,,1,1,2,
HH000145,HH000145-M05,05,Manalo,Camille,,Domingo,04,2,15,1,2,,,1,1,1,1,1,1,7,1,2,1,00024013,,2,2,2,2,,,,,,,,,,2,09,,,2,
HH000146,HH000146-M01,01,Rosales,Camille,,Aquino,01,2,57,2,2,,,1,1,1,1,1,1,7,1,1,,,,2,2,1,,2,8,3,24,2,2,0,4,29,,,,,2,
HH000146,HH000146-M02,02,Rosales,Rafael,,Rivera,02,1,60,2,2,,1,2,1,2,2,1,1,7,1,2,,,,2,2,1,,1,4,5,19,1,2,3,,27,,,,,2,
HH000146,HH000146-M03,03,Rosales,Bea,,Domingo,04,2,24,3,2,,,1,1,1,1,1,1,7,1,2,2,,08,2,2,1,,1,5,4,20,1,2,1,4,31,,,,,2,
HH000146,HH000146-M04,04,Rosales,Bea,,Aquino,23,2,70,4,2,,8,1,1,2,1,4,1,7,1,6,,,,2,2,2,1,1,9,0,0,2,2,1,3,12,,,,,2,
HH000147,HH000147-M01,01,Manalo,Angelo,III,Torres,01,1,46,2,2,,,1,1,1,1,1,1,7,1,3,,,,2,2,2,2,,,,,,,,,,2,03,2,2,2,
HH000147,HH000147-M02,02,Manalo,Catherine,,Rivera,02,2,48,2,2,,,1,1,1,1,1,1,7,1,2,,,,2,2,2,2,,,,,,,,,,1,,1,1,2,
HH000147,HH000147-M03,03,Manalo,Ana,,Ramos,04,2,22,1,2,,,1,1,1,2,1,1,7,1,4,2,,08,2,2,2,2,,,,,,,,,,2,09,,,2,
HH000147,HH000147-M04,04,Manalo,Jose,,Castillo,03,1,10,1,2,,,1,1,1,1,1,1,,1,1,1,00010015,,,,2,2,,,,,,,,,,,,,,,
HH000147,HH000147-M05,05,Manalo,Daniel,,Bautista,03,1,9,1,,,,1,1,1,1,1,1,,1,1,1,00010014,,,,2,2,,,,,,,,,,,,,,,
HH000148,HH000148-M01,01,Bautista,Patricia,,Rivera,01,2,24,2,2,,,1,1,3,1,1,1,7,1,2,2,,07,2,2,1,,1,8,6,48,2,2,1,3,,,,,,2,
HH000148,HH000148-M02,02,Bautista,Luis,,Aguilar,02,1,22,2,2,,,1,1,2,1,1,1,7,1,3,2,,06,2,2,1,,2,8,5,42,2,2,3,,,,,,,2,
HH000149,HH000149-M01,01,Padilla,Liza,,Garcia,01,2,52,2,2,,,1,1,1,1,1,1,7,1,6,,,,2,2,1,,1,8,6,48,1,1,3,,,,,,,2,
HH000149,HH000149-M02,02,Padilla,Luis,,Valdez,02,1,47,2,2,,,2,1,1,1,1,1,7,1,4,,,,1,1,2,2,,,,,,,,,,2,10,,,2,
HH000149,HH000149-M03,03,Padilla,Michelle,,Diaz,04,2,15,1,2,,,1,1,1,1,1,1,7,1,1,1,00024013,,2,2,2,2,,,,,,,,,,2,10,,,2,
HH000149,HH000149-M04,04,Padilla,Liza,,Bautista,04,2,10,1,2,,,1,1,1,1,1,1,,1,1,1,00010015,,,,2,2,,,,,,,,,,,,,,,
HH000150,HH000150-M01,01,Navarro,Ana,,Castillo,01,2,57,2,2,,,1,1,1,1,1,1,7,1,3,,,,2,2,1,,3,10,5,52,2,2,5,4,12,,,,,2,
HH000150,HH000150-M02,02,Navarro,Hanson,,Fernandez,02,1,61,2,2,,1,2,1,1,3,2,1,7,1,3,,,,1,2,1,,1,8,5,41,2,2,1,3,,,,,,2,
HH000151,HH000151-M01,01,De Vera,Angela,,Rivera,01,2,51,2,2,,,1,1,1,1,1,1,7,1,2,,,,2,2,1,,1,10,6,60,2,2,2,5,12,,,,,2,
HH000151,HH000151-M02,02,De Vera,Juan,,Lopez,02,1,47,2,2,,,1,1,1,1,1,1,7,1,2,,,,2,2,1,,1,6,3,18,1,2,1,4,99,,,,,2,
HH000152,HH000152-M01,01,Soriano,Andrea,,Domingo,01,2,35,2,2,,,1,1,1,1,1,1,7,1,7,,,,2,2,1,,1,8,5,38,2,2,1,3,24,,,,,2,
HH000152,HH000152-M02,02,Soriano,Noel,,Cruz,02,1,38,2,2,,,1,1,1,1,1,1,7,1,3,,,,2,2,2,1,1,6,0,0,2,2,3,,24,,,,,1,1
HH000152,HH000152-M03,03,Soriano,Jerome,,Fernandez,03,1,15,1,2,,,1,1,1,1,1,1,7,1,2,1,00024014,,2,2,2,2,,,,,,,,,,2,99,,,2,
HH000152,HH000152-M04,04,Soriano,Nicole,,Santos,04,2,14,1,2,,,1,1,1,1,1,1,,1,2,1,00024013,,,,2,2,,,,,,,,,,,,,,,
HH000153,HH000153-M01,01,Padilla,Grace,,Torres,01,2,27,2,2,,,1,1,1,1,1,1,7,1,6,,,,2,2,1,,3,6,6,38,1,1,3,,29,,,,,2,
HH000153,HH000153-M02,02,Padilla,Rommel,,Garcia,02,1,25,2,2,,,1,1,1,1,1,1,7,1,6,,,,2,2,1,,2,12,5,62,2,2,1,2,11,,,,,2,
HH000153,HH000153-M03,03,Padilla,Liza,,Castillo,04,2,9,1,,,,1,1,1,1,1,1,,1,1,1,00010014,,,,2,2,,,,,,,,,,,,,,,
HH000153,HH000153-M04,04,Padilla,Rommel,,Garcia,03,1,9,1,,,,1,1,1,1,1,1,,1,1,1,00010014,,,,2,2,,,,,,,,,,,,,,,
HH000153,HH000153-M05,05,Padilla,Jose,,Valdez,03,1,0,1,,,,,,,,,,,,,,,,,,,,,,,,,,,,,,,,,,
HH000154,HH000154-M01,01,Garcia,Miguel,,Castillo,01,1,70,2,2,,1,1,3,1,2,1,1,7,1,4,,,,2,2,2,1,2,8,0,0,2,2,2,5,22,,,,,2,
HH000154,HH000154-M02,02,Garcia,Sophia,,Castillo,02,2,71,2,2,,1,1,1,1,1,1,1,7,1,2,,,,1,2,2,3,,,,,,,,,,1,,2,1,2,
HH000155,HH000155-M01,01,Navarro,Marco,Jr.,Rivera,01,1,44,2,2,,,1,1,1,1,1,1,7,1,1,,,,2,1,1,,1,6,7,43,2,2,3,,,,,,,2,
HH000155,HH000155-M02,02,Navarro,Ana,,Santos,02,2,47,2,2,,,1,1,1,1,1,1,7,1,6,,,,2,2,2,2,,,,,,,,,,2,04,1,1,2,
HH000156,HH000156-M01,01,Ramos,Sophia,,Domingo,01,2,76,4,2,,1,1,1,1,1,2,1,7,1,0,,,,2,2,1,,1,9,5,47,2,2,0,3,,,,,,2,
HH000157,HH000157-M01,01,Mendoza,Lance,Jr.,Ramos,01,1,26,2,2,,,1,1,1,1,1,1,7,1,6,,,,2,2,1,,1,8,6,48,2,2,1,3,,,,,,2,
HH000157,HH000157-M02,02,Mendoza,Mae,,Flores,02,2,29,2,2,,,1,1,1,1,1,1,7,1,6,,,,2,2,1,,2,8,5,38,2,2,5,1,22,,,,,2,
HH000157,HH000157-M03,03,Mendoza,Gabriel,,Garcia,03,1,6,1,,,,1,1,1,1,1,1,,2,0,1,00010011,,,,2,2,,,,,,,,,,,,,,,
HH000157,HH000157-M04,04,Mendoza,Angela,,Torres,04,2,2,1,,,,,,,,,,,,,,,,,,,,,,,,,,,,,,,,,,
HH000157,HH000157-M05,05,Mendoza,Nicole,,Reyes,04,2,0,1,,,,,,,,,,,,,,,,,,,,,,,,,,,,,,,,,,
HH000157,HH000157-M06,06,Mendoza,Grace,,Fernandez,12,2,70,2,2,,1,1,1,1,1,1,1,7,1,2,,,,2,2,2,2,,,,,,,,,,2,08,,,2,
HH000158,HH000158-M01,01,Castro,Carlo,,Torres,01,1,66,2,2,,1,1,1,1,1,1,2,7,1,2,,,,2,2,2,3,,,,,,,,,,1,,1,1,2,
HH000158,HH000158-M02,02,Castro,Jasmine,,Lopez,02,2,71,2,2,,1,1,2,1,1,1,2,7,1,1,,,,1,2,2,2,,,,,,,,,,1,,1,1,2,
HH000159,HH000159-M01,01,Dela Cruz,John,,Diaz,01,1,25,2,2,,,1,1,2,1,1,1,7,1,5,,,,2,2,2,2,,,,,,,,,,1,,1,1,2,
HH000159,HH000159-M02,02,Dela Cruz,Andrea,,Rivera,02,2,27,2,2,,,1,1,1,1,2,1,7,1,3,,,,1,2,1,,1,9,5,45,2,2,3,,,,,,,2,
HH000159,HH000159-M03,03,Dela Cruz,Marco,,Ramos,03,1,0,1,,,,,,,,,,,,,,,,,,,,,,,,,,,,,,,,,,
HH000159,HH000159-M04,04,Dela Cruz,Hanson,Jr.,Diaz,03,1,0,1,,,,,,,,,,,,,,,,,,,,,,,,,,,,,,,,,,
HH000160,HH000160-M01,01,Ramos,Angela,,Mendoza,01,2,31,6,1,1,,1,1,1,1,1,1,2,1,1,,,,2,2,,,,,,,,,,,,,,,,,
HH000160,HH000160-M02,02,Ramos,Ella,,Ramos,04,2,14,1,2,,,1,1,1,1,1,1,,1,1,1,00024013,,,,2,2,,,,,,,,,,,,,,,
HH000160,HH000160-M03,03,Ramos,Michelle,,Cruz,04,2,9,1,,,,1,1,1,1,1,1,,1,1,1,00010014,,,,2,2,,,,,,,,,,,,,,,
HH000160,HH000160-M04,04,Ramos,Angelo,,Soriano,03,1,3,1,,,,,,,,,,,,,2,,14,,,,,,,,,,,,,,,,,,,
HH000161,HH000161-M01,01,Castro,Nathan,,Ramos,01,1,54,2,2,,,1,1,1,1,1,1,7,1,6,,,,2,2,1,,3,8,7,56,2,2,4,,14,,,,,2,
HH000161,HH000161-M02,02,Castro,Joan,,Soriano,02,2,57,2,2,,,1,1,1,2,1,1,7,1,3,,,,2,2,1,,1,10,6,59,2,2,4,,14,,,,,2,
HH000161,HH000161-M03,03,Castro,Lance,Jr.,Soriano,03,1,21,1,2,,,1,1,1,1,1,1,7,1,4,2,,06,2,2,2,2,,,,,,,,,,2,99,,,2,
HH000161,HH000161-M04,04,Castro,Camille,,Bautista,12,2,74,2,2,,1,1,1,2,1,1,1,7,1,6,,,,2,2,2,2,,,,,,,,,,2,07,,,2,
HH000161,HH000161-M05,05,Castro,Patricia,,Cruz,12,2,84,6,2,,1,4,1,1,1,1,2,7,1,3,,,,2,2,1,,2,8,6,50,2,2,5,0,14,,,,,2,
HH000162,HH000162-M01,01,Rivera,Marco,,Reyes,01,1,53,2,2,,,1,1,1,1,2,1,7,1,6,,,,2,2,1,,1,9,5,44,2,2,0,3,,,,,,2,
HH000162,HH000162-M02,02,Rivera,Grace,,Ramos,02,2,57,2,2,,,2,1,2,1,1,1,7,1,2,,,,2,2,1,,2,8,5,40,2,2,2,7,,,,,,2,
HH000162,HH000162-M03,03,Rivera,Jerome,Jr.,Santos,03,1,5,1,,,,1,1,1,1,1,1,,1,0,1,00002000,,,,2,2,,,,,,,,,,,,,,,
HH000162,HH000162-M04,04,Rivera,Leah,,Reyes,04,2,2,1,,,,,,,,,,,,,,,,,,,,,,,,,,,,,,,,,,
HH000162,HH000162-M05,05,Rivera,Mark,,Aquino,03,1,0,1,,,,,,,,,,,,,,,,,,,,,,,,,,,,,,,,,,
HH000163,HH000163-M01,01,Valdez,Maria,,Cruz,01,2,49,2,2,,,1,1,1,1,1,2,7,1,3,,,,1,2,1,,2,8,5,40,2,2,1,4,,,,,,2,
HH000163,HH000163-M02,02,Valdez,Angelo,,Diaz,02,1,43,2,2,,,1,1,1,1,1,1,7,1,7,,,,2,2,1,,1,6,5,30,1,2,3,,29,,,,,1,1
HH000163,HH000163-M03,03,Valdez,Andrea,,Mendoza,04,2,9,1,,,,1,1,1,1,1,1,,1,1,1,00010014,,,,2,2,,,,,,,,,,,,,,,
HH000163,HH000163-M04,04,Valdez,Juan,,Diaz,03,1,8,1,,,,1,1,1,1,1,1,,1,1,1,00010013,,,,2,2,,,,,,,,,,,,,,,
HH000163,HH000163-M05,05,Valdez,Kristine,,Garcia,04,2,6,1,,,,2,1,1,1,1,1,,1,0,1,00010011,,,,2,2,,,,,,,,,,,,,,,
HH000163,HH000163-M06,06,Valdez,Rose,,Aguilar,04,2,3,1,,,,,,,,,,,,,1,00002000,,,,,,,,,,,,,,,,,,,,
HH000163,HH000163-M07,07,Valdez,Luis,Jr.,Soriano,03,1,0,1,,,,,,,,,,,,,,,,,,,,,,,,,,,,,,,,,,
HH000164,HH000164-M01,01,Corpuz,Gabriel,,Bautista,01,1,43,2,2,,,1,1,1,1,1,1,7,1,2,,,,2,2,1,,1,8,5,40,2,2,3,,,,,,,2,
HH000164,HH000164-M02,02,Corpuz,Leah,,Flores,02,2,43,2,2,,,1,1,1,1,1,1,7,2,3,,,,2,2,1,,2,7,5,35,2,2,3,,31,,,,,2,
HH000164,HH000164-M03,03,Corpuz,Juan,,Santos,03,1,22,1,2,,,1,1,1,2,1,1,7,1,6,2,,14,2,2,2,2,,,,,,,,,,2,01,1,1,2,
HH000164,HH000164-M04,04,Corpuz,Rose,,Castillo,04,2,16,1,2,,,1,1,1,1,1,1,7,1,2,1,00034011,,2,2,2,2,,,,,,,,,,1,,1,1,2,
HH000164,HH000164-M05,05,Corpuz,Rafael,,Bautista,03,1,0,1,,,,,,,,,,,,,,,,,,,,,,,,,,,,,,,,,,
HH000164,HH000164-M06,06,Corpuz,Mae,,Bautista,12,2,82,2,2,,1,1,1,1,1,1,1,7,1,2,,,,2,2,2,1,3,6,0,0,1,1,1,3,32,,,,,2,
HH000164,HH000164-M07,07,Corpuz,Daniel,,Aguilar,23,1,47,2,2,,,1,1,1,1,1,1,7,1,1,,,,2,2,1,,1,8,6,50,2,2,3,,99,,,,,2,
HH000165,HH000165-M01,01,Rivera,Nicole,,Ramos,01,2,57,2,2,,,2,1,1,2,1,1,7,1,3,,,,2,2,2,2,,,,,,,,,,1,,1,1,2,
HH000165,HH000165-M02,02,Rivera,Hanson,,Castillo,02,1,55,2,2,,,1,1,1,1,1,1,7,1,2,,,,2,2,2,2,,,,,,,,,,2,10,,,2,
HH000165,HH000165-M03,03,Rivera,Liza,,Diaz,04,2,21,1,2,,,1,1,1,1,1,2,7,1,3,2,,08,2,2,2,2,,,,,,,,,,1,,2,1,2,
HH000165,HH000165-M04,04,Rivera,Joy,,Aguilar,04,2,3,1,,,,,,,,,,,,,2,,12,,,,,,,,,,,,,,,,,,,
HH000166,HH000166-M01,01,Abad,Marco,III,Torres,01,1,44,2,2,,,1,1,2,1,1,2,7,1,2,,,,1,2,2,1,2,6,0,0,2,2,4,,29,,,,,2,
HH000166,HH000166-M02,02,Abad,Camille,,Fernandez,02,2,40,2,2,,,1,1,1,1,1,1,7,1,6,,,,2,2,1,,1,9,5,45,2,2,4,,,,,,,2,
HH000166,HH000166-M03,03,Abad,Jose,,Flores,03,1,19,1,2,,,1,1,1,1,1,1,7,1,5,1,00034012,,2,2,1,,2,8,6,48,2,2,1,3,,,,,,2,
HH000166,HH000166-M04,04,Abad,Christian,Jr.,Navarro,03,1,14,1,2,,,1,1,1,1,1,1,,1,2,1,00024013,,,,2,2,,,,,,,,,,,,,,,
HH000166,HH000166-M05,05,Abad,Hanson,,Garcia,03,1,11,1,2,,,1,1,1,4,1,1,,1,1,1,00010016,,,,2,2,,,,,,,,,,,,,,,
HH000167,HH000167-M01,01,Bernal,Rose,,Navarro,01,2,40,2,2,,,1,1,1,2,1,2,7,1,6,,,,2,2,1,,1,6,7,41,2,2,6,,,,,,,2,
HH000167,HH000167-M02,02,Bernal,Rommel,,Rivera,02,1,40,2,2,,,1,1,1,1,1,1,7,1,6,,,,1,2,2,2,,,,,,,,,,2,10,,,2,
HH000167,HH000167-M03,03,Bernal,Gabriel,,Diaz,03,1,3,1,,,,,,,,,,,,,1,00001000,,,,,,,,,,,,,,,,,,,,
HH000168,HH000168-M01,01,Mendoza,Catherine,,Domingo,01,2,63,2,2,,1,1,2,1,1,2,1,7,1,2,,,,2,2,1,,1,6,3,20,1,2,3,,20,,,,,2,
HH000168,HH000168-M02,02,Mendoza,Juan,,Ramos,02,1,68,2,2,,2,1,1,1,1,2,1,7,1,6,,,,2,2,2,2,,,,,,,,,,2,01,2,2,2,
HH000169,HH000169-M01,01,Navarro,Juan,,Valdez,01,1,30,2,2,,,1,1,1,1,1,1,7,1,7,,,,2,2,2,2,,,,,,,,,,2,10,,,2,
HH000169,HH000169-M02,02,Navarro,Catherine,,Ramos,02,2,30,2,2,,,1,1,1,1,1,1,7,1,3,,,,1,2,1,,1,8,6,49,2,2,6,,13,,,,,2,
HH000169,HH000169-M03,03,Navarro,Karen,,Cruz,04,2,9,1,,,,1,1,1,3,1,1,,1,1,1,00010014,,,,2,2,,,,,,,,,,,,,,,
HH000169,HH000169-M04,04,Navarro,Bea,,Mendoza,04,2,9,1,,,,1,1,1,2,1,1,,1,1,1,00010014,,,,2,2,,,,,,,,,,,,,,,
HH000169,HH000169-M05,05,Navarro,Michelle,,Garcia,04,2,7,1,,,,1,1,1,1,1,1,,1,1,1,00010012,,,,2,2,,,,,,,,,,,,,,,
HH000169,HH000169-M06,06,Navarro,Christian,Jr.,Aguilar,03,1,5,1,,,,1,1,1,1,1,1,,1,0,1,00010011,,,,2,2,,,,,,,,,,,,,,,
HH000170,HH000170-M01,01,Castro,Grace,,Domingo,01,2,31,2,2,,,2,1,1,1,1,1,7,1,2,,,,2,2,1,,1,8,6,48,2,2,1,1,,,,,,2,
HH000170,HH000170-M02,02,Castro,Mark,,Cruz,02,1,32,2,2,,,1,1,1,1,1,1,7,1,6,,,,2,2,1,,1,8,5,40,2,2,1,3,,,,,,2,
HH000170,HH000170-M03,03,Castro,Daniel,,Mendoza,03,1,14,1,2,,,1,1,1,1,1,1,,1,2,1,00024012,,,,2,2,,,,,,,,,,,,,,,
HH000170,HH000170-M04,04,Castro,Andrea,,Fernandez,04,2,3,1,,,,,,,,,,,,,2,,12,,,,,,,,,,,,,,,,,,,
HH000170,HH000170-M05,05,Castro,Lance,,Fernandez,03,1,0,1,,,,,,,,,,,,,,,,,,,,,,,,,,,,,,,,,,
HH000171,HH000171-M01,01,Aguilar,Mark,Jr.,Reyes,01,1,38,2,2,,,1,1,1,1,1,2,7,1,3,,,,2,2,1,,1,8,5,40,2,2,3,,,,,,,2,
HH000171,HH000171-M02,02,Aguilar,Jasmine,,Valdez,02,2,39,2,2,,,2,1,1,1,1,1,7,1,2,,,,2,2,1,,1,6,5,32,2,2,6,,30,,,,,2,
HH000172,HH000172-M01,01,Navarro,Catherine,,Torres,01,2,53,2,2,,,1,1,2,1,1,1,7,1,6,,,,1,2,1,,1,10,7,72,2,2,3,,12,,,,,1,2
HH000172,HH000172-M02,02,Navarro,Gabriel,,Castillo,02,1,47,2,2,,,1,1,1,1,1,1,7,1,3,,,,2,2,2,2,,,,,,,,,,2,99,,,2,
HH000173,HH000173-M01,01,Pascual,Andrea,,Cruz,01,2,52,2,2,,,1,1,1,1,1,2,7,1,4,,,,2,2,1,,3,8,6,48,1,2,1,3,,,,,,2,
HH000173,HH000173-M02,02,Pascual,Nathan,,Mendoza,02,1,52,2,2,,,1,1,1,1,1,1,7,1,1,,,,2,2,2,3,,,,,,,,,,2,04,2,1,2,
HH000173,HH000173-M03,03,Pascual,Vincent,Jr.,Aquino,03,1,23,2,2,,,1,1,1,1,1,1,7,1,3,2,,07,2,2,1,,1,8,5,38,1,1,2,3,28,,,,,2,
HH000173,HH000173-M04,04,Pascual,Ella,,Garcia,04,2,1,1,,,,,,,,,,,,,,,,,,,,,,,,,,,,,,,,,,
HH000174,HH000174-M01,01,Reyes,Hanson,,Garcia,01,1,36,2,2,,,1,1,1,1,1,1,7,1,6,,,,2,2,1,,1,8,5,41,2,2,1,5,,,,,,2,
HH000174,HH000174-M02,02,Reyes,Nicole,,Domingo,02,2,32,2,2,,,1,1,1,1,1,1,7,1,6,,,,2,2,1,,1,8,6,47,2,2,3,,,,,,,2,
HH000174,HH000174-M03,03,Reyes,Sophia,,Reyes,04,2,13,1,2,,,1,1,1,1,1,1,,2,2,1,00024012,,,,2,2,,,,,,,,,,,,,,,
HH000174,HH000174-M04,04,Reyes,Joshua,Jr.,Garcia,03,1,2,1,,,,,,,,,,,,,,,,,,,,,,,,,,,,,,,,,,
HH000175,HH000175-M01,01,Domingo,Patricia,,Rivera,01,2,54,2,2,,,1,1,1,1,1,1,7,2,3,,,,2,2,2,2,,,,,,,,,,1,,1,1,2,
HH000175,HH000175-M02,02,Domingo,John,,Domingo,02,1,56,2,2,,,1,1,1,1,1,1,7,1,1,,,,2,2,2,2,,,,,,,,,,1,,1,1,2,
HH000175,HH000175-M03,03,Domingo,Luis,,Castillo,03,1,17,1,2,,,1,1,1,1,1,1,7,1,2,1,00034012,,1,2,1,,3,12,6,72,2,2,1,4,14,,,,,2,
HH000175,HH000175-M04,04,Domingo,Jasmine,,Domingo,04,2,11,1,2,,,1,1,1,1,1,1,,1,1,1,00024011,,,,2,2,,,,,,,,,,,,,,,
HH000175,HH000175-M05,05,Domingo,Leah,,Rivera,04,2,11,1,2,,,1,1,1,1,1,2,,1,1,1,00010016,,,,2,2,,,,,,,,,,,,,,,
HH000175,HH000175-M06,06,Domingo,Nicole,,Fernandez,16,2,51,2,2,,,1,1,1,1,1,1,7,1,6,,,,2,2,1,,1,7,4,28,1,2,3,,31,,,,,2,
HH000176,HH000176-M01,01,Bernal,John,III,Rivera,01,1,67,2,2,,1,1,2,1,3,1,1,7,1,3,,,,1,2,2,2,,,,,,,,,,2,10,,,2,
HH000176,HH000176-M02,02,Bernal,Mae,,Reyes,02,2,63,2,2,,8,1,2,1,2,1,2,7,1,2,,,,2,2,2,2,,,,,,,,,,2,10,,,2,
HH000177,HH000177-M01,01,Manalo,Mae,,Garcia,01,2,26,4,1,1,,1,1,1,1,2,3,7,1,2,,,,2,2,1,,3,12,5,60,2,2,1,6,12,,,,,2,
HH000177,HH000177-M02,02,Manalo,Mae,,Cruz,04,2,6,1,,,,1,1,1,1,1,1,,1,1,1,00010011,,,,2,2,,,,,,,,,,,,,,,
HH000177,HH000177-M03,03,Manalo,Andrea,,Ramos,04,2,4,1,,,,,,,,,,,,,2,,12,,,,,,,,,,,,,,,,,,,
HH000177,HH000177-M04,04,Manalo,Joshua,,Diaz,03,1,0,1,,,,,,,,,,,,,,,,,,,,,,,,,,,,,,,,,,
HH000178,HH000178-M01,01,Pascual,Leah,,Garcia,01,2,31,2,2,,,1,1,1,1,1,2,7,1,1,,,,2,2,1,,1,7,5,35,1,1,1,3,25,,,,,2,
HH000178,HH000178-M02,02,Pascual,Lance,,Soriano,02,1,31,2,2,,,1,1,1,1,1,1,7,1,1,,,,2,1,1,,1,10,6,60,2,2,3,,14,,,,,2,
HH000178,HH000178-M03,03,Pascual,Patricia,,Aguilar,04,2,8,1,,,,1,1,1,1,1,1,,1,1,1,00010013,,,,2,2,,,,,,,,,,,,,,,
HH000178,HH000178-M04,04,Pascual,Joy,,Soriano,04,2,1,1,,,,,,,,,,,,,,,,,,,,,,,,,,,,,,,,,,
HH000178,HH000178-M05,05,Pascual,Jerome,Jr.,Aquino,03,1,0,1,,,,,,,,,,,,,,,,,,,,,,,,,,,,,,,,,,
HH000179,HH000179-M01,01,Soriano,Lance,,Valdez,01,1,56,6,1,8,,1,2,1,1,1,1,1,1,1,,,,2,2,,,,,,,,,,,,,,,,,
HH000179,HH000179-M02,02,Soriano,Catherine,,Domingo,04,2,13,1,2,,,1,1,1,1,1,1,,1,2,1,00024012,,,,2,2,,,,,,,,,,,,,,,
HH000179,HH000179-M03,03,Soriano,Karen,,Bautista,04,2,9,1,,,,3,1,1,1,1,1,,1,1,1,00010015,,,,2,2,,,,,,,,,,,,,,,
HH000180,HH000180-M01,01,Salazar,Ana,,Navarro,01,2,42,4,1,2,,1,1,1,1,1,1,7,1,1,,,,2,2,2,2,,,,,,,,,,1,,1,2,1,1
HH000180,HH000180-M02,02,Salazar,Maria,,Lopez,04,2,10,1,2,,,1,1,1,1,1,1,,1,1,1,00010015,,,,2,2,,,,,,,,,,,,,,,
HH000180,HH000180-M03,03,Salazar,Jose,Jr.,Aquino,03,1,5,1,,,,1,1,1,3,1,1,,1,0,1,00010011,,,,2,2,,,,,,,,,,,,,,,
HH000181,HH000181-M01,01,Dela Cruz,Ana,,Valdez,01,2,31,2,2,,,3,1,1,1,1,1,7,1,3,,,,1,2,1,,2,6,3,18,2,2,1,3,29,,,,,2,
HH000181,HH000181-M02,02,Dela Cruz,Carlo,,Bautista,02,1,30,2,2,,,1,2,1,1,1,1,5,1,6,,,,2,2,2,2,,,,,,,,,,1,,1,1,2,
HH000181,HH000181-M03,03,Dela Cruz,Rafael,Jr.,Fernandez,03,1,11,2,2,,,1,1,1,1,1,1,,1,1,1,00010016,,,,2,2,,,,,,,,,,,,,,,
HH000181,HH000181-M04,04,Dela Cruz,Nicole,,Fernandez,04,2,9,1,,,,1,1,1,1,1,1,,1,1,1,00010014,,,,2,2,,,,,,,,,,,,,,,
HH000181,HH000181-M05,05,Dela Cruz,Christian,,Bautista,03,1,1,1,,,,,,,,,,,,,,,,,,,,,,,,,,,,,,,,,,
HH000181,HH000181-M06,06,Dela Cruz,Grace,,Navarro,16,2,34,2,2,,,1,1,1,1,1,1,7,1,3,,,,2,2,1,,2,8,5,40,2,2,3,,,,,,,2,
HH000182,HH000182-M01,01,Domingo,Paolo,Jr.,Soriano,01,1,35,2,2,,,1,1,1,1,1,1,7,1,1,,,,2,2,1,,1,8,5,42,2,2,4,,,,,,,2,
HH000182,HH000182-M02,02,Domingo,Bea,,Navarro,02,2,29,2,2,,,1,1,1,1,1,1,7,1,6,,,,2,2,1,,1,9,5,45,1,2,1,4,,,,,,2,
HH000182,HH000182-M03,03,Domingo,Andrea,,Flores,04,2,16,1,2,,,1,1,1,1,1,1,7,1,2,2,,06,2,2,2,2,,,,,,,,,,1,,2,1,2,
HH000183,HH000183-M01,01,Padilla,Maria,,Torres,01,2,41,6,1,1,,1,1,1,1,1,1,7,1,3,,,,2,2,2,2,,,,,,,,,,2,04,2,1,2,
HH000183,HH000183-M02,02,Padilla,Bea,,Santos,04,2,21,1,2,,,1,1,1,1,1,1,7,1,3,1,00034012,,2,2,2,3,,,,,,,,,,2,09,,,1,2
HH000183,HH000183-M03,03,Padilla,Carlo,,Aguilar,03,1,12,1,2,,,1,1,1,1,1,2,,1,1,1,00024011,,,,2,2,,,,,,,,,,,,,,,
HH000184,HH000184-M01,01,Aquino,Rafael,,Cruz,01,1,56,2,2,,,1,1,1,1,1,1,7,1,1,,,,2,2,1,,1,10,5,49,1,2,1,4,12,,,,,2,
HH000184,HH000184-M02,02,Aquino,Joy,,Flores,02,2,53,2,2,,,1,1,1,1,1,1,7,1,3,,,,2,2,2,3,,,,,,,,,,2,03,2,2,2,
HH000184,HH000184-M03,03,Aquino,Leah,,Navarro,04,2,13,1,2,,,1,1,1,1,1,1,,1,2,1,00024012,,,,2,2,,,,,,,,,,,,,,,
HH000184,HH000184-M04,04,Aquino,Angelo,,Aquino,03,1,8,1,,,,1,1,1,1,1,1,,1,1,1,00010013,,,,2,2,,,,,,,,,,,,,,,
HH000184,HH000184-M05,05,Aquino,Maria,,Reyes,04,2,7,1,,,,1,1,1,1,1,1,,1,1,1,00010012,,,,2,2,,,,,,,,,,,,,,,
HH000184,HH000184-M06,06,Aquino,Jerome,Jr.,Rivera,03,1,3,1,,,,,,,,,,,,,1,00001000,,,,,,,,,,,,,,,,,,,,
HH000185,HH000185-M01,01,Soriano,Angela,,Soriano,01,2,31,2,2,,,1,1,1,1,1,1,7,1,3,,,,2,2,2,2,,,,,,,,,,2,99,,,2,
HH000185,HH000185-M02,02,Soriano,Angelo,,Lopez,02,1,31,2,2,,,1,1,1,1,1,2,7,1,6,,,,2,2,1,,1,8,5,40,2,2,1,4,,,,,,2,
HH000186,HH000186-M01,01,Cabrera,Gabriel,Jr.,Domingo,01,1,37,2,2,,,1,1,1,1,1,1,7,1,1,,,,2,2,1,,1,8,6,48,1,2,1,3,,,,,,1,2
HH000186,HH000186-M02,02,Cabrera,Liza,,Diaz,02,2,40,2,2,,,1,1,1,2,1,1,7,1,4,,,,2,2,1,,3,8,6,50,2,2,1,3,14,,,,,2,
HH000186,HH000186-M03,03,Cabrera,Patricia,,Cruz,04,2,15,1,2,,,1,1,1,1,1,1,7,1,2,1,00024014,,2,2,1,,2,6,5,30,1,2,3,,24,,,,,2,
HH000186,HH000186-M04,04,Cabrera,Maria,,Flores,04,2,11,1,2,,,1,1,1,1,1,1,,1,1,1,00010016,,,,2,2,,,,,,,,,,,,,,,
HH000186,HH000186-M05,05,Cabrera,Luis,,Torres,03,1,1,1,,,,,,,,,,,,,,,,,,,,,,,,,,,,,,,,,,
HH000187,HH000187-M01,01,Cabrera,Daniel,,Santos,01,1,55,2,2,,,1,1,1,1,1,1,7,1,2,,,,2,2,2,2,,,,,,,,,,1,,2,1,2,
HH000187,HH000187-M02,02,Cabrera,Jasmine,,Diaz,02,2,49,2,2,,,1,1,1,1,1,1,7,1,2,,,,2,2,2,2,,,,,,,,,,2,05,1,1,2,
HH000187,HH000187-M03,03,Cabrera,Marco,Jr.,Flores,03,1,11,1,2,,,1,1,1,1,1,1,,1,1,1,00010016,,,,2,2,,,,,,,,,,,,,,,
HH000187,HH000187-M04,04,Cabrera,Vincent,Jr.,Valdez,03,1,7,1,,,,1,1,1,1,1,1,,1,1,1,00010012,,,,2,2,,,,,,,,,,,,,,,
HH000187,HH000187-M05,05,Cabrera,Grace,,Valdez,12,2,93,6,2,,1,1,1,1,4,1,3,7,1,3,,,,2,2,2,2,,,,,,,,,,2,08,,,2,
HH000187,HH000187-M06,06,Cabrera,Juan,,Reyes,11,1,80,3,2,,2,1,2,1,1,2,2,7,1,1,,,,2,2,2,1,2,9,0,0,2,2,3,,29,,,,,2,
HH000187,HH000187-M07,07,Cabrera,Sophia,,Diaz,12,2,87,4,2,,1,1,1,1,1,2,1,7,1,1,,,,1,2,1,,2,8,5,38,2,2,6,,30,,,,,2,
HH000188,HH000188-M01,01,Manalo,Carlo,Jr.,Reyes,01,1,35,2,2,,,1,1,1,1,1,1,7,2,6,,,,2,2,1,,2,10,5,50,2,2,5,3,13,,,,,2,
HH000188,HH000188-M02,02,Manalo,Catherine,,Aquino,02,2,39,2,2,,,1,1,1,1,1,2,7,1,3,,,,2,2,1,,3,8,5,40,2,2,5,4,,,,,,2,
HH000188,HH000188-M03,03,Manalo,Noel,,Reyes,03,1,2,1,,,,,,,,,,,,,,,,,,,,,,,,,,,,,,,,,,
HH000188,HH000188-M04,04,Manalo,Joan,,Ramos,23,2,57,1,2,,,1,1,1,1,1,1,7,1,6,,,,1,2,1,,1,12,6,72,2,2,3,,11,,,,,2,
HH000188,HH000188-M05,05,Manalo,Jerome,,Flores,11,1,74,2,2,,1,1,1,1,2,1,1,7,1,1,,,,2,2,2,2,,,,,,,,,,2,10,,,2,
HH000189,HH000189-M01,01,Mendoza,Jerome,,Reyes,01,1,25,2,2,,,1,1,1,1,1,1,7,1,3,,,,2,2,2,1,1,12,0,0,2,2,3,,11,,,,,1,1
HH000189,HH000189-M02,02,Mendoza,Patricia,,Lopez,02,2,22,2,2,,,1,1,1,1,1,1,7,1,3,2,,14,2,2,2,1,3,8,0,0,2,2,1,3,28,,,,,2,
HH000189,HH000189-M03,03,Mendoza,Jose,,Valdez,03,1,2,1,,,,,,,,,,,,,,,,,,,,,,,,,,,,,,,,,,
HH000189,HH000189-M04,04,Mendoza,Sophia,,Rivera,04,2,1,1,,,,,,,,,,,,,,,,,,,,,,,,,,,,,,,,,,
HH000189,HH000189-M05,05,Mendoza,Michelle,,Domingo,12,2,70,2,2,,1,1,1,1,1,1,1,7,1,2,,,,1,2,2,2,,,,,,,,,,2,07,,,2,
HH000190,HH000190-M01,01,Garcia,Joy,,Lopez,01,2,29,2,2,,,1,3,1,1,1,1,7,1,6,,,,2,1,1,,1,8,3,25,1,1,1,4,99,,,,,2,
HH000190,HH000190-M02,02,Garcia,Paolo,,Reyes,02,1,28,2,2,,,1,1,4,1,1,1,7,1,2,,,,2,2,1,,2,4,5,21,1,1,1,1,23,,,,,1,1
HH000190,HH000190-M03,03,Garcia,Mark,Jr.,Torres,03,1,7,1,,,,1,1,1,1,1,1,,1,1,1,00010012,,,,2,2,,,,,,,,,,,,,,,
HH000191,HH000191-M01,01,Valdez,Lance,,Soriano,01,1,37,2,2,,,1,1,1,1,1,1,7,1,3,,,,2,2,2,2,,,,,,,,,,2,04,2,1,2,
HH000191,HH000191-M02,02,Valdez,Leah,,Flores,02,2,41,2,2,,,1,1,1,1,1,1,7,1,4,,,,2,2,1,,1,6,5,32,1,2,3,,28,,,,,1,1
HH000191,HH000191-M03,03,Valdez,Leah,,Lopez,04,2,20,1,2,,,1,1,1,2,2,1,7,1,3,2,,08,2,2,2,2,,,,,,,,,,2,09,,,2,
HH000191,HH000191-M04,04,Valdez,Andrea,,Ramos,04,2,15,1,2,,,1,1,1,1,1,1,7,1,1,1,00024014,,2,2,1,,2,8,5,41,2,2,3,,,,,,,2,
HH000192,HH000192-M01,01,Aquino,Hanson,III,Soriano,01,1,43,2,2,,,1,1,1,1,1,1,2,1,6,,,,2,2,,,,,,,,,,,,,,,,,
HH000192,HH000192-M02,02,Aquino,Ella,,Soriano,02,2,43,2,2,,,2,1,1,1,1,1,7,1,2,,,,2,2,2,2,,,,,,,,,,2,03,2,2,2,
HH000193,HH000193-M01,01,Cabrera,Leah,,Navarro,01,2,56,2,2,,,1,1,1,1,1,1,7,1,3,,,,1,2,2,1,1,12,0,0,1,1,6,,12,,,,,2,
HH000193,HH000193-M02,02,Cabrera,Rafael,,Garcia,02,1,61,2,2,,1,1,1,1,3,1,1,7,1,3,,,,2,2,1,,2,8,6,48,2,2,3,,,,,,,1,1
HH000194,HH000194-M01,01,Padilla,Vincent,,Aquino,01,1,35,2,2,,,2,1,1,1,1,1,7,1,3,,,,2,2,1,,1,9,5,43,2,2,3,,,,,,,2,
HH000194,HH000194-M02,02,Padilla,Angela,,Garcia,02,2,32,2,2,,,1,1,1,1,1,1,7,1,6,,,,2,2,1,,1,6,5,31,1,2,2,4,22,,,,,2,
HH000194,HH000194-M03,03,Padilla,Joshua,,Cruz,03,1,14,1,2,,,1,1,1,1,2,1,,1,2,1,00024014,,,,2,2,,,,,,,,,,,,,,,
HH000195,HH000195-M01,01,Dela Cruz,Leah,,Torres,01,2,31,2,2,,,1,1,1,1,1,1,7,1,7,,,,2,2,2,3,,,,,,,,,,1,,2,1,2,
HH000195,HH000195-M02,02,Dela Cruz,Paolo,,Valdez,02,1,27,2,2,,,1,1,1,1,1,1,7,1,3,,,,2,2,1,,1,8,5,41,1,1,0,1,,,,,,2,
HH000195,HH000195-M03,03,Dela Cruz,Carlo,,Aquino,03,1,5,1,,,,1,1,1,1,1,1,,1,0,1,00002000,,,,2,2,,,,,,,,,,,,,,,
HH000195,HH000195-M04,04,Dela Cruz,Grace,,Flores,12,2,65,4,2,,1,1,1,1,1,1,2,7,1,3,,,,2,2,1,,1,8,5,40,2,2,1,4,,,,,,2,
HH000196,HH000196-M01,01,Rosales,Jasmine,,Soriano,01,2,21,1,2,,,1,1,1,1,1,2,7,1,6,2,,07,1,2,1,,1,8,5,40,2,2,3,,,,,,,2,
HH000197,HH000197-M01,01,Bautista,Carlo,,Lopez,01,1,35,2,2,,,1,1,1,1,1,1,7,1,1,,,,2,2,1,,1,9,7,63,2,2,6,,11,,,,,2,
HH000197,HH000197-M02,02,Bautista,Bea,,Aguilar,02,2,36,2,2,,,1,1,1,1,1,1,7,1,3,,,,2,2,2,1,3,8,0,0,2,2,3,,99,,,,,2,
HH000197,HH000197-M03,03,Bautista,Rafael,Jr.,Domingo,03,1,16,1,2,,,1,1,1,1,1,1,7,1,1,1,00034011,,2,2,2,3,,,,,,,,,,1,,1,1,2,
HH000197,HH000197-M04,04,Bautista,Noel,,Navarro,03,1,9,1,,,,1,1,1,1,1,1,,1,1,1,00010013,,,,2,2,,,,,,,,,,,,,,,
HH000197,HH000197-M05,05,Bautista,Miguel,,Valdez,03,1,7,1,,,,1,1,1,1,1,1,,2,1,1,00010012,,,,2,2,,,,,,,,,,,,,,,
HH000197,HH000197-M06,06,Bautista,Daniel,,Reyes,03,1,7,1,,,,1,1,1,1,1,1,,1,1,1,00010012,,,,2,2,,,,,,,,,,,,,,,
HH000197,HH000197-M07,07,Bautista,Andrea,,Flores,16,2,39,2,2,,,1,1,2,1,1,1,7,1,2,,,,2,2,1,,3,8,6,48,2,2,1,3,,,,,,2,
HH000198,HH000198-M01,01,Corpuz,Catherine,,Navarro,01,2,75,4,2,,2,1,1,1,1,1,1,7,2,2,,,,2,2,2,2,,,,,,,,,,1,,1,1,2,
HH000199,HH000199-M01,01,Abad,Noel,,Rivera,01,1,61,2,2,,2,1,2,1,1,1,1,7,1,1,,,,2,2,1,,2,10,5,48,2,2,6,,,,,,,2,
HH000200,HH000200-M01,01,Salazar,Andrea,,Torres,01,2,45,2,2,,,1,1,1,1,1,1,7,1,3,,,,2,2,1,,3,8,6,50,2,2,1,4,99,,,,,2,
HH000201,HH000201-M01,01,Navarro,Gabriel,,Flores,01,1,47,2,2,,,1,1,1,1,1,1,7,1,2,,,,2,2,1,,1,9,5,45,2,2,0,3,,,,,,2,
HH000201,HH000201-M02,02,Navarro,Joan,,Flores,02,2,46,2,2,,,1,1,1,1,4,1,7,1,2,,,,2,2,1,,3,7,4,28,1,2,3,,21,,,,,2,
HH000201,HH000201-M03,03,Navarro,Noel,,Aguilar,03,1,3,1,,,,,,,,,,,,,2,,06,,,,,,,,,,,,,,,,,,,
HH000201,HH000201-M04,04,Navarro,Angela,,Flores,04,2,2,1,,,,,,,,,,,,,,,,,,,,,,,,,,,,,,,,,,
HH000201,HH000201-M05,05,Navarro,Angela,,Aguilar,16,2,52,2,2,,,1,1,1,1,1,1,2,1,3,,,,2,2,,,,,,,,,,,,,,,,,
HH000202,HH000202-M01,01,Santos,Leah,,Santos,01,2,44,2,2,,,1,1,1,1,1,1,7,1,6,,,,1,2,2,2,,,,,,,,,,2,10,,,2,
HH000202,HH000202-M02,02,Santos,Juan,,Navarro,02,1,39,2,2,,,1,1,1,1,1,1,7,1,3,,,,2,2,1,,3,8,6,48,2,2,2,3,,,,,,2,
HH000202,HH000202-M03,03,Santos,Ella,,Rivera,04,2,22,1,2,,,1,1,1,1,1,1,7,1,6,2,,02,2,2,1,,3,12,6,72,2,2,3,,14,,,,,2,
HH000202,HH000202-M04,04,Santos,Catherine,,Torres,04,2,10,1,2,,,1,1,1,1,1,1,,1,1,1,00010015,,,,2,2,,,,,,,,,,,,,,,
HH000202,HH000202-M05,05,Santos,Nathan,Jr.,Bautista,03,1,10,2,2,,,2,1,1,1,1,1,,1,1,1,00010015,,,,2,2,,,,,,,,,,,,,,,
HH000203,HH000203-M01,01,Corpuz,Andrea,,Garcia,01,2,66,2,2,,1,1,1,1,3,1,1,7,1,2,,,,2,1,2,2,,,,,,,,,,2,07,,,2,
HH000203,HH000203-M02,02,Corpuz,Hanson,,Reyes,02,1,60,2,2,,1,2,1,1,1,1,2,7,1,2,,,,2,2,2,2,,,,,,,,,,1,,1,1,2,
HH000204,HH000204-M01,01,Dela Cruz,Andrea,,Flores,01,2,54,2,2,,,1,2,1,1,1,1,1,1,6,,,,2,2,,,,,,,,,,,,,,,,,
HH000204,HH000204-M02,02,Dela Cruz,Nathan,,Navarro,02,1,50,2,2,,,2,1,1,1,1,2,7,1,3,,,,1,2,1,,1,8,6,48,2,2,1,3,,,,,,2,
HH000205,HH000205-M01,01,Santos,John,,Fernandez,01,1,51,2,2,,,1,1,1,1,1,1,7,1,3,,,,2,2,1,,1,10,5,50,1,1,3,,11,,,,,2,
HH000205,HH000205-M02,02,Santos,Grace,,Cruz,02,2,55,2,2,,,1,1,1,1,1,1,7,1,3,,,,1,2,1,,1,12,5,60,2,2,6,,13,,,,,2,
HH000205,HH000205-M03,03,Santos,Leah,,Cruz,04,2,19,1,2,,,1,1,1,1,1,1,7,1,6,1,00034012,,2,2,1,,3,7,5,34,1,1,6,,28,,,,,2,
HH000205,HH000205-M04,04,Santos,Juan,,Diaz,03,1,10,1,2,,,1,1,1,2,1,1,,1,1,1,00010014,,,,2,2,,,,,,,,,,,,,,,
HH000205,HH000205-M05,05,Santos,Daniel,,Santos,11,1,93,5,2,,8,2,2,2,1,1,2,7,1,3,,,,2,2,2,1,1,8,0,0,2,2,1,4,20,,,,,2,
HH000206,HH000206-M01,01,Dela Cruz,Nathan,,Bautista,01,1,36,2,2,,,1,1,1,1,1,1,7,1,1,,,,2,2,2,2,,,,,,,,,,2,10,,,2,
HH000206,HH000206-M02,02,Dela Cruz,Joan,,Rivera,02,2,41,2,2,,,2,1,1,1,1,1,7,1,6,,,,2,2,1,,1,5,5,24,1,1,1,3,23,,,,,2,
HH000206,HH000206-M03,03,Dela Cruz,Daniel,,Fernandez,03,1,11,1,2,,,1,1,1,1,1,1,,1,1,1,00010016,,,,2,2,,,,,,,,,,,,,,,
HH000206,HH000206-M04,04,Dela Cruz,Joy,,Domingo,04,2,9,1,,,,1,1,1,1,1,1,,1,1,1,00010015,,,,2,2,,,,,,,,,,,,,,,
HH000206,HH000206-M05,05,Dela Cruz,Angelo,Jr.,Mendoza,03,1,3,1,,,,,,,,,,,,,1,00002000,,,,,,,,,,,,,,,,,,,,
HH000206,HH000206-M06,06,Dela Cruz,Nathan,,Navarro,03,1,0,1,,,,,,,,,,,,,,,,,,,,,,,,,,,,,,,,,,
HH000206,HH000206-M07,07,Dela Cruz,Paolo,,Reyes,15,1,35,2,2,,,1,1,1,2,1,1,7,1,2,,,,2,2,2,3,,,,,,,,,,2,05,2,2,1,1
HH000206,HH000206-M08,08,Dela Cruz,Joan,,Fernandez,23,2,59,2,2,,,1,1,1,1,1,2,7,1,2,,,,2,2,1,,3,8,5,42,2,2,6,,,,,,,2,
HH000207,HH000207-M01,01,Soriano,Rafael,,Aquino,01,1,52,2,2,,,1,1,1,1,1,1,7,1,6,,,,2,2,1,,2,8,5,39,1,2,0,7,28,,,,,1,1
HH000208,HH000208-M01,01,Bernal,Jerome,,Reyes,01,1,35,2,2,,,1,1,1,1,1,1,7,1,6,,,,2,2,1,,3,8,5,40,2,2,3,,,,,,,2,
HH000208,HH000208-M02,02,Bernal,Rose,,Lopez,02,2,39,2,2,,,1,2,1,1,1,1,7,1,3,,,,2,2,2,1,3,8,0,0,2,2,2,2,30,,,,,2,
HH000209,HH000209-M01,01,Manalo,Patricia,,Valdez,01,2,30,2,2,,,1,1,1,1,1,1,7,1,7,,,,2,2,1,,3,8,6,46,2,2,3,,,,,,,2,
HH000210,HH000210-M01,01,Torres,Vincent,,Soriano,01,1,28,2,2,,,1,1,1,1,1,1,7,1,3,,,,2,2,1,,1,6,5,30,1,1,3,,30,,,,,2,
HH000210,HH000210-M02,02,Torres,Sophia,,Rivera,02,2,33,2,2,,,1,1,1,1,1,2,7,1,6,,,,2,2,1,,1,8,5,41,2,2,1,1,,,,,,2,
HH000210,HH000210-M03,03,Torres,Angelo,,Ramos,03,1,9,1,,,,1,1,1,1,1,1,,1,1,1,00010014,,,,2,2,,,,,,,,,,,,,,,
HH000211,HH000211-M01,01,Salazar,Bea,,Lopez,01,2,36,2,2,,,1,1,1,1,1,1,7,1,6,,,,2,2,2,2,,,,,,,,,,1,,1,1,2,
HH000211,HH000211-M02,02,Salazar,Daniel,,Lopez,02,1,41,2,2,,,1,1,1,1,1,1,7,1,6,,,,2,2,2,2,,,,,,,,,,2,04,2,2,2,
HH000211,HH000211-M03,03,Salazar,Carlo,,Domingo,03,1,16,1,2,,,1,1,1,1,1,1,7,1,2,1,00034011,,2,1,2,2,,,,,,,,,,2,09,,,2,
HH000211,HH000211-M04,04,Salazar,Grace,,Flores,04,2,12,1,2,,,1,1,1,1,1,1,,1,1,1,00024011,,,,2,2,,,,,,,,,,,,,,,
HH000211,HH000211-M05,05,Salazar,Jerome,,Mendoza,03,1,12,1,2,,,1,1,1,1,1,1,,1,1,1,00024011,,,,2,2,,,,,,,,,,,,,,,
HH000211,HH000211-M06,06,Salazar,Jasmine,,Bautista,04,2,9,1,,,,1,1,1,1,1,1,,1,1,1,00010014,,,,2,2,,,,,,,,,,,,,,,
HH000212,HH000212-M01,01,Aquino,John,III,Cruz,01,1,27,1,1,2,,1,1,1,1,1,1,7,1,4,,,,2,2,2,2,,,,,,,,,,2,04,2,1,2,
HH000212,HH000212-M02,02,Aquino,Sophia,,Diaz,04,2,8,1,,,,2,1,1,1,1,1,,1,1,1,00010013,,,,2,2,,,,,,,,,,,,,,,
HH000212,HH000212-M03,03,Aquino,Rose,,Torres,04,2,8,1,,,,1,1,1,1,1,1,,1,1,1,00010013,,,,2,2,,,,,,,,,,,,,,,
HH000212,HH000212-M04,04,Aquino,Daniel,,Torres,03,1,2,1,,,,,,,,,,,,,,,,,,,,,,,,,,,,,,,,,,
HH000212,HH000212-M05,05,Aquino,Bea,,Castillo,04,2,2,1,,,,,,,,,,,,,,,,,,,,,,,,,,,,,,,,,,
HH000213,HH000213-M01,01,Corpuz,Hanson,,Fernandez,01,1,57,2,2,,,1,1,1,1,1,1,7,1,3,,,,2,2,2,2,,,,,,,,,,1,,1,1,2,
HH000213,HH000213-M02,02,Corpuz,Jasmine,,Aguilar,02,2,53,2,2,,,1,1,1,1,1,1,7,1,2,,,,2,2,1,,1,6,5,30,2,2,1,3,28,,,,,2,
HH000213,HH000213-M03,03,Corpuz,Mark,,Soriano,03,1,24,2,2,,,1,1,1,1,1,1,1,1,4,1,00034012,,1,2,,,,,,,,,,,,,,,,,
HH000213,HH000213-M04,04,Corpuz,Miguel,Jr.,Torres,03,1,18,1,2,,,1,1,1,1,1,1,7,1,2,1,00034012,,2,2,2,2,,,,,,,,,,2,09,,,2,
HH000213,HH000213-M05,05,Corpuz,Bea,,Soriano,04,2,12,1,2,,,1,1,1,1,1,1,,1,1,1,00024011,,,,2,2,,,,,,,,,,,,,,,
HH000214,HH000214-M01,01,Abad,Patricia,,Torres,01,2,56,2,2,,,1,4,1,1,1,1,7,1,2,,,,2,2,1,,1,8,5,39,1,1,2,1,28,,,,,2,
HH000214,HH000214-M02,02,Abad,Jerome,,Rivera,02,1,56,2,2,,,1,1,1,1,1,1,7,1,3,,,,2,2,1,,1,7,5,36,1,2,3,,22,,,,,2,
HH000214,HH000214-M03,03,Abad,Daniel,Jr.,Castillo,03,1,20,1,2,,,1,1,1,1,1,1,7,1,6,1,00034012,,2,1,1,,1,8,6,48,2,2,2,4,,,,,,2,
HH000214,HH000214-M04,04,Abad,Kristine,,Reyes,04,2,8,1,,,,1,1,1,1,2,1,,1,1,1,00010013,,,,2,2,,,,,,,,,,,,,,,
HH000215,HH000215-M01,01,Castro,Nathan,,Rivera,01,1,58,2,2,,,1,1,1,1,2,1,7,1,2,,,,2,2,2,3,,,,,,,,,,2,10,,,2,
HH000215,HH000215-M02,02,Castro,Rose,,Bautista,02,2,56,2,2,,,1,1,1,1,1,1,7,1,3,,,,2,2,2,2,,,,,,,,,,1,,1,1,1,2
HH000215,HH000215-M03,03,Castro,Kristine,,Mendoza,04,2,6,1,,,,1,1,1,1,1,1,,1,0,1,00010011,,,,2,2,,,,,,,,,,,,,,,
HH000216,HH000216-M01,01,Soriano,Marco,,Torres,01,1,41,1,2,,,1,2,1,1,1,1,7,1,3,,,,1,2,2,2,,,,,,,,,,1,,1,1,2,
HH000217,HH000217-M01,01,Padilla,Miguel,,Valdez,01,1,30,2,2,,,1,1,2,1,1,1,7,1,3,,,,2,2,1,,2,12,5,58,2,2,3,,12,,,,,2,
HH000217,HH000217-M02,02,Padilla,Andrea,,Torres,02,2,25,2,2,,,1,1,1,1,1,2,7,1,3,,,,2,2,1,,2,6,7,42,1,2,1,4,,,,,,2,
HH000217,HH000217-M03,03,Padilla,Juan,,Aquino,03,1,13,1,2,,,1,1,1,1,1,1,,1,2,1,00024011,,,,2,2,,,,,,,,,,,,,,,
HH000218,HH000218-M01,01,Manalo,Joy,,Torres,01,2,25,2,2,,,1,1,1,1,1,1,4,1,3,,,,2,2,2,2,,,,,,,,,,2,10,,,2,
HH000218,HH000218-M02,02,Manalo,Miguel,,Cruz,02,1,21,2,2,,,1,1,1,1,1,1,7,1,3,2,,07,2,2,2,2,,,,,,,,,,2,09,,,2,
HH000218,HH000218-M03,03,Manalo,Paolo,,Ramos,03,1,6,1,,,,1,1,1,1,1,2,,1,1,1,00010011,,,,2,2,,,,,,,,,,,,,,,
HH000218,HH000218-M04,04,Manalo,Rose,,Flores,04,2,0,1,,,,,,,,,,,,,,,,,,,,,,,,,,,,,,,,,,
HH000218,HH000218-M05,05,Manalo,Rommel,Jr.,Garcia,03,1,0,1,,,,,,,,,,,,,,,,,,,,,,,,,,,,,,,,,,
HH000218,HH000218-M06,06,Manalo,Paolo,,Bautista,15,1,24,2,2,,,1,1,1,1,1,1,7,1,6,1,00034012,,2,2,1,,2,8,5,38,1,1,1,2,20,,,,,2,
HH000219,HH000219-M01,01,Manalo,Maria,,Domingo,01,2,50,6,1,2,,1,1,1,1,2,1,7,1,6,,,,2,2,2,1,1,8,0,0,2,2,4,,32,,,,,2,
HH000219,HH000219-M02,02,Manalo,Carlo,Jr.,Navarro,03,1,17,1,2,,,1,1,1,1,1,1,7,1,2,1,00034012,,2,2,1,,1,8,7,56,2,2,1,2,11,,,,,2,
HH000219,HH000219-M03,03,Manalo,Juan,Jr.,Flores,03,1,5,1,,,,1,1,1,1,1,1,,2,0,1,00010011,,,,2,2,,,,,,,,,,,,,,,
HH000219,HH000219-M04,04,Manalo,Rafael,,Valdez,03,1,4,1,,,,,,,,,,,,,1,00001000,,,,,,,,,,,,,,,,,,,,
HH000220,HH000220-M01,01,Mendoza,Jasmine,,Ramos,01,2,37,2,2,,,1,1,1,1,1,1,7,1,6,,,,2,2,1,,2,8,5,41,2,2,1,6,,,,,,2,
HH000220,HH000220-M02,02,Mendoza,Rommel,,Bautista,02,1,33,2,2,,,1,2,1,2,2,1,7,1,3,,,,2,2,2,3,,,,,,,,,,1,,1,2,2,
HH000220,HH000220-M03,03,Mendoza,Ella,,Mendoza,04,2,15,1,2,,,1,1,1,1,1,1,7,1,2,1,00034011,,2,2,2,2,,,,,,,,,,1,,1,1,2,
HH000220,HH000220-M04,04,Mendoza,Ella,,Flores,04,2,9,1,,,,1,1,1,1,1,1,,1,1,1,00010014,,,,2,2,,,,,,,,,,,,,,,
HH000220,HH000220-M05,05,Mendoza,Joy,,Valdez,04,2,3,1,,,,,,,,,,,,,1,00002000,,,,,,,,,,,,,,,,,,,,
HH000220,HH000220-M06,06,Mendoza,Jerome,,Soriano,03,1,2,1,,,,,,,,,,,,,,,,,,,,,,,,,,,,,,,,,,
HH000221,HH000221-M01,01,Castro,Hanson,,Rivera,01,1,36,2,2,,,1,1,2,1,1,1,7,1,6,,,,2,2,1,,1,9,7,65,2,2,0,7,11,,,,,2,
HH000221,HH000221-M02,02,Castro,Nicole,,Fernandez,02,2,32,2,2,,,1,1,1,1,1,1,7,2,2,,,,2,2,1,,3,8,5,39,2,2,1,4,28,,,,,2,
HH000221,HH000221-M03,03,Castro,Joy,,Cruz,04,2,18,1,2,,,1,1,1,1,1,1,7,1,3,1,00034012,,2,2,1,,2,8,5,42,1,2,1,1,,,,,,2,
HH000221,HH000221-M04,04,Castro,Joan,,Bautista,04,2,15,1,2,,,1,1,1,1,1,1,7,1,2,1,00024014,,2,2,2,3,,,,,,,,,,2,09,,,2,
HH000221,HH000221-M05,05,Castro,John,,Mendoza,03,1,13,1,2,,,1,1,1,1,1,1,,1,2,2,,13,,,2,2,,,,,,,,,,,,,,,
HH000221,HH000221-M06,06,Castro,Nicole,,Santos,04,2,8,1,,,,1,1,1,1,1,1,,1,1,1,00010013,,,,2,2,,,,,,,,,,,,,,,
HH000221,HH000221-M07,07,Castro,Andrea,,Ramos,12,2,63,4,2,,1,1,1,3,2,1,2,1,1,2,,,,2,2,,,,,,,,,,,,,,,,,
HH000221,HH000221-M08,08,Castro,Nicole,,Ramos,16,2,35,1,2,,,1,1,1,1,1,1,7,1,6,,,,2,2,1,,2,6,3,17,1,1,1,3,27,,,,,1,1
HH000221,HH000221-M09,09,Castro,Lance,,Navarro,15,1,40,5,2,,,1,1,1,1,1,1,7,1,3,,,,2,2,1,,1,8,5,41,2,2,1,6,,,,,,2,
HH000222,HH000222-M01,01,Fernandez,Ana,,Aquino,01,2,53,2,2,,,1,1,1,1,1,1,7,1,6,,,,2,2,1,,1,12,4,48,2,2,4,,,,,,,1,1
HH000222,HH000222-M02,02,Fernandez,Jose,,Flores,02,1,51,2,2,,,1,1,1,1,1,1,7,2,3,,,,2,2,1,,1,6,7,40,1,2,2,2,,,,,,2,
HH000222,HH000222-M03,03,Fernandez,Daniel,,Castillo,03,1,9,1,,,,1,1,1,1,1,1,,1,1,1,00010014,,,,2,2,,,,,,,,,,,,,,,
HH000222,HH000222-M04,04,Fernandez,Jerome,,Bautista,03,1,8,1,,,,2,1,1,1,1,1,,1,1,1,00010012,,,,2,2,,,,,,,,,,,,,,,
HH000223,HH000223-M01,01,Domingo,Liza,,Torres,01,2,33,2,2,,,1,1,1,1,1,1,1,1,3,,,,2,2,,,,,,,,,,,,,,,,,
HH000223,HH000223-M02,02,Domingo,Joshua,,Diaz,02,1,36,2,2,,,1,1,1,1,1,1,7,1,6,,,,2,2,1,,1,9,5,44,2,2,4,,,,,,,2,
HH000223,HH000223-M03,03,Domingo,Grace,,Flores,04,2,10,1,2,,,1,1,1,1,1,1,,1,1,2,,02,,,2,2,,,,,,,,,,,,,,,
HH000223,HH000223-M04,04,Domingo,Michelle,,Rivera,04,2,5,1,,,,1,1,1,1,1,1,,1,0,1,00002000,,,,2,2,,,,,,,,,,,,,,,
HH000224,HH000224-M01,01,Domingo,Luis,,Aquino,01,1,27,2,2,,,1,1,1,1,1,1,7,1,1,,,,2,2,1,,1,5,6,29,2,2,1,4,28,,,,,2,
HH000224,HH000224-M02,02,Domingo,Kristine,,Aquino,02,2,30,2,2,,,1,1,1,1,1,1,7,1,6,,,,2,2,1,,3,8,6,48,1,1,1,3,,,,,,2,
HH000224,HH000224-M03,03,Domingo,Joshua,Jr.,Cruz,03,1,1,1,,,,,,,,,,,,,,,,,,,,,,,,,,,,,,,,,,
HH000224,HH000224-M04,04,Domingo,Mae,,Aguilar,04,2,1,1,,,,,,,,,,,,,,,,,,,,,,,,,,,,,,,,,,
HH000225,HH000225-M01,01,Aguilar,Mark,Jr.,Soriano,01,1,36,2,2,,,1,1,2,1,1,1,7,1,2,,,,2,2,1,,1,10,7,70,2,2,1,4,11,,,,,2,
HH000225,HH000225-M02,02,Aguilar,Kristine,,Santos,02,2,41,2,2,,,1,1,1,1,1,1,7,1,3,,,,2,2,1,,2,5,6,30,2,2,1,4,23,,,,,2,
HH000226,HH000226-M01,01,Domingo,Joy,,Ramos,01,2,37,6,1,2,,1,1,1,1,1,1,7,1,3,,,,1,2,1,,1,8,5,39,1,2,3,,22,,,,,1,1
HH000226,HH000226-M02,02,Domingo,Vincent,,Cruz,03,1,9,1,,,,1,1,1,2,1,1,,1,1,1,00010014,,,,2,2,,,,,,,,,,,,,,,
HH000226,HH000226-M03,03,Domingo,Angela,,Garcia,04,2,6,1,,,,1,1,1,1,1,1,,1,0,1,00010011,,,,2,2,,,,,,,,,,,,,,,
HH000226,HH000226-M04,04,Domingo,Catherine,,Cruz,04,2,0,1,,,,,,,,,,,,,,,,,,,,,,,,,,,,,,,,,,
HH000227,HH000227-M01,01,Soriano,Andrea,,Reyes,01,2,50,1,1,1,,1,1,1,1,1,1,7,1,6,,,,2,2,2,3,,,,,,,,,,1,,1,1,1,1
HH000227,HH000227-M02,02,Soriano,Angelo,Jr.,Bautista,03,1,11,1,2,,,1,1,1,1,1,1,,1,1,1,00010016,,,,2,2,,,,,,,,,,,,,,,
HH000227,HH000227-M03,03,Soriano,Catherine,,Domingo,04,2,8,1,,,,1,1,1,1,1,1,,1,1,2,,15,,,2,2,,,,,,,,,,,,,,,
HH000228,HH000228-M01,01,Valdez,Jasmine,,Navarro,01,2,44,2,2,,,1,1,1,1,1,1,7,1,6,,,,1,2,1,,3,4,5,21,2,2,3,,22,,,,,2,
HH000228,HH000228-M02,02,Valdez,Hanson,,Soriano,02,1,38,2,2,,,1,1,1,1,1,1,7,1,6,,,,1,2,1,,2,8,6,50,2,2,3,,12,,,,,2,
HH000229,HH000229-M01,01,Cabrera,Gabriel,III,Garcia,01,1,48,5,1,2,,1,1,2,1,1,1,7,1,2,,,,2,2,1,,1,8,4,31,2,2,1,2,30,,,,,2,
HH000229,HH000229-M02,02,Cabrera,Joshua,,Valdez,03,1,15,1,2,,,1,1,1,1,1,1,7,1,1,1,00024014,,2,2,2,2,,,,,,,,,,2,06,,,2,
HH000230,HH000230-M01,01,Aquino,Luis,,Soriano,01,1,53,2,2,,,1,1,1,1,1,1,7,1,2,,,,2,2,1,,2,12,4,47,2,2,3,,,,,,,2,
HH000230,HH000230-M02,02,Aquino,Liza,,Navarro,02,2,52,2,2,,,1,1,1,1,1,1,7,1,6,,,,2,2,2,2,,,,,,,,,,1,,1,1,1,1
HH000230,HH000230-M03,03,Aquino,Hanson,,Torres,03,1,13,1,2,,,1,1,1,1,1,1,,1,1,1,00024012,,,,2,2,,,,,,,,,,,,,,,
HH000230,HH000230-M04,04,Aquino,Nathan,,Bautista,15,1,65,2,2,,1,1,1,1,1,1,1,7,1,2,,,,2,2,1,,1,8,6,48,2,2,1,4,,,,,,2,
HH000230,HH000230-M05,05,Aquino,Jasmine,,Rivera,12,2,80,2,2,,1,2,1,2,2,3,1,1,1,6,,,,2,2,,,,,,,,,,,,,,,,,
HH000230,HH000230-M06,06,Aquino,Jasmine,,Reyes,16,2,64,4,2,,1,2,1,1,1,1,1,7,1,6,,,,2,2,1,,2,8,7,56,2,2,3,,14,,,,,2,
HH000231,HH000231-M01,01,Cabrera,Jasmine,,Domingo,01,2,32,2,2,,,1,1,1,2,2,1,7,1,6,,,,2,2,1,,1,8,5,39,1,1,3,,28,,,,,2,
HH000231,HH000231-M02,02,Cabrera,Jose,,Lopez,02,1,28,2,2,,,1,1,1,1,1,1,7,1,2,,,,2,2,2,3,,,,,,,,,,2,10,,,2,
HH000231,HH000231-M03,03,Cabrera,Liza,,Aquino,04,2,4,1,,,,,,,,,,,,,2,,12,,,,,,,,,,,,,,,,,,,
HH000231,HH000231-M04,04,Cabrera,Liza,,Aquino,04,2,3,1,,,,,,,,,,,,,1,00002000,,,,,,,,,,,,,,,,,,,,
HH000232,HH000232-M01,01,Reyes,Angelo,,Garcia,01,1,48,2,2,,,1,1,1,2,1,2,7,1,6,,,,2,2,1,,1,8,6,48,1,2,1,4,,,,,,2,
HH000232,HH000232-M02,02,Reyes,Andrea,,Bautista,02,2,45,2,2,,,1,1,1,1,1,1,1,1,6,,,,2,2,,,,,,,,,,,,,,,,,
HH000232,HH000232-M03,03,Reyes,Leah,,Domingo,04,2,15,1,2,,,1,1,1,1,1,1,7,1,2,2,,06,2,2,2,3,,,,,,,,,,2,09,,,2,
HH000232,HH000232-M04,04,Reyes,Vincent,Jr.,Lopez,03,1,5,1,,,,1,1,1,1,1,1,,1,0,1,00002000,,,,2,2,,,,,,,,,,,,,,,
HH000233,HH000233-M01,01,Valdez,Rose,,Garcia,01,2,32,2,2,,,1,3,1,1,1,1,7,1,6,,,,2,2,2,2,,,,,,,,,,2,03,2,1,2,
HH000233,HH000233-M02,02,Valdez,Rafael,,Santos,02,1,34,2,2,,,1,1,1,2,2,1,7,1,6,,,,2,2,1,,3,5,5,27,2,2,3,,31,,,,,1,1
HH000233,HH000233-M03,03,Valdez,Karen,,Soriano,04,2,13,1,2,,,1,1,1,1,1,1,,1,2,1,00024012,,,,2,2,,,,,,,,,,,,,,,
HH000233,HH000233-M04,04,Valdez,Marco,,Castillo,03,1,10,1,2,,,1,1,1,1,1,1,,1,1,1,00010015,,,,2,2,,,,,,,,,,,,,,,
HH000233,HH000233-M05,05,Valdez,Rommel,,Ramos,03,1,4,1,,,,,,,,,,,,,2,,12,,,,,,,,,,,,,,,,,,,
HH000234,HH000234-M01,01,Soriano,Michelle,,Aquino,01,2,51,2,2,,,1,1,1,1,1,1,7,1,7,,,,2,2,1,,3,12,4,48,2,2,1,5,,,,,,2,
HH000234,HH000234-M02,02,Soriano,Carlo,,Reyes,02,1,46,2,2,,,1,1,1,1,1,3,7,1,6,,,,1,2,1,,2,9,5,45,2,2,3,,,,,,,2,
HH000234,HH000234-M03,03,Soriano,Michelle,,Aquino,04,2,12,3,2,,,1,1,1,1,1,1,,1,1,1,00024011,,,,2,2,,,,,,,,,,,,,,,
HH000234,HH000234-M04,04,Soriano,Leah,,Aquino,04,2,8,1,,,,1,1,1,1,1,1,,1,1,1,00010012,,,,2,2,,,,,,,,,,,,,,,
HH000234,HH000234-M05,05,Soriano,Liza,,Mendoza,04,2,5,1,,,,2,1,1,1,1,1,,1,0,1,00002000,,,,2,2,,,,,,,,,,,,,,,
HH000234,HH000234-M06,06,Soriano,Patricia,,Bautista,04,2,4,1,,,,,,,,,,,,,2,,12,,,,,,,,,,,,,,,,,,,
HH000234,HH000234-M07,07,Soriano,Carlo,,Aguilar,03,1,1,1,,,,,,,,,,,,,,,,,,,,,,,,,,,,,,,,,,
HH000235,HH000235-M01,01,Cabrera,Jasmine,,Domingo,01,2,39,2,2,,,1,1,1,1,1,1,7,1,7,,,,1,2,1,,2,8,3,24,1,1,1,3,22,,,,,1,1
HH000235,HH000235-M02,02,Cabrera,Miguel,,Ramos,02,1,36,2,2,,,1,1,1,1,1,1,7,2,6,,,,2,2,1,,1,8,5,41,2,2,2,3,,,,,,1,1
HH000235,HH000235-M03,03,Cabrera,Ella,,Navarro,04,2,18,1,2,,,1,1,1,1,1,1,7,1,3,2,,08,2,2,1,,2,8,6,46,2,2,1,7,,,,,,2,
HH000235,HH000235-M04,04,Cabrera,Vincent,,Santos,03,1,13,1,2,,,1,1,1,1,1,1,,1,1,1,00024012,,,,2,2,,,,,,,,,,,,,,,
HH000235,HH000235-M05,05,Cabrera,Christian,,Garcia,03,1,9,1,,,,1,1,1,1,1,1,,1,1,1,00010014,,,,2,2,,,,,,,,,,,,,,,
HH000235,HH000235-M06,06,Cabrera,Noel,,Fernandez,03,1,5,1,,,,1,1,1,1,1,1,,1,0,2,,12,,,2,2,,,,,,,,,,,,,,,
HH000236,HH000236-M01,01,Pascual,Jerome,,Santos,01,1,26,2,2,,,1,2,1,2,1,1,7,2,6,,,,2,2,1,,1,4,6,24,2,2,1,0,32,,,,,2,
HH000236,HH000236-M02,02,Pascual,Rose,,Reyes,02,2,20,2,2,,,1,1,1,1,1,1,7,1,6,2,,07,2,2,2,3,,,,,,,,,,1,,1,1,2,
HH000236,HH000236-M03,03,Pascual,Rafael,,Cruz,03,1,1,1,,,,,,,,,,,,,,,,,,,,,,,,,,,,,,,,,,
HH000236,HH000236-M04,04,Pascual,Maria,,Soriano,04,2,1,1,,,,,,,,,,,,,,,,,,,,,,,,,,,,,,,,,,
HH000237,HH000237-M01,01,Bautista,Rose,,Flores,01,2,37,2,2,,,1,1,1,1,1,1,7,1,1,,,,2,2,1,,1,5,3,13,1,2,3,,28,,,,,2,
HH000237,HH000237-M02,02,Bautista,Hanson,,Santos,02,1,35,2,2,,,1,2,1,1,1,1,7,1,3,,,,1,1,1,,2,12,6,72,2,2,2,4,11,,,,,2,
HH000237,HH000237-M03,03,Bautista,Jerome,,Valdez,03,1,17,1,2,,,1,1,1,1,1,1,7,1,3,1,00034012,,2,2,2,3,,,,,,,,,,1,,1,1,2,
HH000237,HH000237-M04,04,Bautista,Carlo,,Torres,03,1,6,1,,,,1,1,1,1,1,1,,2,0,1,00010011,,,,2,2,,,,,,,,,,,,,,,
HH000237,HH000237-M05,05,Bautista,Patricia,,Garcia,04,2,3,1,,,,,,,,,,,,,1,00001000,,,,,,,,,,,,,,,,,,,,
HH000238,HH000238-M01,01,Corpuz,Karen,,Fernandez,01,2,50,2,2,,,1,1,1,1,1,1,7,1,6,,,,2,2,1,,3,7,3,20,1,1,0,3,32,,,,,2,
HH000238,HH000238-M02,02,Corpuz,Carlo,,Torres,02,1,55,2,2,,,1,1,1,1,1,1,7,1,5,,,,2,2,1,,1,10,4,39,2,2,1,7,28,,,,,2,
HH000238,HH000238-M03,03,Corpuz,Carlo,,Lopez,03,1,10,1,2,,,1,1,1,1,1,1,,1,1,1,00010015,,,,2,2,,,,,,,,,,,,,,,
HH000238,HH000238-M04,04,Corpuz,Ana,,Cruz,04,2,5,1,,,,1,1,1,1,1,1,,2,0,1,00002000,,,,2,2,,,,,,,,,,,,,,,
HH000238,HH000238-M05,05,Corpuz,Angelo,Jr.,Santos,03,1,2,1,,,,,,,,,,,,,,,,,,,,,,,,,,,,,,,,,,
HH000239,HH000239-M01,01,Valdez,Marco,III,Reyes,01,1,55,2,2,,,1,1,1,1,1,1,7,1,3,,,,2,2,1,,1,12,6,70,1,2,1,3,12,,,,,1,1
HH000239,HH000239-M02,02,Valdez,Nicole,,Santos,02,2,56,2,2,,,1,2,1,1,1,1,7,1,6,,,,2,2,2,2,,,,,,,,,,2,03,2,2,2,
HH000239,HH000239-M03,03,Valdez,Karen,,Aguilar,04,2,19,1,2,,,1,1,1,1,1,1,7,1,3,1,00034012,,2,2,1,,1,8,6,47,2,2,1,5,,,,,,2,
HH000239,HH000239-M04,04,Valdez,Rafael,,Cruz,03,1,7,1,,,,1,1,1,1,1,1,,1,1,1,00010012,,,,2,2,,,,,,,,,,,,,,,
HH000240,HH000240-M01,01,Domingo,Jasmine,,Lopez,01,2,30,2,2,,,1,2,1,1,1,1,7,1,6,,,,2,1,1,,1,8,5,41,2,2,5,7,,,,,,2,
HH000240,HH000240-M02,02,Domingo,Miguel,,Castillo,02,1,27,2,2,,,1,2,1,1,1,1,7,1,6,,,,2,2,1,,1,12,6,72,2,2,6,,12,,,,,2,
HH000240,HH000240-M03,03,Domingo,Vincent,,Mendoza,03,1,11,1,2,,,1,1,1,1,1,1,,2,1,1,00010016,,,,2,2,,,,,,,,,,,,,,,
HH000240,HH000240-M04,04,Domingo,Patricia,,Reyes,04,2,10,1,2,,,1,1,1,1,1,1,,1,1,1,00010015,,,,2,2,,,,,,,,,,,,,,,
HH000240,HH000240-M05,05,Domingo,Sophia,,Fernandez,04,2,2,1,,,,,,,,,,,,,,,,,,,,,,,,,,,,,,,,,,
HH000240,HH000240-M06,06,Domingo,Grace,,Reyes,04,2,2,1,,,,,,,,,,,,,,,,,,,,,,,,,,,,,,,,,,
HH000241,HH000241-M01,01,Rivera,Joan,,Rivera,01,2,35,2,2,,,1,1,1,1,1,1,5,1,2,,,,2,2,1,,1,10,7,70,2,2,1,2,12,,,,,1,1
HH000241,HH000241-M02,02,Rivera,Daniel,,Diaz,02,1,34,2,2,,,1,1,1,1,1,1,7,1,3,,,,2,2,1,,3,9,6,52,2,2,3,,14,,,,,1,1
HH000241,HH000241-M03,03,Rivera,Paolo,,Garcia,03,1,18,1,2,,,1,1,1,1,1,1,7,1,2,2,,06,2,2,1,,1,9,6,53,2,2,1,7,11,,,,,2,
HH000241,HH000241-M04,04,Rivera,John,,Rivera,03,1,16,1,2,,,1,1,1,1,1,1,7,1,2,1,00034011,,1,2,2,2,,,,,,,,,,1,,1,1,2,
HH000242,HH000242-M01,01,Ramos,Joshua,Jr.,Cruz,01,1,53,2,2,,,1,1,1,1,1,1,7,1,3,,,,2,2,1,,2,9,5,44,2,2,6,,,,,,,1,1
HH000242,HH000242-M02,02,Ramos,Camille,,Bautista,02,2,54,2,2,,,1,1,1,1,1,1,7,1,3,,,,2,2,1,,2,10,4,38,1,2,1,3,20,,,,,2,
HH000242,HH000242-M03,03,Ramos,Lance,,Ramos,03,1,5,1,,,,1,1,1,1,1,1,,1,0,2,,01,,,2,2,,,,,,,,,,,,,,,
HH000243,HH000243-M01,01,Ramos,Rafael,,Cruz,01,1,58,2,2,,,2,1,1,1,1,1,7,2,4,,,,2,2,1,,1,6,5,31,2,2,2,4,30,,,,,2,
HH000243,HH000243-M02,02,Ramos,Jasmine,,Ramos,02,2,53,2,2,,,1,1,1,1,1,1,7,2,2,,,,2,2,2,2,,,,,,,,,,1,,1,1,1,1
HH000243,HH000243-M03,03,Ramos,Ana,,Ramos,04,2,13,1,2,,,1,1,1,1,1,1,,1,2,1,00024012,,,,2,2,,,,,,,,,,,,,,,
HH000243,HH000243-M04,04,Ramos,Gabriel,,Soriano,03,1,10,2,2,,,1,1,1,1,1,1,,1,1,1,00010015,,,,2,2,,,,,,,,,,,,,,,
HH000243,HH000243-M05,05,Ramos,Rafael,,Reyes,03,1,3,1,,,,,,,,,,,,,1,00002000,,,,,,,,,,,,,,,,,,,,
HH000243,HH000243-M06,06,Ramos,Gabriel,,Rivera,11,1,87,4,2,,1,2,3,2,1,1,4,7,1,2,,,,2,2,1,,2,8,5,38,1,2,3,,23,,,,,2,
HH000244,HH000244-M01,01,Aquino,Lance,,Bautista,01,1,34,2,2,,,1,1,1,1,1,1,7,1,6,,,,2,2,1,,1,8,6,48,2,2,1,6,,,,,,2,
HH000244,HH000244-M02,02,Aquino,Karen,,Aguilar,02,2,28,2,2,,,1,1,1,1,1,1,7,1,6,,,,2,2,1,,1,8,5,40,2,2,1,4,,,,,,2,
HH000244,HH000244-M03,03,Aquino,Noel,Jr.,Navarro,03,1,16,1,2,,,1,1,1,1,1,1,7,1,2,1,00034011,,2,2,2,3,,,,,,,,,,1,,1,1,2,
HH000244,HH000244-M04,04,Aquino,Joan,,Castillo,04,2,12,1,2,,,1,1,1,1,1,1,,1,1,1,00024011,,,,2,2,,,,,,,,,,,,,,,
HH000244,HH000244-M05,05,Aquino,Rommel,Jr.,Soriano,03,1,11,1,2,,,1,1,1,1,1,1,,1,1,1,00010016,,,,2,2,,,,,,,,,,,,,,,
HH000244,HH000244-M06,06,Aquino,Nathan,Jr.,Ramos,03,1,3,1,,,,,,,,,,,,,2,,12,,,,,,,,,,,,,,,,,,,
HH000245,HH000245-M01,01,Reyes,Jerome,III,Reyes,01,1,54,2,2,,,1,1,1,1,4,1,7,1,6,,,,2,2,1,,1,8,5,40,2,2,1,3,,,,,,2,
HH000245,HH000245-M02,02,Reyes,Andrea,,Lopez,02,2,59,2,2,,,1,1,1,1,1,1,7,1,3,,,,2,2,2,1,3,10,0,0,2,2,1,3,12,,,,,2,
HH000245,HH000245-M03,03,Reyes,Sophia,,Diaz,04,2,8,1,,,,1,1,1,1,1,1,,1,1,1,00010013,,,,2,2,,,,,,,,,,,,,,,
HH000245,HH000245-M04,04,Reyes,Nicole,,Santos,04,2,1,1,,,,,,,,,,,,,,,,,,,,,,,,,,,,,,,,,,
HH000246,HH000246-M01,01,Garcia,Mae,,Mendoza,01,2,48,2,2,,,1,1,1,1,1,1,7,1,1,,,,2,2,1,,1,7,5,33,1,2,1,4,24,,,,,1,1
HH000246,HH000246-M02,02,Garcia,Vincent,,Aguilar,02,1,50,2,2,,,2,1,1,1,2,1,7,1,3,,,,2,2,1,,3,8,5,42,2,2,1,3,,,,,,2,
HH000246,HH000246-M03,03,Garcia,John,Jr.,Castillo,03,1,22,2,2,,,1,2,1,1,1,1,7,1,3,2,,09,2,2,2,3,,,,,,,,,,2,01,2,1,2,
HH000246,HH000246-M04,04,Garcia,Michelle,,Navarro,04,2,18,1,2,,,1,1,2,1,1,1,7,1,3,2,,09,2,2,2,2,,,,,,,,,,2,09,,,2,
HH000246,HH000246-M05,05,Garcia,Leah,,Torres,04,2,13,1,2,,,1,1,1,1,1,1,,1,1,1,00024012,,,,2,2,,,,,,,,,,,,,,,
HH000247,HH000247-M01,01,Rosales,Ana,,Navarro,01,2,47,2,2,,,2,1,1,3,1,1,7,1,2,,,,2,2,2,2,,,,,,,,,,1,,1,2,1,1
HH000247,HH000247-M02,02,Rosales,Miguel,,Garcia,02,1,47,2,2,,,1,1,1,1,1,1,7,1,6,,,,2,2,1,,2,8,5,38,1,2,1,7,29,,,,,2,
HH000247,HH000247-M03,03,Rosales,Camille,,Castillo,04,2,18,1,2,,,1,1,1,1,1,1,7,1,3,1,00034012,,2,2,1,,1,5,7,37,1,1,2,3,32,,,,,2,
HH000247,HH000247-M04,04,Rosales,Rafael,,Navarro,11,1,66,2,2,,1,1,1,1,1,1,1,7,1,6,,,,2,2,2,2,,,,,,,,,,1,,2,1,2,
HH000248,HH000248-M01,01,Mendoza,Joan,,Soriano,01,2,52,2,2,,,1,1,1,1,1,1,7,1,6,,,,2,2,1,,1,7,4,28,2,2,5,4,25,,,,,2,
HH000248,HH000248-M02,02,Mendoza,Hanson,,Santos,02,1,52,2,2,,,1,1,1,1,1,1,7,1,3,,,,2,2,1,,2,8,5,40,2,2,3,,,,,,,2,
HH000248,HH000248-M03,03,Mendoza,Joan,,Cruz,04,2,17,1,2,,,1,1,1,1,1,1,7,1,3,1,00034012,,2,2,2,2,,,,,,,,,,2,99,,,2,
HH000249,HH000249-M01,01,Garcia,Mark,,Garcia,01,1,27,2,2,,,2,1,1,2,1,1,7,1,4,,,,2,2,1,,2,6,5,32,1,1,3,,29,,,,,2,
HH000249,HH000249-M02,02,Garcia,Ella,,Torres,02,2,32,2,2,,,1,1,1,1,1,1,7,1,2,,,,2,2,1,,2,6,5,30,2,2,4,,23,,,,,2,
HH000249,HH000249-M03,03,Garcia,Vincent,,Flores,03,1,7,1,,,,1,1,1,1,1,1,,1,1,2,,06,,,2,2,,,,,,,,,,,,,,,
HH000249,HH000249-M04,04,Garcia,Joan,,Bautista,04,2,0,1,,,,,,,,,,,,,,,,,,,,,,,,,,,,,,,,,,
HH000249,HH000249-M05,05,Garcia,Catherine,,Ramos,12,2,62,4,2,,1,1,1,1,1,1,1,7,1,4,,,,2,2,1,,2,8,5,41,2,2,1,4,,,,,,2,
HH000250,HH000250-M01,01,Santos,Christian,,Cruz,01,1,56,2,2,,,1,1,1,1,1,1,7,1,6,,,,2,2,2,2,,,,,,,,,,2,04,1,2,2,
HH000250,HH000250-M02,02,Santos,Sophia,,Lopez,02,2,56,2,2,,,1,1,3,1,1,1,7,1,3,,,,2,2,2,2,,,,,,,,,,2,10,,,2,
HH000250,HH000250-M03,03,Santos,Luis,,Ramos,03,1,19,1,2,,,2,1,1,1,1,1,7,1,3,2,,03,2,2,1,,1,9,5,44,2,2,1,4,,,,,,1,1
HH000250,HH000250-M04,04,Santos,Kristine,,Ramos,04,2,3,1,,,,,,,,,,,,,2,,01,,,,,,,,,,,,,,,,,,,
HH000251,HH000251-M01,01,Flores,Angelo,Jr.,Aquino,01,1,50,2,2,,,1,2,1,1,1,1,7,1,3,,,,2,2,1,,1,8,5,38,2,2,1,4,30,,,,,2,
HH000251,HH000251-M02,02,Flores,Patricia,,Reyes,02,2,52,2,2,,,1,1,1,1,1,1,7,2,3,,,,2,2,1,,3,8,5,39,2,2,1,3,28,,,,,2,
HH000251,HH000251-M03,03,Flores,Miguel,,Soriano,03,1,21,1,2,,,1,1,1,1,1,1,7,1,3,2,,14,2,2,1,,1,7,5,35,1,1,5,4,24,,,,,2,
HH000251,HH000251-M04,04,Flores,Juan,,Fernandez,03,1,17,1,2,,,1,1,1,1,1,1,7,1,3,1,00034012,,2,2,2,2,,,,,,,,,,2,09,,,2,
HH000251,HH000251-M05,05,Flores,Daniel,,Mendoza,03,1,5,1,,,,1,1,1,1,1,1,,1,0,1,00010011,,,,2,2,,,,,,,,,,,,,,,
HH000252,HH000252-M01,01,Reyes,Sophia,,Reyes,01,2,42,1,1,1,,1,1,2,1,1,1,7,1,6,,,,2,2,1,,1,6,6,34,1,2,3,,20,,,,,2,
HH000252,HH000252-M02,02,Reyes,Hanson,,Lopez,03,1,6,1,,,,1,1,1,1,1,1,,1,1,1,00010011,,,,2,2,,,,,,,,,,,,,,,
HH000252,HH000252-M03,03,Reyes,Ana,,Reyes,04,2,3,1,,,,,,,,,,,,,1,00001000,,,,,,,,,,,,,,,,,,,,
HH000252,HH000252-M04,04,Reyes,Nathan,,Ramos,03,1,2,1,,,,,,,,,,,,,,,,,,,,,,,,,,,,,,,,,,
HH000253,HH000253-M01,01,Reyes,Juan,,Diaz,01,1,26,2,2,,,1,1,1,1,1,2,7,1,6,,,,2,2,1,,1,10,5,48,2,2,4,,,,,,,2,
HH000253,HH000253-M02,02,Reyes,Joan,,Castillo,02,2,20,2,2,,,1,1,1,1,1,1,7,1,2,2,,08,2,2,1,,2,10,7,71,2,2,1,3,99,,,,,2,
HH000253,HH000253-M03,03,Reyes,Luis,,Valdez,03,1,8,1,,,,1,1,1,1,1,1,,1,1,1,00010013,,,,2,2,,,,,,,,,,,,,,,
HH000253,HH000253-M04,04,Reyes,Angela,,Domingo,04,2,7,1,,,,1,1,1,1,1,1,,1,1,1,00010012,,,,2,2,,,,,,,,,,,,,,,
HH000253,HH000253-M05,05,Reyes,Catherine,,Mendoza,04,2,6,1,,,,1,1,1,1,1,1,,1,0,1,00010011,,,,2,2,,,,,,,,,,,,,,,
HH000253,HH000253-M06,06,Reyes,Joy,,Santos,04,2,5,1,,,,1,1,1,1,1,1,,1,0,1,00010011,,,,2,2,,,,,,,,,,,,,,,
HH000253,HH000253-M07,07,Reyes,Patricia,,Ramos,04,2,1,1,,,,,,,,,,,,,,,,,,,,,,,,,,,,,,,,,,
HH000254,HH000254-M01,01,De Vera,Rommel,,Torres,01,1,28,2,2,,,1,1,1,1,1,1,7,1,3,,,,2,2,2,3,,,,,,,,,,1,,1,1,2,
HH000254,HH000254-M02,02,De Vera,Mae,,Valdez,02,2,31,2,2,,,1,2,1,1,1,1,7,1,4,,,,1,2,2,2,,,,,,,,,,2,04,1,2,2,
HH000254,HH000254-M03,03,De Vera,Jose,,Domingo,03,1,5,1,,,,1,1,1,1,1,1,,1,0,1,00002000,,,,2,2,,,,,,,,,,,,,,,
HH000254,HH000254-M04,04,De Vera,Marco,,Mendoza,03,1,4,1,,,,,,,,,,,,,1,00001000,,,,,,,,,,,,,,,,,,,,
HH000255,HH000255-M01,01,Cabrera,Christian,,Diaz,01,1,36,2,2,,,1,1,1,1,1,1,7,1,5,,,,2,2,2,1,2,7,0,0,1,2,1,3,20,,,,,2,
HH000255,HH000255-M02,02,Cabrera,Liza,,Rivera,02,2,31,2,2,,,1,1,1,1,1,1,7,1,5,,,,2,2,1,,2,10,5,48,2,2,1,4,,,,,,2,
HH000255,HH000255-M03,03,Cabrera,Sophia,,Rivera,04,2,15,1,2,,,1,1,1,1,1,1,7,1,2,1,00024014,,2,2,2,2,,,,,,,,,,1,,1,1,2,
HH000255,HH000255-M04,04,Cabrera,Ella,,Rivera,04,2,12,1,2,,,1,2,1,1,1,1,,1,1,1,00024011,,,,2,2,,,,,,,,,,,,,,,
HH000255,HH000255-M05,05,Cabrera,Ana,,Flores,04,2,2,1,,,,,,,,,,,,,,,,,,,,,,,,,,,,,,,,,,
HH000256,HH000256-M01,01,Torres,Angela,,Ramos,01,2,31,6,1,1,,1,1,1,1,1,1,7,1,2,,,,2,2,2,2,,,,,,,,,,2,04,1,2,2,
HH000256,HH000256-M02,02,Torres,Ana,,Soriano,04,2,11,1,2,,,1,1,1,1,2,1,,1,1,1,00010016,,,,2,2,,,,,,,,,,,,,,,
HH000256,HH000256-M03,03,Torres,Mae,,Valdez,04,2,3,1,,,,,,,,,,,,,1,00002000,,,,,,,,,,,,,,,,,,,,
HH000257,HH000257-M01,01,Bernal,Vincent,,Castillo,01,1,57,1,2,,,1,1,1,1,1,1,7,1,2,,,,2,2,1,,1,10,5,48,2,2,2,4,,,,,,2,
HH000257,HH000257-M02,02,Bernal,Vincent,,Santos,03,1,23,2,2,,,1,1,1,1,1,1,7,1,6,2,,08,2,2,1,,3,6,5,30,2,2,1,3,22,,,,,2,
HH000258,HH000258-M01,01,Domingo,Vincent,,Santos,01,1,44,2,2,,,1,1,1,1,1,1,7,1,4,,,,2,2,2,2,,,,,,,,,,1,,1,1,2,
HH000258,HH000258-M02,02,Domingo,Liza,,Garcia,02,2,40,2,2,,,1,1,1,1,1,1,7,1,7,,,,2,2,2,2,,,,,,,,,,1,,2,1,2,
HH000259,HH000259-M01,01,Bautista,Noel,III,Flores,01,1,53,2,2,,,1,1,1,1,1,1,7,1,3,,,,2,2,1,,2,8,6,46,2,2,4,,,,,,,2,
HH000259,HH000259-M02,02,Bautista,Karen,,Valdez,02,2,51,2,2,,,1,1,1,1,1,1,7,1,3,,,,2,2,1,,1,8,6,49,2,2,1,7,14,,,,,2,
HH000259,HH000259-M03,03,Bautista,Daniel,,Ramos,03,1,24,2,2,,,1,1,1,1,1,1,7,1,3,2,,07,2,2,2,1,1,8,0,0,1,1,1,4,28,,,,,2,
HH000259,HH000259-M04,04,Bautista,Angelo,Jr.,Santos,03,1,12,1,2,,,1,1,1,1,1,1,,1,1,1,00024011,,,,2,2,,,,,,,,,,,,,,,
HH000259,HH000259-M05,05,Bautista,Angelo,Jr.,Fernandez,03,1,12,1,2,,,1,1,1,1,1,1,,1,1,1,00024011,,,,2,2,,,,,,,,,,,,,,,
HH000259,HH000259-M06,06,Bautista,Patricia,,Bautista,04,2,6,1,,,,1,1,1,1,1,1,,1,0,1,00010011,,,,2,2,,,,,,,,,,,,,,,
HH000260,HH000260-M01,01,Fernandez,Leah,,Aquino,01,2,44,2,2,,,1,1,1,1,1,1,7,1,6,,,,2,2,2,2,,,,,,,,,,1,,2,1,2,
HH000260,HH000260-M02,02,Fernandez,Paolo,,Domingo,02,1,40,2,2,,,1,1,2,1,1,1,7,1,6,,,,2,2,1,,2,12,5,62,1,2,4,,99,,,,,2,
HH000260,HH000260-M03,03,Fernandez,Rommel,,Aquino,03,1,20,1,2,,,1,1,1,1,1,2,7,1,6,1,00034012,,2,2,2,2,,,,,,,,,,2,10,,,2,
HH000260,HH000260-M04,04,Fernandez,Rommel,,Flores,03,1,11,1,2,,,1,1,1,1,1,1,,1,1,1,00010015,,,,2,2,,,,,,,,,,,,,,,
HH000261,HH000261-M01,01,Garcia,Sophia,,Santos,01,2,56,2,2,,,1,1,1,1,1,1,7,1,3,,,,2,2,1,,1,8,5,38,1,2,1,4,28,,,,,2,
HH000262,HH000262-M01,01,Navarro,Joy,,Castillo,01,2,36,2,2,,,1,1,1,1,1,1,7,1,3,,,,2,2,1,,1,5,4,18,2,2,6,,99,,,,,1,1
HH000262,HH000262-M02,02,Navarro,Angelo,,Diaz,02,1,41,2,2,,,1,1,1,1,1,1,7,1,1,,,,2,2,1,,1,8,5,39,2,2,1,1,28,,,,,1,1
HH000262,HH000262-M03,03,Navarro,Leah,,Torres,04,2,15,1,2,,,1,1,1,1,1,1,7,1,2,1,00024014,,1,2,2,2,,,,,,,,,,2,04,2,2,2,
HH000262,HH000262-M04,04,Navarro,Joshua,,Lopez,03,1,9,1,,,,1,1,1,1,1,1,,1,1,1,00010014,,,,2,2,,,,,,,,,,,,,,,
HH000262,HH000262-M05,05,Navarro,Karen,,Rivera,16,2,26,2,2,,,1,1,1,1,1,1,7,1,6,,,,2,2,1,,1,8,5,41,2,2,6,,,,,,,2,
HH000263,HH000263-M01,01,Manalo,Jasmine,,Diaz,01,2,48,2,2,,,1,1,1,1,1,1,4,1,3,,,,2,2,1,,2,8,2,15,2,2,1,4,22,,,,,1,1
HH000263,HH000263-M02,02,Manalo,Luis,,Soriano,02,1,45,2,2,,,1,1,1,1,1,1,7,1,6,,,,2,2,1,,2,5,5,27,2,2,1,2,28,,,,,2,
HH000263,HH000263-M03,03,Manalo,Ana,,Reyes,04,2,2,1,,,,,,,,,,,,,,,,,,,,,,,,,,,,,,,,,,
HH000264,HH000264-M01,01,Ramos,Joan,,Santos,01,2,26,2,2,,,1,1,2,1,1,1,7,1,6,,,,2,2,1,,1,8,7,56,2,2,1,7,12,,,,,2,
HH000264,HH000264-M02,02,Ramos,Angelo,,Valdez,02,1,21,2,2,,,1,1,1,1,1,1,7,1,6,2,,06,2,1,2,2,,,,,,,,,,2,09,,,2,
HH000265,HH000265-M01,01,Flores,Jose,III,Valdez,01,1,25,2,2,,,1,1,1,1,1,1,7,1,2,,,,2,2,1,,2,7,5,33,2,2,2,7,27,,,,,2,
HH000265,HH000265-M02,02,Flores,Andrea,,Mendoza,02,2,24,2,2,,,1,1,2,1,1,1,7,1,3,2,,05,1,2,2,2,,,,,,,,,,1,,1,1,1,1
HH000265,HH000265-M03,03,Flores,Rose,,Cruz,04,2,6,1,,,,1,1,1,1,1,1,,1,0,1,00010011,,,,2,2,,,,,,,,,,,,,,,
HH000266,HH000266-M01,01,Dela Cruz,Leah,,Mendoza,01,2,53,2,2,,,1,1,2,1,1,1,7,1,6,,,,2,2,1,,1,10,5,50,2,2,3,,12,,,,,2,
HH000266,HH000266-M02,02,Dela Cruz,Angelo,,Castillo,02,1,51,2,2,,,1,2,1,1,1,1,7,1,6,,,,2,2,2,2,,,,,,,,,,2,04,2,2,2,
HH000266,HH000266-M03,03,Dela Cruz,Rafael,,Ramos,03,1,23,2,2,,,1,1,1,1,1,1,7,1,2,2,,08,2,2,1,,1,9,5,45,2,2,6,,,,,,,2,
HH000266,HH000266-M04,04,Dela Cruz,Rommel,Jr.,Cruz,03,1,22,3,2,,,1,1,1,1,1,1,7,1,3,1,00034012,,1,2,2,2,,,,,,,,,,2,09,,,2,
HH000266,HH000266-M05,05,Dela Cruz,Nathan,Jr.,Cruz,03,1,18,1,2,,,1,1,1,1,1,1,1,1,3,1,00034012,,2,2,,,,,,,,,,,,,,,,,
HH000266,HH000266-M06,06,Dela Cruz,Camille,,Navarro,04,2,9,1,,,,1,1,1,1,2,1,,1,1,1,00010014,,,,2,2,,,,,,,,,,,,,,,
HH000266,HH000266-M07,07,Dela Cruz,Joshua,,Bautista,11,1,83,2,2,,1,2,2,1,1,1,1,7,2,3,,,,2,2,2,3,,,,,,,,,,2,07,,,2,
HH000267,HH000267-M01,01,Flores,Catherine,,Aguilar,01,2,43,6,1,1,,1,1,1,1,1,1,7,1,3,,,,2,2,1,,1,12,5,62,2,2,2,4,12,,,,,2,
HH000267,HH000267-M02,02,Flores,Christian,,Domingo,03,1,22,2,2,,,1,1,1,1,1,1,7,1,6,2,,09,1,2,2,2,,,,,,,,,,2,09,,,2,
HH000267,HH000267-M03,03,Flores,Joshua,,Garcia,03,1,19,1,2,,,1,1,1,1,1,1,7,1,4,1,00034012,,2,1,1,,3,8,6,48,2,2,3,,,,,,,2,
HH000267,HH000267-M04,04,Flores,Liza,,Santos,04,2,13,2,2,,,1,1,1,1,1,1,,1,2,1,00024012,,,,2,2,,,,,,,,,,,,,,,
HH000268,HH000268-M01,01,Garcia,Vincent,,Domingo,01,1,52,2,2,,,1,1,1,1,1,1,7,1,3,,,,2,2,2,2,,,,,,,,,,1,,1,1,2,
HH000268,HH000268-M02,02,Garcia,Patricia,,Bautista,02,2,53,2,2,,,1,1,1,1,3,1,7,1,5,,,,2,2,1,,1,6,5,31,1,1,3,,27,,,,,2,
HH000268,HH000268-M03,03,Garcia,Karen,,Aguilar,04,2,22,2,2,,,1,1,1,1,1,1,7,1,3,1,00034012,,1,2,1,,1,8,6,46,2,2,1,4,,,,,,2,
HH000268,HH000268-M04,04,Garcia,Christian,,Garcia,03,1,16,1,2,,,1,1,1,1,1,1,7,1,2,1,00034011,,2,2,2,2,,,,,,,,,,1,,1,1,2,
HH000268,HH000268-M05,05,Garcia,Paolo,,Lopez,11,1,72,2,2,,1,1,1,2,1,1,1,1,1,6,,,,2,2,,,,,,,,,,,,,,,,,
HH000268,HH000268-M06,06,Garcia,Camille,,Ramos,16,2,51,3,2,,,1,1,1,1,1,1,7,1,7,,,,2,2,1,,1,8,3,23,2,2,3,,24,,,,,2,
HH000269,HH000269-M01,01,Aguilar,Kristine,,Diaz,01,2,48,2,2,,,1,1,1,1,1,1,7,1,5,,,,2,2,1,,3,8,5,42,1,2,2,4,,,,,,2,
HH000269,HH000269-M02,02,Aguilar,Nathan,,Ramos,02,1,45,2,2,,,1,1,2,1,1,1,7,1,2,,,,2,2,2,2,,,,,,,,,,1,,2,2,2,
HH000269,HH000269-M03,03,Aguilar,Grace,,Ramos,04,2,11,1,2,,,2,1,1,1,1,1,,1,1,1,00010016,,,,2,2,,,,,,,,,,,,,,,
HH000269,HH000269-M04,04,Aguilar,Nathan,,Aquino,03,1,9,1,,,,1,2,1,1,1,1,,1,1,1,00010014,,,,2,2,,,,,,,,,,,,,,,
HH000269,HH000269-M05,05,Aguilar,Jerome,Jr.,Soriano,03,1,1,1,,,,,,,,,,,,,,,,,,,,,,,,,,,,,,,,,,
HH000270,HH000270-M01,01,Bernal,Joshua,,Ramos,01,1,45,2,2,,,1,1,1,1,1,1,7,1,4,,,,2,2,1,,1,8,5,38,1,2,1,3,23,,,,,2,
HH000270,HH000270-M02,02,Bernal,Bea,,Ramos,02,2,43,2,2,,,1,1,1,1,1,1,7,1,3,,,,2,2,1,,1,6,5,32,2,2,6,,20,,,,,2,
HH000270,HH000270-M03,03,Bernal,Maria,,Ramos,04,2,11,1,2,,,1,1,1,1,1,1,,1,1,1,00010016,,,,2,2,,,,,,,,,,,,,,,
HH000270,HH000270-M04,04,Bernal,Jose,,Flores,03,1,10,1,2,,,1,1,1,1,1,1,,1,1,1,00010015,,,,2,2,,,,,,,,,,,,,,,
HH000270,HH000270-M05,05,Bernal,Catherine,,Fernandez,04,2,3,1,,,,,,,,,,,,,2,,12,,,,,,,,,,,,,,,,,,,
HH000271,HH000271-M01,01,Santos,Daniel,,Fernandez,01,1,50,2,2,,,1,1,1,1,1,1,7,1,6,,,,2,1,1,,3,6,5,31,1,2,1,4,20,,,,,2,
HH000271,HH000271-M02,02,Santos,Karen,,Bautista,02,2,44,2,2,,,1,1,1,1,1,1,7,1,3,,,,2,2,1,,2,5,5,25,2,2,3,,31,,,,,2,
HH000272,HH000272-M01,01,Flores,Mark,III,Domingo,01,1,25,2,2,,,1,1,1,1,1,2,7,1,4,,,,2,2,2,2,,,,,,,,,,2,10,,,2,
HH000272,HH000272-M02,02,Flores,Bea,,Lopez,02,2,28,2,2,,,1,1,1,1,1,1,7,1,3,,,,2,2,1,,1,8,5,41,2,2,2,4,,,,,,2,
HH000272,HH000272-M03,03,Flores,Angelo,,Santos,03,1,7,1,,,,1,1,1,1,1,1,,1,1,2,,10,,,2,2,,,,,,,,,,,,,,,
HH000272,HH000272-M04,04,Flores,Andrea,,Torres,04,2,7,1,,,,1,1,1,1,1,1,,1,1,1,00010012,,,,2,2,,,,,,,,,,,,,,,
HH000272,HH000272-M05,05,Flores,Lance,,Aguilar,03,1,4,1,,,,,,,,,,,,,2,,12,,,,,,,,,,,,,,,,,,,
HH000273,HH000273-M01,01,Salazar,Juan,,Bautista,01,1,32,2,2,,,1,1,1,2,1,1,7,1,2,,,,2,2,1,,1,10,5,48,2,2,5,4,,,,,,2,
HH000273,HH000273-M02,02,Salazar,Bea,,Castillo,02,2,36,2,2,,,1,1,1,1,1,1,7,1,3,,,,2,2,1,,2,9,5,45,2,2,1,3,,,,,,2,
HH000273,HH000273-M03,03,Salazar,Rose,,Reyes,04,2,10,1,2,,,4,1,1,1,1,1,,1,1,1,00010015,,,,2,2,,,,,,,,,,,,,,,
HH000274,HH000274-M01,01,Reyes,Marco,,Reyes,01,1,32,2,2,,,1,1,1,1,1,1,7,1,6,,,,2,2,1,,3,4,6,22,2,2,1,3,28,,,,,2,
HH000274,HH000274-M02,02,Reyes,Camille,,Lopez,02,2,29,2,2,,,1,1,1,1,1,1,7,1,2,,,,2,2,1,,1,8,5,42,2,2,1,4,,,,,,2,
HH000274,HH000274-M03,03,Reyes,Andrea,,Reyes,04,2,8,1,,,,1,1,1,1,1,1,,1,1,1,00010014,,,,2,2,,,,,,,,,,,,,,,
HH000274,HH000274-M04,04,Reyes,Juan,Jr.,Soriano,03,1,7,1,,,,1,1,1,1,1,1,,1,1,1,00010012,,,,2,2,,,,,,,,,,,,,,,
HH000274,HH000274-M05,05,Reyes,Karen,,Flores,04,2,0,1,,,,,,,,,,,,,,,,,,,,,,,,,,,,,,,,,,
HH000275,HH000275-M01,01,Domingo,Vincent,,Bautista,01,1,26,2,2,,,1,1,1,1,1,1,7,2,3,,,,2,2,2,1,1,8,0,0,1,1,1,4,22,,,,,2,
HH000275,HH000275-M02,02,Domingo,Ana,,Fernandez,02,2,27,2,2,,,1,1,1,1,1,1,7,1,3,,,,1,2,1,,1,9,5,45,1,1,1,6,,,,,,2,
HH000275,HH000275-M03,03,Domingo,Andrea,,Lopez,04,2,6,1,,,,1,1,1,1,1,1,,1,0,1,00010011,,,,2,2,,,,,,,,,,,,,,,
HH000275,HH000275-M04,04,Domingo,Hanson,,Mendoza,03,1,0,1,,,,,,,,,,,,,,,,,,,,,,,,,,,,,,,,,,
HH000275,HH000275-M05,05,Domingo,Rose,,Torres,04,2,0,1,,,,,,,,,,,,,,,,,,,,,,,,,,,,,,,,,,
HH000276,HH000276-M01,01,Salazar,Karen,,Navarro,01,2,27,2,2,,,1,1,1,1,1,1,7,1,5,,,,2,2,1,,2,8,5,40,2,2,2,7,,,,,,2,
HH000276,HH000276-M02,02,Salazar,Paolo,,Soriano,02,1,25,2,2,,,1,1,1,1,1,1,7,1,2,,,,2,2,2,2,,,,,,,,,,1,,1,1,1,2
HH000276,HH000276-M03,03,Salazar,Andrea,,Domingo,04,2,3,1,,,,,,,,,,,,,1,00001000,,,,,,,,,,,,,,,,,,,,
HH000276,HH000276-M04,04,Salazar,Sophia,,Aquino,04,2,2,1,,,,,,,,,,,,,,,,,,,,,,,,,,,,,,,,,,
HH000277,HH000277-M01,01,Domingo,Vincent,,Torres,01,1,47,2,2,,,1,1,1,1,1,1,7,1,5,,,,2,2,1,,1,9,2,18,2,2,2,7,24,,,,,2,
HH000277,HH000277-M02,02,Domingo,Joy,,Mendoza,02,2,49,2,2,,,1,1,1,1,1,1,7,1,3,,,,2,2,1,,1,6,4,24,1,1,3,,23,,,,,2,
HH000277,HH000277-M03,03,Domingo,Rafael,,Mendoza,03,1,20,1,2,,,1,1,1,1,1,1,7,1,6,1,00034012,,1,2,1,,1,8,7,56,2,2,1,4,99,,,,,2,
HH000277,HH000277-M04,04,Domingo,Gabriel,,Ramos,03,1,4,1,,,,,,,,,,,,,1,00002000,,,,,,,,,,,,,,,,,,,,
HH000278,HH000278-M01,01,Navarro,Angelo,,Ramos,01,1,58,2,2,,,1,1,1,1,2,1,7,1,3,,,,2,2,2,3,,,,,,,,,,2,10,,,2,
HH000278,HH000278-M02,02,Navarro,Ella,,Lopez,02,2,56,2,2,,,1,1,1,1,1,1,7,1,3,,,,2,2,2,2,,,,,,,,,,1,,1,1,2,
HH000278,HH000278-M03,03,Navarro,Vincent,,Soriano,03,1,21,3,2,,,1,1,1,1,1,1,7,1,3,2,,05,2,2,2,2,,,,,,,,,,2,09,,,2,
HH000278,HH000278-M04,04,Navarro,Angelo,,Bautista,03,1,16,2,2,,,1,1,1,1,1,1,7,1,2,1,00034011,,2,2,2,2,,,,,,,,,,2,04,1,2,2,
HH000278,HH000278-M05,05,Navarro,Bea,,Cruz,04,2,8,1,,,,1,1,1,1,1,1,,1,1,1,00010013,,,,2,2,,,,,,,,,,,,,,,
HH000279,HH000279-M01,01,Valdez,Joy,,Flores,01,2,62,2,2,,2,1,1,1,1,2,3,7,1,3,,,,2,1,2,2,,,,,,,,,,2,01,1,2,2,
HH000279,HH000279-M02,02,Valdez,Nathan,,Aquino,02,1,62,2,2,,1,3,1,1,1,1,1,7,1,3,,,,2,2,1,,1,4,5,20,2,2,3,,23,,,,,2,
HH000280,HH000280-M01,01,Torres,Jose,,Aquino,01,1,40,1,2,,,1,1,1,1,1,1,2,1,6,,,,2,2,,,,,,,,,,,,,,,,,
HH000281,HH000281-M01,01,Fernandez,Paolo,,Navarro,01,1,64,2,2,,1,1,1,2,1,2,1,7,1,1,,,,2,2,2,2,,,,,,,,,,1,,2,1,2,
HH000281,HH000281-M02,02,Fernandez,Ana,,Diaz,02,2,59,2,2,,,1,1,1,1,1,1,7,1,1,,,,2,2,1,,1,8,6,48,2,2,1,1,,,,,,2,
HH000282,HH000282-M01,01,Pascual,Rafael,,Flores,01,1,25,5,1,1,,1,1,1,1,1,1,7,1,2,,,,2,2,1,,1,8,5,40,2,2,3,,,,,,,2,
HH000282,HH000282-M02,02,Pascual,Miguel,,Cruz,03,1,1,1,,,,,,,,,,,,,,,,,,,,,,,,,,,,,,,,,,
HH000283,HH000283-M01,01,Aquino,Marco,III,Ramos,01,1,42,2,2,,,1,1,1,1,1,1,7,1,6,,,,2,2,1,,1,8,6,50,2,2,2,4,12,,,,,1,1
HH000283,HH000283-M02,02,Aquino,Bea,,Rivera,02,2,44,2,2,,,2,1,1,1,1,1,7,1,6,,,,2,2,2,2,,,,,,,,,,2,03,1,1,2,
HH000283,HH000283-M03,03,Aquino,Jasmine,,Diaz,04,2,15,1,2,,,1,1,1,1,1,1,7,1,1,1,00024014,,2,2,2,2,,,,,,,,,,2,99,,,2,
HH000283,HH000283-M04,04,Aquino,Patricia,,Aquino,04,2,8,1,,,,1,1,1,1,1,1,,1,1,1,00010013,,,,2,2,,,,,,,,,,,,,,,
HH000284,HH000284-M01,01,Bernal,Catherine,,Torres,01,2,29,2,2,,,1,1,1,1,1,1,7,1,3,,,,2,2,1,,2,6,5,29,2,2,1,1,28,,,,,2,
HH000284,HH000284-M02,02,Bernal,Jerome,,Santos,02,1,33,2,2,,,1,1,1,1,1,1,7,1,6,,,,2,2,1,,1,12,5,60,2,2,4,,11,,,,,2,
HH000285,HH000285-M01,01,Domingo,Mae,,Lopez,01,2,53,2,2,,,1,1,1,1,1,1,7,1,2,,,,2,2,1,,1,12,2,25,2,2,1,4,23,,,,,2,
HH000285,HH000285-M02,02,Domingo,Juan,,Mendoza,02,1,57,2,2,,,1,1,1,1,1,1,7,1,1,,,,2,2,2,2,,,,,,,,,,1,,2,2,2,
HH000285,HH000285-M03,03,Domingo,Daniel,,Cruz,03,1,19,1,2,,,1,1,1,1,1,1,7,1,5,1,00034012,,2,2,2,2,,,,,,,,,,2,09,,,2,
HH000285,HH000285-M04,04,Domingo,Angelo,Jr.,Castillo,03,1,11,1,2,,,1,2,1,1,1,1,,1,1,1,00010016,,,,2,2,,,,,,,,,,,,,,,
HH000286,HH000286-M01,01,Flores,John,,Torres,01,1,29,2,2,,,1,1,1,1,1,1,7,1,2,,,,2,2,2,3,,,,,,,,,,2,99,,,1,1
HH000286,HH000286-M02,02,Flores,Rose,,Castillo,02,2,33,2,2,,,2,1,1,1,1,1,7,1,1,,,,2,2,1,,2,9,6,56,2,2,1,4,11,,,,,2,
HH000286,HH000286-M03,03,Flores,Miguel,Jr.,Torres,03,1,11,1,2,,,1,1,1,1,1,1,,1,1,1,00010016,,,,2,2,,,,,,,,,,,,,,,
HH000286,HH000286-M04,04,Flores,Mae,,Cruz,04,2,5,1,,,,1,1,2,1,1,2,,1,0,1,00010011,,,,2,2,,,,,,,,,,,,,,,
HH000287,HH000287-M01,01,Ramos,Sophia,,Diaz,01,2,34,2,2,,,1,1,1,1,1,1,7,1,2,,,,2,2,1,,2,8,7,54,2,2,3,,11,,,,,2,
HH000287,HH000287-M02,02,Ramos,Juan,,Mendoza,02,1,33,2,2,,,1,1,1,2,1,1,7,1,3,,,,2,2,1,,1,9,6,52,2,2,2,3,99,,,,,2,
HH000287,HH000287-M03,03,Ramos,Rafael,,Cruz,03,1,12,1,2,,,1,1,1,1,1,2,,1,1,1,00024011,,,,2,2,,,,,,,,,,,,,,,
HH000287,HH000287-M04,04,Ramos,Bea,,Santos,04,2,5,1,,,,1,1,1,1,1,1,,1,1,1,00002000,,,,2,2,,,,,,,,,,,,,,,
HH000287,HH000287-M05,05,Ramos,Rafael,,Aquino,11,1,75,6,2,,1,1,1,1,1,1,1,7,1,3,,,,1,2,2,2,,,,,,,,,,1,,2,1,2,
HH000288,HH000288-M01,01,Pascual,Joshua,III,Aguilar,01,1,55,2,2,,,1,1,1,1,1,1,7,1,2,,,,2,2,1,,1,6,6,38,2,2,1,5,25,,,,,2,
HH000288,HH000288-M02,02,Pascual,Grace,,Bautista,02,2,50,2,2,,,1,1,1,1,1,1,1,1,6,,,,2,2,,,,,,,,,,,,,,,,,
HH000288,HH000288-M03,03,Pascual,Hanson,Jr.,Diaz,03,1,6,1,,,,2,1,1,1,1,1,,2,1,1,00010011,,,,2,2,,,,,,,,,,,,,,,
HH000289,HH000289-M01,01,Bernal,Maria,,Cruz,01,2,52,1,1,1,,1,1,1,2,1,1,7,1,3,,,,1,2,1,,1,5,5,27,2,2,4,,27,,,,,2,
HH000289,HH000289-M02,02,Bernal,Daniel,,Aguilar,03,1,15,1,2,,,1,1,1,1,1,1,7,1,2,1,00024014,,2,2,2,2,,,,,,,,,,1,,1,1,2,
HH000289,HH000289-M03,03,Bernal,Hanson,Jr.,Soriano,03,1,12,1,2,,,1,1,1,1,1,1,,1,1,1,00010016,,,,2,2,,,,,,,,,,,,,,,
HH000289,HH000289-M04,04,Bernal,Bea,,Garcia,04,2,8,1,,,,1,1,1,1,1,1,,1,1,1,00010013,,,,2,2,,,,,,,,,,,,,,,
HH000290,HH000290-M01,01,Navarro,Leah,,Valdez,01,2,40,2,2,,,1,1,2,1,1,1,7,1,6,,,,1,2,1,,2,8,6,46,2,2,1,3,,,,,,2,
HH000290,HH000290-M02,02,Navarro,Rafael,,Mendoza,02,1,38,2,2,,,1,1,1,1,1,1,7,1,2,,,,2,2,1,,1,8,5,38,2,2,1,2,29,,,,,1,1
HH000290,HH000290-M03,03,Navarro,Noel,,Santos,03,1,23,2,2,,,1,1,1,1,2,1,2,1,6,1,00034012,,2,2,,,,,,,,,,,,,,,,,
HH000290,HH000290-M04,04,Navarro,John,,Mendoza,03,1,23,2,2,,,1,1,1,1,1,1,7,1,3,2,,99,2,2,2,2,,,,,,,,,,2,05,1,2,2,
HH000290,HH000290-M05,05,Navarro,Carlo,Jr.,Ramos,03,1,12,1,2,,,1,1,1,1,1,1,,1,1,1,00024011,,,,2,2,,,,,,,,,,,,,,,
HH000290,HH000290-M06,06,Navarro,Gabriel,,Castillo,03,1,0,1,,,,,,,,,,,,,,,,,,,,,,,,,,,,,,,,,,
HH000291,HH000291-M01,01,Reyes,Nathan,,Torres,01,1,35,2,2,,,1,1,1,1,1,1,7,1,6,,,,2,2,1,,3,7,6,43,2,2,1,4,,,,,,2,
HH000291,HH000291-M02,02,Reyes,Kristine,,Domingo,02,2,31,2,2,,,1,1,1,1,1,1,7,1,6,,,,2,2,1,,1,7,5,33,1,2,2,3,20,,,,,2,
HH000291,HH000291-M03,03,Reyes,Angelo,Jr.,Ramos,03,1,18,1,2,,,1,1,1,1,1,1,7,1,2,1,00034012,,2,2,2,2,,,,,,,,,,2,09,,,2,
HH000291,HH000291-M04,04,Reyes,Gabriel,,Rivera,03,1,8,1,,,,1,1,1,1,1,1,,1,1,1,00010013,,,,2,2,,,,,,,,,,,,,,,
HH000291,HH000291-M05,05,Reyes,Catherine,,Navarro,12,2,72,3,2,,1,1,1,2,1,1,1,7,1,6,,,,2,2,2,3,,,,,,,,,,2,07,,,2,
HH000292,HH000292-M01,01,Torres,Camille,,Castillo,01,2,48,1,1,1,,2,1,1,1,1,1,7,1,1,,,,2,2,2,2,,,,,,,,,,2,10,,,2,
HH000292,HH000292-M02,02,Torres,Hanson,,Mendoza,03,1,19,1,2,,,1,1,1,1,1,1,7,1,6,1,00034012,,2,2,2,3,,,,,,,,,,2,10,,,2,
HH000292,HH000292-M03,03,Torres,Sophia,,Torres,04,2,16,1,2,,,1,2,1,1,1,1,7,1,2,1,00034011,,2,2,2,2,,,,,,,,,,2,09,,,2,
HH000293,HH000293-M01,01,Garcia,Miguel,,Cruz,01,1,51,2,2,,,1,1,1,1,1,1,7,1,6,,,,2,2,1,,1,8,4,31,1,2,1,3,24,,,,,1,2
HH000293,HH000293-M02,02,Garcia,Maria,,Castillo,02,2,54,2,2,,,1,1,1,1,1,1,7,1,6,,,,2,2,1,,1,8,5,40,1,1,3,,,,,,,2,
HH000293,HH000293-M03,03,Garcia,Jose,Jr.,Garcia,03,1,6,1,,,,1,1,1,1,1,1,,1,0,1,00010011,,,,2,2,,,,,,,,,,,,,,,
HH000293,HH000293-M04,04,Garcia,Gabriel,,Aguilar,03,1,4,1,,,,,,,,,,,,,2,,12,,,,,,,,,,,,,,,,,,,
HH000293,HH000293-M05,05,Garcia,Liza,,Rivera,04,2,0,1,,,,,,,,,,,,,,,,,,,,,,,,,,,,,,,,,,
HH000294,HH000294-M01,01,Bautista,Rafael,Jr.,Rivera,01,1,44,2,2,,,1,1,1,1,1,1,7,1,3,,,,2,2,1,,1,8,5,39,2,2,2,6,23,,,,,2,
HH000294,HH000294-M02,02,Bautista,Patricia,,Santos,02,2,44,2,2,,,1,1,1,1,1,1,4,1,6,,,,2,2,1,,2,7,7,49,2,2,2,3,99,,,,,2,
HH000295,HH000295-M01,01,Bautista,Rafael,,Cruz,01,1,57,2,2,,,1,1,1,1,1,1,7,2,3,,,,2,2,1,,1,10,5,50,2,2,2,3,11,,,,,2,
HH000295,HH000295-M02,02,Bautista,Mae,,Garcia,02,2,52,2,2,,,1,1,2,1,1,1,7,1,6,,,,2,2,1,,2,8,7,56,2,2,3,,99,,,,,2,
HH000295,HH000295-M03,03,Bautista,Rafael,,Garcia,03,1,23,2,2,,,1,1,1,1,1,1,7,1,3,1,00034012,,2,2,1,,3,8,5,40,2,2,6,,,,,,,2,
HH000295,HH000295-M04,04,Bautista,Marco,,Soriano,03,1,6,1,,,,1,1,1,1,1,1,,1,1,1,00010011,,,,2,2,,,,,,,,,,,,,,,
HH000295,HH000295-M05,05,Bautista,Juan,,Valdez,03,1,5,1,,,,1,3,1,1,1,1,,1,0,1,00002000,,,,2,2,,,,,,,,,,,,,,,
HH000296,HH000296-M01,01,Soriano,Lance,,Diaz,01,1,44,2,2,,,1,1,3,1,1,1,7,1,2,,,,2,2,1,,2,10,6,60,1,1,1,3,13,,,,,2,
HH000296,HH000296-M02,02,Soriano,Catherine,,Fernandez,02,2,47,2,2,,,1,1,1,1,1,1,7,1,6,,,,1,2,1,,1,4,7,28,1,1,5,4,24,,,,,1,2
HH000296,HH000296-M03,03,Soriano,Joshua,,Reyes,03,1,13,1,2,,,1,1,1,1,1,1,,1,2,1,00024012,,,,2,2,,,,,,,,,,,,,,,
HH000296,HH000296-M04,04,Soriano,Joy,,Mendoza,04,2,12,2,2,,,1,1,1,1,1,1,,1,1,1,00024011,,,,2,2,,,,,,,,,,,,,,,
HH000297,HH000297-M01,01,Aguilar,Lance,,Valdez,01,1,52,2,2,,,1,1,1,1,1,1,7,1,2,,,,2,2,1,,3,12,5,60,2,2,2,2,12,,,,,2,
HH000298,HH000298-M01,01,Manalo,Joshua,,Aquino,01,1,34,2,2,,,1,1,1,1,1,1,7,1,6,,,,2,1,1,,2,8,5,41,2,2,0,4,,,,,,2,
HH000298,HH000298-M02,02,Manalo,Liza,,Ramos,02,2,31,2,2,,,1,1,1,1,1,1,7,1,7,,,,2,2,1,,2,9,4,36,1,2,1,3,21,,,,,2,
HH000299,HH000299-M01,01,Bautista,Christian,,Torres,01,1,55,2,2,,,1,1,1,1,1,1,7,1,3,,,,2,2,1,,3,8,5,42,2,2,1,2,,,,,,2,
HH000299,HH000299-M02,02,Bautista,Grace,,Flores,02,2,58,2,2,,,1,1,3,1,1,1,7,1,2,,,,2,2,1,,1,8,2,14,1,2,6,,27,,,,,1,2
HH000299,HH000299-M03,03,Bautista,Marco,Jr.,Flores,03,1,7,1,,,,1,1,1,1,1,1,,1,1,1,00010012,,,,2,2,,,,,,,,,,,,,,,
HH000299,HH000299-M04,04,Bautista,Angela,,Flores,04,2,4,1,,,,,,,,,,,,,1,00001000,,,,,,,,,,,,,,,,,,,,
HH000299,HH000299-M05,05,Bautista,Paolo,Jr.,Flores,03,1,4,1,,,,,,,,,,,,,1,00002000,,,,,,,,,,,,,,,,,,,,
HH000299,HH000299-M06,06,Bautista,Gabriel,,Aquino,03,1,2,1,,,,,,,,,,,,,,,,,,,,,,,,,,,,,,,,,,
HH000300,HH000300-M01,01,Aquino,Angela,,Lopez,01,2,32,2,2,,,1,1,2,1,1,1,7,2,5,,,,2,2,1,,2,8,5,39,2,2,1,4,31,,,,,2,
HH000300,HH000300-M02,02,Aquino,Lance,,Bautista,02,1,27,2,2,,,1,1,1,1,2,1,7,1,2,,,,2,2,1,,3,8,5,40,2,2,4,,,,,,,2,
HH000300,HH000300-M03,03,Aquino,Mark,Jr.,Ramos,03,1,12,1,2,,,1,1,1,1,1,1,,1,1,2,,10,,,2,2,,,,,,,,,,,,,,,
HH000300,HH000300-M04,04,Aquino,Sophia,,Valdez,04,2,3,1,,,,,,,,,,,,,2,,12,,,,,,,,,,,,,,,,,,,
HH000300,HH000300-M05,05,Aquino,Nicole,,Castillo,04,2,0,1,,,,,,,,,,,,,,,,,,,,,,,,,,,,,,,,,,
HH000300,HH000300-M06,06,Aquino,Joan,,Fernandez,23,2,39,1,2,,,1,1,1,1,1,2,7,1,6,,,,2,2,1,,1,10,3,28,2,2,6,,24,,,,,2,
HH000300,HH000300-M07,07,Aquino,Vincent,,Bautista,11,1,62,2,2,,1,1,1,3,1,1,3,7,1,6,,,,2,2,1,,1,6,4,26,2,2,0,4,27,,,,,2,
HH000301,HH000301-M01,01,Ramos,John,III,Torres,01,1,25,2,2,,,4,1,1,1,1,1,7,1,1,,,,2,2,1,,1,8,4,34,2,2,2,4,30,,,,,2,
HH000301,HH000301-M02,02,Ramos,Ana,,Cruz,02,2,24,2,2,,,1,1,2,1,1,1,7,1,2,1,00034012,,2,2,1,,2,5,5,24,1,1,3,,31,,,,,2,
HH000301,HH000301-M03,03,Ramos,Rafael,,Valdez,03,1,8,1,,,,1,1,1,1,1,1,,1,1,1,00010013,,,,2,2,,,,,,,,,,,,,,,
HH000301,HH000301-M04,04,Ramos,Maria,,Aquino,04,2,4,1,,,,,,,,,,,,,2,,12,,,,,,,,,,,,,,,,,,,
HH000301,HH000301-M05,05,Ramos,Sophia,,Aguilar,04,2,4,1,,,,,,,,,,,,,2,,06,,,,,,,,,,,,,,,,,,,
HH000302,HH000302-M01,01,Abad,Miguel,,Bautista,01,1,48,5,1,2,,1,1,1,1,1,2,7,1,1,,,,2,1,2,3,,,,,,,,,,2,10,,,2,
HH000302,HH000302-M02,02,Abad,Jose,Jr.,Lopez,03,1,24,2,2,,,1,2,1,1,1,1,7,1,5,1,00034012,,2,2,2,1,1,9,0,0,2,2,1,5,24,,,,,2,
HH000302,HH000302-M03,03,Abad,Mark,,Castillo,03,1,15,1,2,,,1,1,1,1,1,1,7,1,2,2,,06,2,2,2,3,,,,,,,,,,1,,1,1,2,
HH000302,HH000302-M04,04,Abad,Michelle,,Bautista,04,2,15,1,2,,,1,1,1,1,1,2,7,1,2,1,00024014,,1,2,2,2,,,,,,,,,,2,01,2,2,2,
HH000303,HH000303-M01,01,Aguilar,Joan,,Aquino,01,2,44,1,2,,,1,1,1,1,1,1,7,1,3,,,,2,2,2,2,,,,,,,,,,2,05,2,2,2,
HH000303,HH000303-M02,02,Aguilar,Jerome,,Flores,03,1,18,1,2,,,1,1,1,1,1,1,7,1,2,2,,09,2,2,2,1,2,6,0,0,2,2,2,2,27,,,,,2,
HH000304,HH000304-M01,01,Pascual,Liza,,Diaz,01,2,67,2,2,,1,1,1,1,4,3,1,7,1,6,,,,2,2,2,1,1,9,0,0,1,2,3,,99,,,,,2,
HH000304,HH000304-M02,02,Pascual,Daniel,,Rivera,02,1,66,2,2,,1,2,1,1,1,1,3,7,1,3,,,,2,2,2,2,,,,,,,,,,2,06,,,2,
HH000305,HH000305-M01,01,Flores,Leah,,Flores,01,2,44,2,2,,,1,1,1,1,1,1,7,1,6,,,,2,2,1,,1,9,4,36,1,2,1,3,20,,,,,2,
HH000305,HH000305-M02,02,Flores,Joshua,,Castillo,02,1,44,2,2,,,3,4,1,1,1,1,7,1,4,,,,1,2,2,2,,,,,,,,,,1,,2,1,2,
HH000305,HH000305-M03,03,Flores,Karen,,Fernandez,04,2,20,1,2,,,1,1,1,1,1,1,7,1,3,1,00034012,,2,2,2,2,,,,,,,,,,2,09,,,1,1
HH000305,HH000305-M04,04,Flores,Paolo,,Domingo,03,1,2,1,,,,,,,,,,,,,,,,,,,,,,,,,,,,,,,,,,
HH000305,HH000305-M05,05,Flores,Jose,,Domingo,03,1,2,1,,,,,,,,,,,,,,,,,,,,,,,,,,,,,,,,,,
HH000305,HH000305-M06,06,Flores,Liza,,Castillo,04,2,1,1,,,,,,,,,,,,,,,,,,,,,,,,,,,,,,,,,,
HH000306,HH000306-M01,01,Domingo,Jerome,,Santos,01,1,34,2,2,,,1,1,1,1,1,1,7,1,2,,,,2,2,1,,2,8,6,49,2,2,1,3,11,,,,,2,
HH000306,HH000306-M02,02,Domingo,Nicole,,Torres,02,2,36,2,2,,,1,1,1,1,1,1,7,1,6,,,,2,2,1,,1,7,5,35,2,2,1,5,31,,,,,2,
HH000306,HH000306-M03,03,Domingo,Kristine,,Aquino,04,2,14,1,2,,,1,1,1,3,1,1,,1,2,1,00024013,,,,2,2,,,,,,,,,,,,,,,
HH000306,HH000306-M04,04,Domingo,Leah,,Santos,04,2,12,1,2,,,1,1,1,1,1,1,,1,1,1,00024011,,,,2,2,,,,,,,,,,,,,,,
HH000306,HH000306-M05,05,Domingo,Marco,Jr.,Domingo,03,1,5,1,,,,1,1,1,1,1,1,,1,0,1,00002000,,,,2,2,,,,,,,,,,,,,,,
HH000306,HH000306-M06,06,Domingo,Luis,,Bautista,03,1,2,1,,,,,,,,,,,,,,,,,,,,,,,,,,,,,,,,,,
HH000306,HH000306-M07,07,Domingo,Camille,,Ramos,12,2,77,2,2,,1,1,1,1,1,2,1,7,1,3,,,,2,2,2,1,1,4,0,0,1,2,1,4,29,,,,,2,
HH000307,HH000307-M01,01,Ramos,Miguel,Jr.,Bautista,01,1,30,2,2,,,1,1,1,1,1,1,7,2,3,,,,2,1,2,2,,,,,,,,,,1,,1,2,2,
HH000307,HH000307-M02,02,Ramos,Joy,,Lopez,02,2,34,2,2,,,1,1,2,1,1,1,7,1,6,,,,2,2,1,,2,8,7,54,2,2,5,4,12,,,,,2,
HH000307,HH000307-M03,03,Ramos,Nathan,,Ramos,03,1,13,1,2,,,1,1,1,1,1,1,,1,2,1,00024012,,,,2,2,,,,,,,,,,,,,,,
HH000307,HH000307-M04,04,Ramos,Kristine,,Aguilar,04,2,11,1,2,,,1,1,1,1,1,1,,1,1,1,00010015,,,,2,2,,,,,,,,,,,,,,,
HH000307,HH000307-M05,05,Ramos,Hanson,,Lopez,23,1,54,1,2,,,1,1,1,1,1,1,7,1,3,,,,2,2,1,,3,8,5,42,1,1,1,4,,,,,,2,
HH000308,HH000308-M01,01,Cabrera,Jose,,Lopez,01,1,40,2,2,,,1,1,1,1,1,1,7,1,2,,,,1,2,1,,2,8,6,49,1,2,1,1,11,,,,,2,
HH000308,HH000308-M02,02,Cabrera,Ella,,Reyes,02,2,42,2,2,,,1,1,1,1,1,1,7,1,2,,,,2,2,1,,2,7,5,37,2,2,3,,99,,,,,2,
HH000308,HH000308-M03,03,Cabrera,Grace,,Aquino,04,2,22,4,2,,,1,2,1,1,1,1,7,1,3,2,,07,2,2,1,,1,9,2,18,1,2,1,5,23,,,,,1,1
HH000308,HH000308-M04,04,Cabrera,Joshua,,Rivera,03,1,20,1,2,,,1,1,1,1,1,1,1,1,6,2,,10,2,2,,,,,,,,,,,,,,,,,
HH000308,HH000308-M05,05,Cabrera,Marco,,Ramos,03,1,11,1,2,,,1,1,1,1,1,1,,1,1,1,00010016,,,,2,2,,,,,,,,,,,,,,,
HH000308,HH000308-M06,06,Cabrera,Rose,,Reyes,04,2,10,1,2,,,1,1,1,1,1,1,,1,1,1,00010015,,,,2,2,,,,,,,,,,,,,,,
HH000309,HH000309-M01,01,Corpuz,Luis,III,Diaz,01,1,27,2,2,,,1,1,1,1,1,1,7,1,6,,,,2,2,1,,1,8,6,48,2,2,0,4,,,,,,1,1
HH000309,HH000309-M02,02,Corpuz,Sophia,,Castillo,02,2,26,2,2,,,1,1,1,1,1,1,7,1,6,,,,2,2,2,2,,,,,,,,,,2,04,2,2,2,
HH000309,HH000309-M03,03,Corpuz,Nicole,,Garcia,04,2,5,1,,,,1,1,1,1,2,1,,1,1,1,00002000,,,,2,2,,,,,,,,,,,,,,,
HH000310,HH000310-M01,01,Aguilar,Liza,,Rivera,01,2,41,2,2,,,1,1,1,1,1,1,7,1,6,,,,2,2,1,,3,8,4,30,2,2,3,,30,,,,,2,
HH000310,HH000310-M02,02,Aguilar,Paolo,,Bautista,02,1,36,2,2,,,1,1,1,1,1,1,7,1,6,,,,2,2,1,,1,8,7,55,2,2,3,,99,,,,,2,
HH000310,HH000310-M03,03,Aguilar,Gabriel,,Torres,03,1,13,1,2,,,1,1,1,1,1,1,,1,2,1,00024012,,,,2,2,,,,,,,,,,,,,,,
HH000311,HH000311-M01,01,Pascual,Mae,,Navarro,01,2,60,2,2,,1,1,1,1,1,1,1,7,1,3,,,,2,2,1,,2,10,5,52,2,2,2,3,12,,,,,2,
HH000311,HH000311-M02,02,Pascual,Paolo,,Navarro,02,1,57,2,2,,,1,1,1,1,1,1,7,1,6,,,,2,2,1,,1,8,5,41,2,2,3,,,,,,,2,
HH000312,HH000312-M01,01,Domingo,Joy,,Flores,01,2,58,6,1,2,,2,1,1,1,1,1,7,1,3,,,,1,2,1,,2,7,5,33,1,1,3,,23,,,,,2,
HH000312,HH000312-M02,02,Domingo,Jose,,Mendoza,03,1,21,1,2,,,1,1,1,1,1,1,7,1,3,2,,06,2,2,2,2,,,,,,,,,,1,,2,1,2,
HH000312,HH000312-M03,03,Domingo,Hanson,,Ramos,03,1,1,1,,,,,,,,,,,,,,,,,,,,,,,,,,,,,,,,,,
HH000312,HH000312-M04,04,Domingo,Paolo,,Fernandez,03,1,1,1,,,,,,,,,,,,,,,,,,,,,,,,,,,,,,,,,,
HH000313,HH000313-M01,01,Fernandez,Daniel,,Castillo,01,1,32,2,2,,,1,1,1,1,1,1,7,1,2,,,,2,2,2,2,,,,,,,,,,2,03,2,1,2,
HH000313,HH000313-M02,02,Fernandez,Joy,,Santos,02,2,34,2,2,,,2,1,1,1,1,1,7,1,1,,,,2,2,1,,1,8,2,14,2,2,1,7,28,,,,,2,
HH000313,HH000313-M03,03,Fernandez,Karen,,Lopez,04,2,13,1,2,,,1,1,1,1,1,1,,1,1,1,00024012,,,,2,2,,,,,,,,,,,,,,,
HH000313,HH000313-M04,04,Fernandez,Angela,,Fernandez,04,2,6,1,,,,1,1,1,1,1,1,,2,0,1,00010011,,,,2,2,,,,,,,,,,,,,,,
HH000313,HH000313-M05,05,Fernandez,Miguel,,Aquino,03,1,0,1,,,,,,,,,,,,,,,,,,,,,,,,,,,,,,,,,,
HH000314,HH000314-M01,01,Navarro,Nathan,,Aguilar,01,1,28,2,2,,,1,1,1,1,1,1,7,1,6,,,,2,2,2,2,,,,,,,,,,2,05,2,1,2,
HH000314,HH000314-M02,02,Navarro,Leah,,Domingo,02,2,28,2,2,,,1,1,1,1,1,1,7,1,6,,,,2,2,1,,1,10,3,29,1,1,1,3,30,,,,,1,1
HH000314,HH000314-M03,03,Navarro,Christian,Jr.,Santos,03,1,11,2,2,,,1,1,1,1,1,1,,1,1,2,,06,,,2,2,,,,,,,,,,,,,,,
HH000314,HH000314-M04,04,Navarro,Maria,,Garcia,04,2,9,1,,,,1,1,1,1,1,1,,1,1,1,00010014,,,,2,2,,,,,,,,,,,,,,,
HH000314,HH000314-M05,05,Navarro,Rommel,,Ramos,03,1,6,1,,,,1,1,1,1,1,1,,1,0,1,00010011,,,,2,2,,,,,,,,,,,,,,,
HH000315,HH000315-M01,01,Corpuz,Daniel,III,Soriano,01,1,35,2,2,,,1,1,1,2,1,3,7,1,2,,,,2,1,2,1,2,6,0,0,2,2,1,3,22,,,,,2,
HH000315,HH000315-M02,02,Corpuz,Karen,,Reyes,02,2,39,2,2,,,1,1,1,2,1,1,7,1,3,,,,1,2,1,,3,8,4,32,2,2,1,4,22,,,,,2,
HH000315,HH000315-M03,03,Corpuz,Rommel,Jr.,Lopez,03,1,17,1,2,,,1,1,1,1,1,1,7,1,3,1,00034012,,2,2,2,2,,,,,,,,,,1,,1,1,1,1
HH000315,HH000315-M04,04,Corpuz,Carlo,,Cruz,03,1,16,1,2,,,1,1,1,1,1,1,7,1,1,1,00034011,,2,2,2,2,,,,,,,,,,2,06,,,2,
HH000315,HH000315-M05,05,Corpuz,Miguel,Jr.,Soriano,03,1,12,1,2,,,1,1,1,1,1,1,,1,1,1,00024011,,,,2,2,,,,,,,,,,,,,,,
HH000315,HH000315-M06,06,Corpuz,Mae,,Cruz,04,2,10,1,2,,,1,1,1,1,1,1,,1,1,1,00010015,,,,2,2,,,,,,,,,,,,,,,
HH000316,HH000316-M01,01,Soriano,Angela,,Lopez,01,2,57,2,2,,,1,1,1,1,1,1,7,1,6,,,,1,2,1,,2,12,5,61,2,2,1,3,14,,,,,2,
HH000316,HH000316-M02,02,Soriano,Jerome,,Diaz,02,1,55,2,2,,,1,1,1,1,1,1,7,1,3,,,,2,2,1,,2,9,7,64,2,2,1,3,12,,,,,2,
HH000316,HH000316-M03,03,Soriano,Angelo,Jr.,Reyes,03,1,21,1,2,,,2,1,1,1,1,1,7,1,3,2,,06,1,2,1,,1,8,6,50,2,2,2,4,12,,,,,2,
HH000316,HH000316-M04,04,Soriano,Nathan,,Garcia,03,1,16,1,2,,,1,1,1,1,1,1,7,1,2,1,00034011,,2,2,1,,3,5,3,15,1,2,2,0,28,,,,,2,
HH000316,HH000316-M05,05,Soriano,Karen,,Soriano,04,2,5,1,,,,1,1,1,1,1,1,,1,0,1,00002000,,,,2,2,,,,,,,,,,,,,,,
HH000317,HH000317-M01,01,Garcia,Jasmine,,Navarro,01,2,47,1,1,1,,2,1,1,1,1,1,7,1,2,,,,2,2,2,2,,,,,,,,,,2,01,1,1,2,
HH000317,HH000317-M02,02,Garcia,Vincent,Jr.,Mendoza,03,1,17,1,2,,,1,1,1,1,1,1,7,1,3,1,00034012,,2,2,2,2,,,,,,,,,,2,09,,,2,
HH000317,HH000317-M03,03,Garcia,Marco,,Fernandez,03,1,11,1,2,,,1,1,1,1,1,1,,1,1,1,00010016,,,,2,2,,,,,,,,,,,,,,,
HH000317,HH000317-M04,04,Garcia,Leah,,Torres,04,2,8,1,,,,1,1,1,1,1,1,,1,1,1,00010013,,,,2,2,,,,,,,,,,,,,,,
HH000317,HH000317-M05,05,Garcia,Jose,,Torres,03,1,8,1,,,,1,1,1,1,1,2,,1,1,1,00010014,,,,2,3,,,,,,,,,,,,,,,
HH000318,HH000318-M01,01,Garcia,Mark,,Aquino,01,1,42,6,1,2,,1,1,1,1,1,1,7,1,6,,,,2,2,1,,1,6,5,28,1,2,1,4,29,,,,,2,
HH000318,HH000318-M02,02,Garcia,Michelle,,Diaz,04,2,17,1,2,,,1,1,1,1,1,1,7,1,3,1,00034012,,2,2,2,2,,,,,,,,,,2,09,,,2,
HH000319,HH000319-M01,01,Mendoza,Jasmine,,Flores,01,2,31,1,1,1,,1,1,1,1,1,1,7,1,2,,,,2,2,1,,3,8,2,16,1,1,5,3,28,,,,,2,
HH000319,HH000319-M02,02,Mendoza,Sophia,,Aguilar,04,2,9,1,,,,1,2,1,1,1,1,,1,1,1,00010014,,,,2,2,,,,,,,,,,,,,,,
HH000319,HH000319-M03,03,Mendoza,Camille,,Cruz,04,2,9,1,,,,1,1,1,1,1,1,,1,1,2,,17,,,2,2,,,,,,,,,,,,,,,
HH000319,HH000319-M04,04,Mendoza,Patricia,,Santos,04,2,4,1,,,,,,,,,,,,,2,,12,,,,,,,,,,,,,,,,,,,
HH000319,HH000319-M05,05,Mendoza,Rose,,Navarro,04,2,2,1,,,,,,,,,,,,,,,,,,,,,,,,,,,,,,,,,,
HH000320,HH000320-M01,01,Padilla,Rafael,,Domingo,01,1,35,2,2,,,2,1,1,1,1,1,7,1,6,,,,2,2,2,2,,,,,,,,,,2,10,,,1,2
HH000320,HH000320-M02,02,Padilla,Maria,,Rivera,02,2,35,2,2,,,1,1,1,1,1,1,7,1,1,,,,2,2,2,2,,,,,,,,,,2,04,1,1,2,
HH000320,HH000320-M03,03,Padilla,Rafael,Jr.,Bautista,03,1,7,1,,,,1,1,1,1,1,1,,1,1,1,00010013,,,,2,2,,,,,,,,,,,,,,,
HH000320,HH000320-M04,04,Padilla,Leah,,Castillo,04,2,5,1,,,,1,1,1,1,1,1,,1,1,1,00002000,,,,2,2,,,,,,,,,,,,,,,
HH000320,HH000320-M05,05,Padilla,Gabriel,,Mendoza,03,1,4,1,,,,,,,,,,,,,2,,12,,,,,,,,,,,,,,,,,,,
HH000320,HH000320-M06,06,Padilla,Nathan,,Bautista,03,1,2,1,,,,,,,,,,,,,,,,,,,,,,,,,,,,,,,,,,
HH000320,HH000320-M07,07,Padilla,Angela,,Mendoza,04,2,1,1,,,,,,,,,,,,,,,,,,,,,,,,,,,,,,,,,,
HH000321,HH000321-M01,01,Flores,Bea,,Lopez,01,2,40,2,2,,,1,1,1,1,1,1,7,1,4,,,,2,2,1,,2,7,5,37,2,2,1,3,31,,,,,2,
HH000321,HH000321-M02,02,Flores,Jerome,,Ramos,02,1,41,2,2,,,1,1,1,1,1,1,7,1,3,,,,2,2,1,,2,8,6,46,2,2,1,4,,,,,,1,2
HH000322,HH000322-M01,01,Corpuz,Luis,,Domingo,01,1,25,2,2,,,1,2,1,1,1,1,7,1,2,,,,2,2,1,,3,8,5,42,1,2,6,,,,,,,1,1
HH000322,HH000322-M02,02,Corpuz,Liza,,Bautista,02,2,26,2,2,,,1,1,1,1,1,1,7,1,3,,,,2,2,1,,1,6,5,28,2,2,1,4,23,,,,,2,
HH000322,HH000322-M03,03,Corpuz,Bea,,Fernandez,04,2,7,1,,,,1,1,1,1,1,1,,1,1,1,00010012,,,,2,2,,,,,,,,,,,,,,,
HH000322,HH000322-M04,04,Corpuz,Marco,,Fernandez,03,1,7,1,,,,1,1,1,1,1,1,,1,1,1,00010013,,,,2,2,,,,,,,,,,,,,,,
HH000323,HH000323-M01,01,Valdez,Hanson,,Garcia,01,1,74,2,2,,2,1,1,1,1,1,1,7,1,6,,,,2,2,2,2,,,,,,,,,,2,10,,,1,2
HH000324,HH000324-M01,01,Domingo,Vincent,,Flores,01,1,28,2,2,,,1,1,1,2,1,1,7,1,6,,,,2,2,2,2,,,,,,,,,,2,03,2,1,2,
HH000324,HH000324-M02,02,Domingo,Ella,,Lopez,02,2,22,2,2,,,1,1,1,1,1,1,1,1,6,2,,09,2,2,,,,,,,,,,,,,,,,,
HH000324,HH000324-M03,03,Domingo,Angelo,,Cruz,03,1,11,1,2,,,1,1,1,1,1,1,,1,1,1,00010015,,,,2,2,,,,,,,,,,,,,,,
HH000324,HH000324-M04,04,Domingo,Sophia,,Castillo,12,2,62,2,2,,1,1,1,2,1,1,1,7,1,3,,,,2,2,2,2,,,,,,,,,,2,10,,,2,
HH000325,HH000325-M01,01,Salazar,Paolo,III,Ramos,01,1,26,5,1,2,,1,1,1,1,1,1,7,1,4,,,,1,2,2,2,,,,,,,,,,2,03,2,1,2,
HH000325,HH000325-M02,02,Salazar,Mark,Jr.,Reyes,03,1,9,1,,,,1,1,1,1,1,1,,1,1,1,00010014,,,,2,2,,,,,,,,,,,,,,,
HH000325,HH000325-M03,03,Salazar,Juan,Jr.,Aquino,03,1,5,1,,,,1,1,1,1,1,1,,2,1,1,00002000,,,,2,2,,,,,,,,,,,,,,,
HH000325,HH000325-M04,04,Salazar,Rose,,Torres,04,2,1,1,,,,,,,,,,,,,,,,,,,,,,,,,,,,,,,,,,
HH000325,HH000325-M05,05,Salazar,Patricia,,Torres,04,2,0,1,,,,,,,,,,,,,,,,,,,,,,,,,,,,,,,,,,
HH000326,HH000326-M01,01,Garcia,John,Jr.,Fernandez,01,1,28,2,2,,,1,1,1,1,1,1,7,1,4,,,,2,2,2,2,,,,,,,,,,1,,2,1,2,
HH000326,HH000326-M02,02,Garcia,Jasmine,,Ramos,02,2,26,2,2,,,1,1,1,1,1,1,7,1,6,,,,2,2,1,,2,8,5,41,2,2,1,7,,,,,,2,
HH000326,HH000326-M03,03,Garcia,Joy,,Soriano,04,2,11,1,2,,,1,1,1,3,1,1,,1,1,1,00010016,,,,2,2,,,,,,,,,,,,,,,
HH000326,HH000326-M04,04,Garcia,Lance,,Lopez,03,1,7,1,,,,1,1,1,1,1,1,,1,1,1,00010012,,,,2,2,,,,,,,,,,,,,,,
HH000326,HH000326-M05,05,Garcia,Juan,,Mendoza,23,1,38,2,2,,,1,1,1,1,2,1,7,1,2,,,,2,2,1,,1,6,5,30,1,2,3,,31,,,,,2,
HH000326,HH000326-M06,06,Garcia,Juan,,Diaz,11,1,64,1,2,,1,1,1,1,1,2,1,7,1,2,,,,2,2,1,,3,8,5,40,1,2,2,7,,,,,,2,
HH000327,HH000327-M01,01,Soriano,Jasmine,,Flores,01,2,43,4,1,1,,1,1,1,1,1,1,7,1,3,,,,2,2,1,,1,10,6,60,1,2,1,3,13,,,,,2,
HH000327,HH000327-M02,02,Soriano,Carlo,,Fernandez,03,1,23,2,2,,,1,1,1,1,1,1,2,1,3,1,00034012,,2,2,,,,,,,,,,,,,,,,,
HH000327,HH000327-M03,03,Soriano,Mae,,Santos,04,2,22,2,2,,,1,1,1,1,1,4,7,1,3,1,00034012,,2,1,1,,1,5,6,29,2,2,3,,32,,,,,2,
HH000327,HH000327-M04,04,Soriano,Christian,,Mendoza,03,1,14,1,2,,,1,1,1,1,1,1,,1,2,1,00024013,,,,2,2,,,,,,,,,,,,,,,
HH000328,HH000328-M01,01,De Vera,Joshua,,Castillo,01,1,45,2,2,,,1,1,1,1,1,1,7,1,6,,,,1,2,1,,3,12,5,62,2,2,5,4,11,,,,,2,
HH000328,HH000328-M02,02,De Vera,Grace,,Valdez,02,2,44,2,2,,,1,1,1,2,1,1,2,1,6,,,,2,2,,,,,,,,,,,,,,,,,
HH000328,HH000328-M03,03,De Vera,Nicole,,Domingo,04,2,12,1,2,,,1,1,1,1,1,1,,1,1,1,00024011,,,,2,2,,,,,,,,,,,,,,,
HH000328,HH000328-M04,04,De Vera,Jasmine,,Cruz,04,2,11,1,2,,,1,1,1,1,1,1,,1,1,1,00010016,,,,2,2,,,,,,,,,,,,,,,
HH000328,HH000328-M05,05,De Vera,Mae,,Bautista,12,2,75,4,2,,1,1,1,1,1,1,1,7,1,1,,,,2,2,2,2,,,,,,,,,,2,10,,,2,
HH000329,HH000329-M01,01,Aquino,Joan,,Lopez,01,2,39,2,2,,,1,1,1,1,1,1,7,1,5,,,,2,2,1,,2,4,5,21,1,2,1,2,20,,,,,2,
HH000329,HH000329-M02,02,Aquino,Daniel,,Navarro,02,1,39,2,2,,,1,1,1,1,1,1,7,1,2,,,,2,2,1,,1,7,5,35,1,1,3,,29,,,,,2,
HH000329,HH000329-M03,03,Aquino,Lance,Jr.,Aquino,03,1,14,1,2,,,1,1,1,1,1,1,,1,2,2,,10,,,2,2,,,,,,,,,,,,,,,
HH000329,HH000329-M04,04,Aquino,Nicole,,Diaz,04,2,11,2,2,,,1,1,1,1,1,1,,1,1,1,00010016,,,,2,2,,,,,,,,,,,,,,,
HH000329,HH000329-M05,05,Aquino,Patricia,,Lopez,04,2,8,1,,,,1,1,1,1,1,1,,1,1,1,00010013,,,,2,2,,,,,,,,,,,,,,,
HH000330,HH000330-M01,01,Rosales,Bea,,Mendoza,01,2,36,2,2,,,2,2,1,1,1,1,7,1,2,,,,2,2,1,,1,7,5,37,1,2,3,,32,,,,,1,2
HH000330,HH000330-M02,02,Rosales,Nathan,,Fernandez,02,1,39,2,2,,,1,2,1,1,1,1,7,1,2,,,,2,2,1,,1,10,5,51,2,2,3,,99,,,,,2,
HH000330,HH000330-M03,03,Rosales,Catherine,,Aguilar,04,2,19,1,2,,,1,1,1,1,1,1,7,1,3,1,00034012,,2,2,1,,1,7,7,49,2,2,5,3,11,,,,,1,2
HH000330,HH000330-M04,04,Rosales,Mark,,Reyes,03,1,16,1,2,,,1,1,1,1,1,1,7,1,2,1,00034011,,2,2,2,2,,,,,,,,,,2,09,,,2,
HH000330,HH000330-M05,05,Rosales,Sophia,,Bautista,04,2,12,1,2,,,1,1,1,1,1,1,,1,1,1,00024012,,,,2,2,,,,,,,,,,,,,,,
HH000330,HH000330-M06,06,Rosales,Carlo,,Bautista,03,1,11,1,2,,,1,1,1,1,2,1,,1,1,1,00010016,,,,2,2,,,,,,,,,,,,,,,
HH000331,HH000331-M01,01,Aquino,Vincent,,Reyes,01,1,30,6,1,2,,2,1,1,1,1,1,7,1,3,,,,2,2,1,,2,6,4,25,1,2,2,2,31,,,,,2,
HH000331,HH000331-M02,02,Aquino,Leah,,Soriano,04,2,11,1,2,,,1,1,1,1,1,1,,1,1,1,00010016,,,,2,3,,,,,,,,,,,,,,,
HH000331,HH000331-M03,03,Aquino,Angela,,Diaz,04,2,6,1,,,,1,1,1,1,1,1,,1,0,1,00010011,,,,2,2,,,,,,,,,,,,,,,
HH000331,HH000331-M04,04,Aquino,Gabriel,,Domingo,03,1,2,1,,,,,,,,,,,,,,,,,,,,,,,,,,,,,,,,,,
HH000331,HH000331-M05,05,Aquino,Lance,Jr.,Mendoza,03,1,1,1,,,,,,,,,,,,,,,,,,,,,,,,,,,,,,,,,,
HH000332,HH000332-M01,01,Soriano,Hanson,,Bautista,01,1,50,2,2,,,1,1,2,1,1,1,7,1,6,,,,2,2,1,,1,8,6,46,2,2,1,4,,,,,,2,
HH000332,HH000332-M02,02,Soriano,Patricia,,Soriano,02,2,53,2,2,,,1,1,1,1,1,1,7,1,2,,,,2,2,1,,1,7,5,33,2,2,1,4,32,,,,,1,1
HH000332,HH000332-M03,03,Soriano,Christian,,Fernandez,03,1,9,1,,,,1,1,1,1,1,1,,1,1,1,00010014,,,,2,2,,,,,,,,,,,,,,,
HH000332,HH000332-M04,04,Soriano,Sophia,,Ramos,04,2,8,1,,,,2,1,1,1,1,1,,1,1,1,00010013,,,,2,2,,,,,,,,,,,,,,,
HH000332,HH000332-M05,05,Soriano,Grace,,Aquino,04,2,1,1,,,,,,,,,,,,,,,,,,,,,,,,,,,,,,,,,,
HH000333,HH000333-M01,01,Abad,Bea,,Ramos,01,2,31,2,2,,,1,1,1,1,1,1,7,1,2,,,,2,2,2,2,,,,,,,,,,2,10,,,2,
HH000333,HH000333-M02,02,Abad,Christian,,Rivera,02,1,26,2,2,,,1,1,1,1,1,2,7,1,1,,,,2,2,2,1,3,8,0,0,1,1,3,,28,,,,,2,
HH000333,HH000333-M03,03,Abad,Liza,,Diaz,04,2,3,1,,,,,,,,,,,,,2,,12,,,,,,,,,,,,,,,,,,,
HH000334,HH000334-M01,01,Torres,Jasmine,,Navarro,01,2,30,2,2,,,1,1,1,1,1,1,7,1,6,,,,2,2,1,,1,8,2,16,2,2,5,3,23,,,,,1,2
HH000334,HH000334-M02,02,Torres,Daniel,,Ramos,02,1,24,2,2,,,1,1,1,1,1,2,7,1,6,1,00034012,,2,2,1,,2,8,2,16,2,2,2,1,24,,,,,1,1
HH000334,HH000334-M03,03,Torres,Leah,,Torres,04,2,10,1,2,,,1,1,1,1,2,1,,1,1,1,00010015,,,,2,2,,,,,,,,,,,,,,,
HH000334,HH000334-M04,04,Torres,Andrea,,Santos,04,2,3,1,,,,,,,,,,,,,2,,12,,,,,,,,,,,,,,,,,,,
HH000335,HH000335-M01,01,Cabrera,Lance,III,Aguilar,01,1,27,2,2,,,1,1,1,2,1,1,7,1,3,,,,2,2,1,,2,6,5,30,1,2,2,3,22,,,,,2,
HH000335,HH000335-M02,02,Cabrera,Grace,,Flores,02,2,25,2,2,,,1,2,1,1,1,1,7,1,6,,,,2,2,1,,2,12,6,74,2,2,1,3,12,,,,,2,
HH000335,HH000335-M03,03,Cabrera,Lance,,Valdez,03,1,6,1,,,,1,1,1,1,1,1,,1,0,1,00010011,,,,2,2,,,,,,,,,,,,,,,
HH000335,HH000335-M04,04,Cabrera,Ella,,Torres,12,2,63,4,2,,1,3,1,1,2,1,2,7,1,3,,,,2,2,1,,2,8,3,22,1,2,5,1,21,,,,,1,1
HH000336,HH000336-M01,01,Dela Cruz,Vincent,,Bautista,01,1,49,2,2,,,1,1,1,1,1,1,7,1,6,,,,2,2,1,,2,12,5,60,2,2,3,,99,,,,,2,
HH000336,HH000336-M02,02,Dela Cruz,Maria,,Valdez,02,2,46,2,2,,,1,1,1,1,1,2,7,1,3,,,,2,2,1,,1,8,3,22,1,1,5,4,28,,,,,2,
HH000337,HH000337-M01,01,Padilla,Jasmine,,Valdez,01,2,25,2,2,,,2,2,1,1,1,1,7,1,6,,,,2,2,2,1,1,12,0,0,2,2,3,,12,,,,,2,
HH000337,HH000337-M02,02,Padilla,Angelo,,Aquino,02,1,20,2,2,,,1,2,1,1,1,1,7,1,6,1,00034012,,2,2,2,2,,,,,,,,,,2,09,,,2,
HH000337,HH000337-M03,03,Padilla,Juan,,Santos,03,1,3,1,,,,,,,,,,,,,1,00001000,,,,,,,,,,,,,,,,,,,,
HH000337,HH000337-M04,04,Padilla,Marco,Jr.,Diaz,03,1,2,1,,,,,,,,,,,,,,,,,,,,,,,,,,,,,,,,,,
HH000337,HH000337-M05,05,Padilla,Paolo,,Torres,03,1,0,1,,,,,,,,,,,,,,,,,,,,,,,,,,,,,,,,,,
HH000338,HH000338-M01,01,Rivera,Catherine,,Navarro,01,2,47,2,2,,,2,1,1,1,1,1,7,1,3,,,,2,2,1,,2,8,6,48,2,2,1,3,,,,,,2,
HH000338,HH000338-M02,02,Rivera,Daniel,,Santos,02,1,48,2,2,,,1,1,1,1,1,1,7,1,3,,,,2,1,1,,1,10,6,59,2,2,0,1,11,,,,,1,1
HH000338,HH000338-M03,03,Rivera,Joy,,Ramos,04,2,14,1,2,,,1,1,1,1,1,1,,1,2,1,00024014,,,,2,2,,,,,,,,,,,,,,,
HH000338,HH000338-M04,04,Rivera,Hanson,,Aguilar,03,1,8,1,,,,1,1,1,1,1,2,,1,1,1,00010013,,,,2,2,,,,,,,,,,,,,,,
HH000339,HH000339-M01,01,Navarro,Mark,,Cruz,01,1,27,2,2,,,1,1,1,1,1,1,7,1,3,,,,2,2,1,,1,8,6,46,2,2,1,1,,,,,,2,
HH000339,HH000339-M02,02,Navarro,Jasmine,,Fernandez,02,2,30,2,2,,,1,1,1,1,1,1,7,1,3,,,,2,2,1,,1,8,7,56,2,2,1,2,13,,,,,2,
HH000340,HH000340-M01,01,Dela Cruz,Nathan,,Aquino,01,1,38,2,2,,,1,1,1,2,1,1,7,1,3,,,,2,2,1,,3,8,6,49,2,2,6,,12,,,,,2,
HH000340,HH000340-M02,02,Dela Cruz,Sophia,,Aguilar,02,2,33,2,2,,,1,1,2,1,2,1,7,1,3,,,,2,2,1,,2,10,5,50,2,2,3,,14,,,,,2,
HH000340,HH000340-M03,03,Dela Cruz,Jerome,,Navarro,03,1,14,1,2,,,1,1,1,1,1,1,,1,2,1,00024013,,,,2,2,,,,,,,,,,,,,,,
HH000340,HH000340-M04,04,Dela Cruz,Christian,,Santos,03,1,9,1,,,,1,1,1,1,1,1,,1,1,1,00010014,,,,2,2,,,,,,,,,,,,,,,
HH000341,HH000341-M01,01,Mendoza,Carlo,,Cruz,01,1,41,2,2,,,1,1,1,1,1,1,7,1,2,,,,2,2,1,,2,8,7,54,2,2,5,5,99,,,,,2,
HH000341,HH000341-M02,02,Mendoza,Andrea,,Torres,02,2,44,2,2,,,1,1,1,1,1,1,7,1,3,,,,2,2,1,,1,8,3,24,1,2,2,3,31,,,,,1,1
HH000341,HH000341-M03,03,Mendoza,Hanson,,Bautista,03,1,20,1,2,,,1,1,1,1,1,2,7,1,3,2,,07,1,2,2,2,,,,,,,,,,2,10,,,2,
HH000341,HH000341-M04,04,Mendoza,Rommel,,Mendoza,03,1,3,1,,,,,,,,,,,,,2,,12,,,,,,,,,,,,,,,,,,,
HH000342,HH000342-M01,01,De Vera,Michelle,,Fernandez,01,2,42,2,2,,,1,1,1,1,1,1,7,1,3,,,,1,2,1,,1,8,5,42,1,1,4,,,,,,,2,
HH000342,HH000342-M02,02,De Vera,Angelo,,Garcia,02,1,44,2,2,,,1,1,1,1,1,1,7,1,5,,,,2,2,1,,2,8,6,48,2,2,2,0,,,,,,2,
HH000342,HH000342-M03,03,De Vera,Paolo,,Castillo,03,1,16,1,2,,,1,1,1,1,1,1,7,1,2,1,00034011,,2,2,1,,1,5,5,25,1,2,1,3,22,,,,,2,
HH000342,HH000342-M04,04,De Vera,Camille,,Mendoza,04,2,12,1,2,,,1,1,1,1,1,1,,1,1,1,00024012,,,,2,2,,,,,,,,,,,,,,,
HH000342,HH000342-M05,05,De Vera,Miguel,,Flores,15,1,35,1,2,,,1,1,1,1,1,1,7,1,3,,,,2,2,2,2,,,,,,,,,,2,01,1,1,2,
HH000342,HH000342-M06,06,De Vera,Sophia,,Reyes,12,2,69,4,2,,1,1,1,1,1,2,1,7,2,6,,,,2,2,1,,1,7,6,42,1,1,1,3,,,,,,2,
HH000342,HH000342-M07,07,De Vera,Kristine,,Santos,16,2,46,3,2,,,1,1,1,1,1,1,7,1,6,,,,1,2,1,,3,4,5,20,1,1,6,,31,,,,,2,
HH000343,HH000343-M01,01,Valdez,Juan,,Lopez,01,1,38,4,1,2,,1,3,1,1,1,1,7,1,2,,,,2,1,1,,1,12,5,60,2,2,1,3,12,,,,,2,
HH000343,HH000343-M02,02,Valdez,Catherine,,Aguilar,04,2,3,1,,,,,,,,,,,,,2,,12,,,,,,,,,,,,,,,,,,,
HH000344,HH000344-M01,01,Rosales,Vincent,,Mendoza,01,1,48,2,2,,,1,1,1,2,1,1,7,2,1,,,,2,2,1,,1,10,7,70,2,2,3,,99,,,,,2,
HH000344,HH000344-M02,02,Rosales,Catherine,,Mendoza,02,2,51,2,2,,,1,1,1,2,2,1,7,1,1,,,,2,2,1,,1,12,5,58,2,2,3,,11,,,,,2,
HH000344,HH000344-M03,03,Rosales,Rommel,,Rivera,03,1,12,2,2,,,1,1,1,1,1,1,,1,1,1,00024011,,,,2,2,,,,,,,,,,,,,,,
HH000345,HH000345-M01,01,Aguilar,Andrea,,Bautista,01,2,44,2,2,,,1,1,1,1,1,1,7,1,6,,,,2,2,1,,2,7,4,28,1,1,1,3,29,,,,,2,
HH000345,HH000345-M02,02,Aguilar,Nathan,,Garcia,02,1,44,2,2,,,1,1,1,1,1,1,7,1,3,,,,1,2,1,,1,8,6,47,2,2,6,,,,,,,2,
HH000345,HH000345-M03,03,Aguilar,Nicole,,Cruz,04,2,24,1,2,,,1,1,1,1,2,1,7,1,2,2,,10,2,1,1,,1,5,6,31,1,2,3,,24,,,,,2,
HH000345,HH000345-M04,04,Aguilar,Daniel,,Lopez,03,1,13,1,2,,,1,2,1,1,1,1,,1,2,1,00024011,,,,2,2,,,,,,,,,,,,,,,
HH000345,HH000345-M05,05,Aguilar,Karen,,Reyes,12,2,65,4,2,,1,1,1,1,1,1,1,7,1,3,,,,2,2,2,2,,,,,,,,,,2,07,,,2,
HH000345,HH000345-M06,06,Aguilar,Ella,,Lopez,12,2,65,2,2,,1,1,1,2,2,1,2,7,1,2,,,,2,2,2,1,1,7,0,0,1,2,1,3,99,,,,,2,
HH000346,HH000346-M01,01,Torres,Angela,,Aquino,01,2,34,2,2,,,1,1,1,1,1,1,7,1,6,,,,1,2,1,,2,8,6,50,2,2,1,4,12,,,,,2,
HH000346,HH000346-M02,02,Torres,Noel,,Soriano,02,1,32,2,2,,,1,1,1,1,1,1,7,1,6,,,,2,2,1,,1,8,5,42,2,2,3,,,,,,,2,
HH000346,HH000346-M03,03,Torres,Andrea,,Valdez,04,2,4,1,,,,,,,,,,,,,1,00002000,,,,,,,,,,,,,,,,,,,,
HH000347,HH000347-M01,01,Aquino,Leah,,Santos,01,2,38,1,1,1,,2,1,1,1,1,1,7,1,6,,,,1,2,1,,2,8,5,38,1,1,2,1,20,,,,,2,
HH000347,HH000347-M02,02,Aquino,Mae,,Bautista,04,2,20,1,2,,,1,1,1,1,1,1,7,1,3,2,,09,2,2,1,,1,9,5,45,2,2,6,,,,,,,2,
HH000347,HH000347-M03,03,Aquino,Sophia,,Flores,04,2,8,1,,,,1,1,1,1,1,1,,1,1,1,00010013,,,,2,2,,,,,,,,,,,,,,,
HH000348,HH000348-M01,01,Rivera,Jerome,Jr.,Cruz,01,1,42,2,2,,,2,1,1,1,1,1,7,1,6,,,,2,2,1,,2,8,5,40,2,2,1,4,,,,,,2,
HH000348,HH000348-M02,02,Rivera,Joan,,Ramos,02,2,37,2,2,,,1,1,1,1,1,1,7,1,2,,,,2,2,1,,2,4,3,12,2,2,1,7,28,,,,,2,
HH000348,HH000348-M03,03,Rivera,Angela,,Lopez,04,2,21,1,2,,,1,1,1,1,1,1,7,1,3,2,,07,2,1,2,2,,,,,,,,,,2,09,,,2,
HH000348,HH000348-M04,04,Rivera,Liza,,Garcia,04,2,15,1,2,,,1,1,3,2,1,1,7,1,2,1,00024014,,2,2,2,2,,,,,,,,,,1,,2,2,2,
HH000348,HH000348-M05,05,Rivera,Ana,,Castillo,12,2,66,2,2,,1,1,1,1,1,1,1,7,1,2,,,,2,2,1,,1,9,5,45,2,2,0,3,,,,,,2,
HH000349,HH000349-M01,01,Dela Cruz,Joshua,,Flores,01,1,44,2,2,,,1,1,1,1,1,1,7,1,6,,,,2,2,1,,1,12,7,82,2,2,1,6,12,,,,,2,
HH000349,HH000349-M02,02,Dela Cruz,Andrea,,Navarro,02,2,44,2,2,,,1,1,1,1,1,1,7,1,6,,,,2,2,1,,3,9,5,43,2,2,5,4,,,,,,2,
HH000349,HH000349-M03,03,Dela Cruz,Nathan,,Garcia,03,1,17,1,2,,,1,1,1,1,1,1,7,1,3,1,00034012,,2,2,2,1,3,7,0,0,2,2,1,3,29,,,,,2,
HH000349,HH000349-M04,04,Dela Cruz,Juan,,Diaz,03,1,6,1,,,,1,1,1,1,1,1,,1,0,1,00010011,,,,2,2,,,,,,,,,,,,,,,
HH000349,HH000349-M05,05,Dela Cruz,Joy,,Aquino,12,2,84,2,2,,1,1,1,2,1,1,1,7,1,2,,,,2,2,2,2,,,,,,,,,,2,10,,,2,
HH000349,HH000349-M06,06,Dela Cruz,Juan,,Valdez,11,1,80,2,2,,1,1,2,1,1,2,1,7,1,2,,,,2,2,2,2,,,,,,,,,,1,,1,1,2,
HH000350,HH000350-M01,01,Torres,Ella,,Santos,01,2,56,2,2,,,1,1,1,1,1,1,7,1,3,,,,2,2,2,2,,,,,,,,,,1,,1,1,2,
HH000350,HH000350-M02,02,Torres,Juan,,Lopez,02,1,51,2,2,,,1,1,1,1,1,1,7,1,2,,,,2,2,1,,2,8,5,42,2,2,1,4,,,,,,2,
HH000350,HH000350-M03,03,Torres,Bea,,Bautista,04,2,4,1,,,,,,,,,,,,,1,00002000,,,,,,,,,,,,,,,,,,,,
HH000351,HH000351-M01,01,Padilla,Mark,,Soriano,01,1,46,2,2,,,1,1,1,1,1,1,7,1,3,,,,2,2,1,,2,8,6,48,2,2,3,,,,,,,2,
HH000351,HH000351-M02,02,Padilla,Liza,,Rivera,02,2,40,2,2,,,1,1,1,1,1,1,7,1,3,,,,2,2,1,,1,5,5,25,2,2,2,5,25,,,,,2,
HH000351,HH000351-M03,03,Padilla,Ana,,Ramos,04,2,24,1,2,,,1,1,1,1,1,1,7,1,6,2,,06,2,2,1,,1,8,3,24,1,2,3,,28,,,,,2,
HH000351,HH000351-M04,04,Padilla,Andrea,,Ramos,04,2,20,1,2,,,1,1,1,1,1,1,7,1,4,2,,06,2,2,1,,1,8,5,40,2,2,3,,,,,,,2,
HH000351,HH000351-M05,05,Padilla,Rose,,Domingo,04,2,16,1,2,,,1,1,1,1,1,1,7,1,2,1,00034011,,2,2,2,2,,,,,,,,,,2,09,,,2,
HH000351,HH000351-M06,06,Padilla,Joshua,,Ramos,03,1,13,1,2,,,1,1,1,1,1,1,,1,2,1,00024012,,,,2,2,,,,,,,,,,,,,,,
HH000351,HH000351-M07,07,Padilla,Bea,,Ramos,04,2,5,1,,,,1,1,1,1,1,1,,2,0,1,00002000,,,,2,2,,,,,,,,,,,,,,,
HH000352,HH000352-M01,01,Salazar,Mark,Jr.,Mendoza,01,1,29,2,2,,,1,1,1,1,1,1,7,1,6,,,,1,2,1,,2,8,5,40,2,2,4,,,,,,,2,
HH000352,HH000352-M02,02,Salazar,Karen,,Mendoza,02,2,28,2,2,,,1,1,1,1,1,1,7,1,5,,,,2,2,2,2,,,,,,,,,,1,,1,2,2,
HH000352,HH000352-M03,03,Salazar,Marco,,Ramos,03,1,12,1,2,,,1,1,1,1,1,1,,1,1,1,00024011,,,,2,2,,,,,,,,,,,,,,,
HH000352,HH000352-M04,04,Salazar,Bea,,Bautista,04,2,11,1,2,,,1,1,1,1,1,1,,1,1,1,00010016,,,,2,2,,,,,,,,,,,,,,,
HH000353,HH000353-M01,01,Mendoza,Joy,,Mendoza,01,2,41,4,1,1,,1,1,1,1,1,1,7,1,2,,,,2,2,1,,2,8,5,40,2,2,3,,,,,,,2,
HH000353,HH000353-M02,02,Mendoza,Michelle,,Navarro,04,2,10,1,2,,,1,1,1,1,1,1,,1,1,1,00010015,,,,2,2,,,,,,,,,,,,,,,
HH000353,HH000353-M03,03,Mendoza,Joan,,Valdez,04,2,4,1,,,,,,,,,,,,,1,00002000,,,,,,,,,,,,,,,,,,,,
HH000354,HH000354-M01,01,Pascual,John,III,Aquino,01,1,54,2,2,,,1,2,3,1,1,1,7,1,7,,,,2,2,1,,2,8,4,31,1,1,3,,24,,,,,1,2
HH000354,HH000354-M02,02,Pascual,Ana,,Lopez,02,2,55,2,2,,,1,4,1,1,1,1,7,1,2,,,,2,2,2,2,,,,,,,,,,1,,1,1,2,
HH000354,HH000354-M03,03,Pascual,Bea,,Cruz,04,2,19,1,2,,,1,1,1,1,4,1,7,1,6,1,00034012,,2,2,2,1,1,6,0,0,1,2,3,,22,,,,,1,1
HH000354,HH000354-M04,04,Pascual,Nicole,,Domingo,04,2,3,1,,,,,,,,,,,,,1,00002000,,,,,,,,,,,,,,,,,,,,
HH000354,HH000354-M05,05,Pascual,Jasmine,,Garcia,12,2,78,4,2,,1,1,3,1,3,1,1,7,1,3,,,,2,2,2,2,,,,,,,,,,2,07,,,1,1
HH000355,HH000355-M01,01,Domingo,Hanson,,Diaz,01,1,33,2,2,,,1,1,1,1,1,1,7,1,3,,,,2,2,1,,3,8,5,39,1,2,6,,29,,,,,2,
HH000355,HH000355-M02,02,Domingo,Kristine,,Castillo,02,2,29,2,2,,,1,1,1,1,1,1,7,1,3,,,,2,2,1,,3,8,4,33,1,1,1,7,28,,,,,2,
HH000355,HH000355-M03,03,Domingo,Bea,,Domingo,04,2,15,1,2,,,1,1,1,1,1,1,7,1,1,1,00024014,,1,2,2,2,,,,,,,,,,1,,2,1,2,
HH000355,HH000355-M04,04,Domingo,Rommel,,Reyes,03,1,12,1,2,,,1,1,1,1,1,1,,1,1,1,00024011,,,,2,2,,,,,,,,,,,,,,,
HH000355,HH000355-M05,05,Domingo,Maria,,Fernandez,04,2,7,1,,,,2,1,1,1,1,1,,1,1,1,00010012,,,,2,2,,,,,,,,,,,,,,,
HH000355,HH000355-M06,06,Domingo,Noel,,Reyes,03,1,1,1,,,,,,,,,,,,,,,,,,,,,,,,,,,,,,,,,,
HH000355,HH000355-M07,07,Domingo,Jerome,,Soriano,15,1,32,2,2,,,1,1,1,1,1,1,7,1,6,,,,1,2,2,3,,,,,,,,,,2,08,,,2,
HH000355,HH000355-M08,08,Domingo,John,,Domingo,11,1,67,2,2,,1,1,1,1,2,1,1,7,1,3,,,,2,2,2,2,,,,,,,,,,1,,1,1,2,
HH000356,HH000356-M01,01,Garcia,Daniel,,Aguilar,01,1,33,2,2,,,1,1,1,1,1,1,1,1,3,,,,2,2,,,,,,,,,,,,,,,,,
HH000356,HH000356-M02,02,Garcia,Andrea,,Valdez,02,2,34,2,2,,,1,1,1,1,1,1,7,1,6,,,,2,2,1,,3,8,4,32,1,2,0,1,28,,,,,1,1
HH000356,HH000356-M03,03,Garcia,Nathan,Jr.,Valdez,03,1,16,2,2,,,1,4,1,1,1,1,4,1,2,1,00034011,,2,2,2,3,,,,,,,,,,2,10,,,2,
HH000357,HH000357-M01,01,Castro,Juan,,Soriano,01,1,56,2,2,,,1,1,1,1,1,1,7,1,6,,,,2,2,1,,2,8,4,33,1,2,0,3,30,,,,,2,
HH000357,HH000357-M02,02,Castro,Liza,,Castillo,02,2,53,2,2,,,1,1,1,1,1,1,7,1,2,,,,2,2,1,,3,5,5,24,1,1,4,,31,,,,,2,
HH000357,HH000357-M03,03,Castro,Christian,,Lopez,03,1,2,1,,,,,,,,,,,,,,,,,,,,,,,,,,,,,,,,,,
HH000358,HH000358-M01,01,Navarro,Andrea,,Rivera,01,2,46,2,2,,,1,2,1,1,1,1,7,1,5,,,,2,2,1,,3,5,5,24,2,2,1,5,29,,,,,2,
HH000358,HH000358-M02,02,Navarro,Gabriel,,Garcia,02,1,48,2,2,,,1,1,1,1,3,1,7,1,3,,,,2,2,1,,1,8,5,40,2,2,1,6,,,,,,2,
HH000358,HH000358-M03,03,Navarro,Lance,Jr.,Ramos,03,1,21,1,2,,,1,1,2,1,1,1,7,1,6,2,,08,2,2,2,2,,,,,,,,,,2,04,1,2,1,2
HH000358,HH000358-M04,04,Navarro,Michelle,,Lopez,04,2,20,1,2,,,1,1,1,1,1,2,7,1,5,2,,14,2,2,1,,1,8,5,41,2,2,1,3,,,,,,2,
HH000358,HH000358-M05,05,Navarro,Kristine,,Flores,04,2,16,1,2,,,1,1,1,1,1,1,7,1,2,1,00034011,,1,2,2,2,,,,,,,,,,2,99,,,1,1
HH000358,HH000358-M06,06,Navarro,Leah,,Garcia,12,2,71,4,2,,1,1,1,1,3,1,1,7,1,2,,,,2,2,2,2,,,,,,,,,,1,,1,1,2,
HH000358,HH000358-M07,07,Navarro,Maria,,Rivera,12,2,86,3,2,,1,1,1,1,3,2,1,7,1,1,,,,2,2,2,1,1,10,0,0,2,2,1,1,14,,,,,2,
HH000358,HH000358-M08,08,Navarro,Nathan,,Lopez,11,1,90,6,2,,1,3,1,1,1,2,1,7,1,3,,,,1,2,2,3,,,,,,,,,,2,07,,,2,
HH000359,HH000359-M01,01,Bautista,Grace,,Flores,01,2,50,2,2,,,1,1,1,1,2,1,7,1,2,,,,1,2,2,2,,,,,,,,,,2,05,1,1,2,
HH000359,HH000359-M02,02,Bautista,Rommel,,Aquino,02,1,44,2,2,,,1,1,1,1,1,1,7,1,6,,,,2,2,2,2,,,,,,,,,,2,05,2,2,2,
HH000360,HH000360-M01,01,Bernal,Miguel,,Diaz,01,1,39,2,2,,,2,1,1,1,1,1,7,1,6,,,,1,2,2,2,,,,,,,,,,2,99,,,2,
HH000360,HH000360-M02,02,Bernal,Mae,,Aquino,02,2,37,2,2,,,2,1,1,1,1,1,7,1,6,,,,2,2,1,,1,8,3,24,2,2,0,4,23,,,,,2,
HH000360,HH000360-M03,03,Bernal,Rose,,Valdez,04,2,16,1,2,,,1,1,1,1,1,1,7,1,2,1,00034011,,2,2,2,2,,,,,,,,,,2,09,,,2,
HH000360,HH000360-M04,04,Bernal,Hanson,,Navarro,03,1,14,1,2,,,1,1,1,1,1,1,,2,2,1,00024013,,,,2,2,,,,,,,,,,,,,,,
HH000360,HH000360-M05,05,Bernal,Nicole,,Fernandez,04,2,1,1,,,,,,,,,,,,,,,,,,,,,,,,,,,,,,,,,,
HH000361,HH000361-M01,01,Flores,Ana,,Rivera,01,2,58,2,2,,,1,1,1,1,1,1,1,2,3,,,,2,2,,,,,,,,,,,,,,,,,
HH000361,HH000361-M02,02,Flores,Luis,,Domingo,02,1,53,2,2,,,1,3,1,1,1,1,7,1,6,,,,2,2,1,,3,12,5,60,2,2,2,3,11,,,,,1,2
HH000361,HH000361-M03,03,Flores,Liza,,Ramos,04,2,18,1,2,,,1,1,1,1,1,1,7,1,3,2,,08,2,2,2,2,,,,,,,,,,2,09,,,2,
HH000361,HH000361-M04,04,Flores,Joshua,,Aquino,03,1,15,1,2,,,1,1,1,1,1,1,7,1,1,2,,04,2,2,2,2,,,,,,,,,,2,09,,,2,
HH000361,HH000361-M05,05,Flores,Daniel,,Santos,03,1,4,1,,,,,,,,,,,,,1,00002000,,,,,,,,,,,,,,,,,,,,
HH000362,HH000362-M01,01,Bautista,Hanson,,Torres,01,1,46,2,2,,,1,1,1,1,1,1,7,1,4,,,,2,2,1,,2,12,4,50,2,2,2,4,12,,,,,2,
HH000362,HH000362-M02,02,Bautista,Andrea,,Aquino,02,2,47,2,2,,,1,1,1,1,1,1,7,1,6,,,,2,2,1,,1,12,6,74,2,2,1,3,11,,,,,2,
HH000362,HH000362-M03,03,Bautista,Michelle,,Mendoza,04,2,23,1,2,,,1,1,1,1,2,1,7,1,6,1,00034012,,2,2,2,3,,,,,,,,,,1,,1,1,2,
HH000362,HH000362-M04,04,Bautista,Mark,,Reyes,03,1,19,1,2,,,1,1,1,1,1,1,7,1,6,1,00034012,,2,2,2,2,,,,,,,,,,1,,1,1,1,2
HH000362,HH000362-M05,05,Bautista,Daniel,,Domingo,03,1,10,1,2,,,1,1,1,1,1,1,,1,1,1,00010015,,,,2,2,,,,,,,,,,,,,,,
HH000362,HH000362-M06,06,Bautista,Ana,,Torres,04,2,7,1,,,,2,1,1,1,1,1,,1,1,1,00010012,,,,2,2,,,,,,,,,,,,,,,
HH000362,HH000362-M07,07,Bautista,Joan,,Aguilar,12,2,65,2,2,,1,2,1,1,1,2,1,7,1,1,,,,1,2,2,2,,,,,,,,,,2,07,,,2,
HH000363,HH000363-M01,01,Aquino,Paolo,,Valdez,01,1,44,2,2,,,1,1,1,1,1,1,7,1,1,,,,2,2,2,2,,,,,,,,,,1,,1,2,2,
HH000363,HH000363-M02,02,Aquino,Andrea,,Rivera,02,2,47,2,2,,,1,1,2,1,1,1,7,2,2,,,,1,2,1,,1,8,5,41,2,2,1,4,,,,,,2,
HH000363,HH000363-M03,03,Aquino,Rommel,Jr.,Bautista,03,1,23,2,2,,,1,1,1,1,1,1,7,1,3,2,,06,2,2,1,,2,10,6,61,2,2,1,4,11,,,,,2,
HH000363,HH000363-M04,04,Aquino,Angelo,,Santos,03,1,17,1,2,,,1,1,1,1,1,1,7,1,3,1,00034012,,2,2,2,2,,,,,,,,,,1,,1,1,2,
HH000363,HH000363-M05,05,Aquino,Daniel,,Bautista,11,1,68,2,2,,1,1,3,1,2,1,1,7,1,2,,,,2,2,2,2,,,,,,,,,,2,07,,,2,
HH000364,HH000364-M01,01,Bernal,Paolo,Jr.,Navarro,01,1,42,2,2,,,1,1,1,1,1,1,7,1,3,,,,2,2,1,,3,8,6,48,2,2,1,4,,,,,,2,
HH000364,HH000364-M02,02,Bernal,Patricia,,Fernandez,02,2,46,2,2,,,1,1,1,1,3,1,7,1,2,,,,2,2,1,,1,6,5,30,2,2,1,4,28,,,,,2,
HH000364,HH000364-M03,03,Bernal,Nathan,,Fernandez,03,1,12,1,2,,,1,1,1,1,1,1,,1,1,1,00024011,,,,2,2,,,,,,,,,,,,,,,
HH000365,HH000365-M01,01,Reyes,Joan,,Ramos,01,2,41,2,2,,,3,1,1,1,2,1,7,1,6,,,,2,2,2,2,,,,,,,,,,2,04,1,1,1,2
HH000365,HH000365-M02,02,Reyes,Paolo,,Mendoza,02,1,45,2,2,,,1,1,1,1,1,1,7,1,4,,,,2,2,1,,1,4,5,19,1,2,6,,28,,,,,2,
HH000365,HH000365-M03,03,Reyes,Christian,,Valdez,03,1,18,1,2,,,1,3,1,2,1,1,1,1,2,2,,02,2,2,,,,,,,,,,,,,,,,,
HH000366,HH000366-M01,01,Domingo,Juan,,Torres,01,1,34,2,2,,,1,1,1,1,1,1,7,1,4,,,,1,2,1,,1,7,6,43,2,2,1,3,,,,,,2,
HH000366,HH000366-M02,02,Domingo,Liza,,Navarro,02,2,34,2,2,,,1,1,1,1,1,1,7,1,3,,,,2,2,1,,1,8,5,40,2,2,3,,,,,,,2,
HH000366,HH000366-M03,03,Domingo,Carlo,,Santos,03,1,12,2,2,,,1,1,1,1,1,1,,1,1,1,00024012,,,,2,2,,,,,,,,,,,,,,,
HH000366,HH000366-M04,04,Domingo,Angelo,,Rivera,03,1,2,1,,,,,,,,,,,,,,,,,,,,,,,,,,,,,,,,,,
HH000366,HH000366-M05,05,Domingo,Daniel,Jr.,Lopez,03,1,2,1,,,,,,,,,,,,,,,,,,,,,,,,,,,,,,,,,,
HH000367,HH000367-M01,01,Flores,Christian,,Bautista,01,1,20,3,2,,,1,1,1,1,1,1,7,1,6,2,,02,2,2,2,2,,,,,,,,,,2,09,,,2,
HH000368,HH000368-M01,01,Pascual,Kristine,,Reyes,01,2,32,2,2,,,1,2,1,1,1,1,7,1,6,,,,2,2,1,,2,8,7,58,2,2,3,,11,,,,,1,1
HH000368,HH000368-M02,02,Pascual,Rommel,,Garcia,02,1,33,2,2,,,1,1,1,1,1,1,7,1,6,,,,2,2,2,2,,,,,,,,,,2,10,,,2,
HH000369,HH000369-M01,01,Reyes,Camille,,Rivera,01,2,45,2,2,,,2,1,1,1,1,1,7,1,6,,,,2,2,1,,1,8,5,40,2,2,1,6,,,,,,2,
HH000369,HH000369-M02,02,Reyes,Christian,,Mendoza,02,1,41,2,2,,,1,1,1,1,1,1,1,1,3,,,,2,2,,,,,,,,,,,,,,,,,
HH000369,HH000369-M03,03,Reyes,Miguel,,Castillo,03,1,22,2,2,,,1,1,1,1,2,1,7,1,6,1,00034012,,2,2,1,,3,6,3,18,1,1,5,4,28,,,,,2,
HH000369,HH000369-M04,04,Reyes,Rommel,,Cruz,03,1,21,1,2,,,1,1,1,1,1,1,7,1,4,2,,07,2,2,2,3,,,,,,,,,,2,09,,,2,
HH000369,HH000369-M05,05,Reyes,Camille,,Castillo,04,2,17,1,2,,,1,1,1,1,1,1,7,1,3,1,00034012,,2,2,2,2,,,,,,,,,,1,,1,1,2,
HH000369,HH000369-M06,06,Reyes,Christian,,Castillo,03,1,0,1,,,,,,,,,,,,,,,,,,,,,,,,,,,,,,,,,,
HH000369,HH000369-M07,07,Reyes,Joshua,,Garcia,11,1,63,4,2,,1,1,1,1,2,1,1,7,1,1,,,,2,2,1,,1,8,5,41,2,2,3,,,,,,,2,
HH000369,HH000369-M08,08,Reyes,Camille,,Torres,16,2,52,1,2,,,1,1,1,1,1,1,7,1,2,,,,2,2,1,,1,7,5,37,2,2,3,,23,,,,,2,
HH000369,HH000369-M09,09,Reyes,Michelle,,Fernandez,12,2,64,2,2,,1,2,2,1,1,1,1,5,1,3,,,,2,2,1,,1,8,5,40,2,2,3,,,,,,,2,
HH000370,HH000370-M01,01,Torres,Leah,,Bautista,01,2,41,2,2,,,1,1,1,1,1,1,7,1,5,,,,2,2,2,2,,,,,,,,,,2,10,,,2,
HH000370,HH000370-M02,02,Torres,Mark,,Lopez,02,1,43,2,2,,,1,1,1,1,1,1,7,1,3,,,,1,2,1,,2,8,6,49,2,2,3,,12,,,,,2,
HH000370,HH000370-M03,03,Torres,Daniel,,Soriano,03,1,23,3,2,,,1,1,1,1,1,1,7,1,3,2,,07,2,2,1,,2,5,5,25,1,2,4,,23,,,,,2,
HH000370,HH000370-M04,04,Torres,Ana,,Navarro,04,2,12,3,2,,,1,1,1,1,1,1,,1,1,1,00024011,,,,2,2,,,,,,,,,,,,,,,
HH000370,HH000370-M05,05,Torres,Rafael,,Reyes,03,1,10,1,2,,,1,1,1,1,1,1,,1,1,1,00010015,,,,2,2,,,,,,,,,,,,,,,
HH000371,HH000371-M01,01,Valdez,Jasmine,,Castillo,01,2,37,2,2,,,1,1,1,1,1,1,7,1,3,,,,2,2,1,,1,4,6,24,1,1,3,,24,,,,,2,
HH000371,HH000371-M02,02,Valdez,Jose,,Rivera,02,1,33,2,2,,,1,1,1,1,1,1,7,1,6,,,,2,2,2,1,2,9,0,0,1,2,3,,14,,,,,2,
HH000371,HH000371-M03,03,Valdez,Juan,,Torres,03,1,13,1,2,,,1,1,1,1,1,1,,1,2,1,00024012,,,,2,2,,,,,,,,,,,,,,,
HH000371,HH000371-M04,04,Valdez,Grace,,Rivera,04,2,1,1,,,,,,,,,,,,,,,,,,,,,,,,,,,,,,,,,,
HH000372,HH000372-M01,01,Pascual,Joshua,,Ramos,01,1,35,2,2,,,1,1,1,1,1,1,7,1,3,,,,2,2,2,1,1,5,0,0,1,1,1,5,24,,,,,2,
HH000372,HH000372-M02,02,Pascual,Andrea,,Valdez,02,2,32,2,2,,,1,1,1,1,1,1,7,1,3,,,,2,2,1,,3,5,6,32,1,2,3,,28,,,,,2,
HH000372,HH000372-M03,03,Pascual,Miguel,,Fernandez,03,1,6,1,,,,1,1,1,1,1,1,,1,1,1,00010011,,,,2,2,,,,,,,,,,,,,,,
HH000372,HH000372-M04,04,Pascual,Ella,,Rivera,12,2,65,2,2,,2,2,1,2,2,1,1,7,1,2,,,,2,2,2,2,,,,,,,,,,1,,2,1,1,1
HH000372,HH000372-M05,05,Pascual,Noel,,Cruz,11,1,79,4,2,,1,1,1,1,4,2,1,7,1,2,,,,1,2,2,1,3,6,0,0,1,1,1,1,28,,,,,2,
HH000373,HH000373-M01,01,Rivera,Nathan,,Ramos,01,1,51,2,2,,,1,1,1,1,1,1,7,1,6,,,,1,2,1,,2,9,5,47,2,2,3,,,,,,,2,
HH000373,HH000373-M02,02,Rivera,Michelle,,Reyes,02,2,49,2,2,,,1,1,1,1,1,1,7,1,3,,,,2,2,1,,2,8,5,42,2,2,2,1,,,,,,2,
HH000373,HH000373-M03,03,Rivera,Luis,,Bautista,03,1,10,1,2,,,1,1,2,3,1,1,,1,1,1,00010015,,,,2,2,,,,,,,,,,,,,,,
HH000374,HH000374-M01,01,Fernandez,Joan,,Soriano,01,2,42,2,2,,,1,1,1,1,1,1,7,1,6,,,,2,2,1,,3,6,5,28,1,2,4,,24,,,,,2,
HH000374,HH000374-M02,02,Fernandez,Gabriel,,Santos,02,1,47,2,2,,,1,1,1,1,1,1,7,1,3,,,,2,2,2,2,,,,,,,,,,2,04,1,1,2,
HH000374,HH000374-M03,03,Fernandez,Leah,,Cruz,04,2,23,1,2,,,2,1,1,1,1,1,7,1,3,2,,05,2,2,1,,1,7,7,49,2,2,1,3,13,,,,,2,
HH000374,HH000374-M04,04,Fernandez,Catherine,,Aguilar,04,2,1,1,,,,,,,,,,,,,,,,,,,,,,,,,,,,,,,,,,
HH000375,HH000375-M01,01,Reyes,Leah,,Lopez,01,2,29,2,2,,,1,1,1,1,1,1,7,1,2,,,,2,2,1,,2,8,6,47,2,2,2,4,,,,,,2,
HH000376,HH000376-M01,01,Castro,Sophia,,Soriano,01,2,31,2,2,,,1,1,1,1,1,1,7,1,2,,,,2,2,1,,1,5,6,31,2,2,3,,31,,,,,2,
HH000376,HH000376-M02,02,Castro,Mark,,Aguilar,02,1,32,2,2,,,1,1,1,1,1,1,7,1,3,,,,2,1,1,,2,8,5,39,2,2,1,4,22,,,,,2,
HH000377,HH000377-M01,01,Navarro,Andrea,,Soriano,01,2,42,2,2,,,1,1,1,1,1,1,7,1,1,,,,2,2,1,,1,6,3,18,1,1,1,4,28,,,,,2,
HH000377,HH000377-M02,02,Navarro,Rafael,,Aquino,02,1,40,2,2,,,1,1,1,1,2,1,7,1,3,,,,1,2,1,,2,7,6,42,1,1,6,,,,,,,2,
HH000377,HH000377-M03,03,Navarro,Gabriel,,Domingo,03,1,14,1,2,,,1,2,1,1,1,1,,1,2,1,00024013,,,,2,2,,,,,,,,,,,,,,,
HH000378,HH000378-M01,01,Ramos,Miguel,Jr.,Aguilar,01,1,30,2,2,,,1,1,1,2,1,1,7,1,6,,,,2,2,1,,2,8,4,33,2,2,1,1,23,,,,,2,
HH000378,HH000378-M02,02,Ramos,Liza,,Aquino,02,2,35,2,2,,,1,1,1,1,1,1,7,1,3,,,,2,2,1,,1,6,6,37,2,2,2,3,28,,,,,2,
HH000378,HH000378-M03,03,Ramos,Liza,,Cruz,04,2,11,1,2,,,1,1,2,1,1,1,,1,1,1,00010016,,,,2,2,,,,,,,,,,,,,,,
HH000378,HH000378-M04,04,Ramos,Patricia,,Reyes,04,2,7,1,,,,1,1,1,1,1,1,,1,1,1,00010012,,,,2,2,,,,,,,,,,,,,,,
HH000379,HH000379-M01,01,Salazar,Jasmine,,Bautista,01,2,36,2,2,,,1,1,1,1,1,2,7,1,3,,,,2,2,1,,3,8,5,42,2,2,1,4,,,,,,2,
HH000379,HH000379-M02,02,Salazar,Noel,,Diaz,02,1,38,2,2,,,1,1,1,1,1,1,7,1,4,,,,2,2,1,,1,8,4,33,2,2,6,,25,,,,,2,
HH000379,HH000379-M03,03,Salazar,Ana,,Valdez,04,2,17,1,2,,,1,1,1,1,1,1,7,1,2,1,00034012,,2,2,2,1,2,6,0,0,1,1,3,,22,,,,,1,1
HH000379,HH000379-M04,04,Salazar,Joy,,Santos,04,2,15,1,2,,,1,1,1,1,1,1,7,1,2,1,00024013,,2,2,2,1,1,8,0,0,1,2,1,3,28,,,,,2,
HH000379,HH000379-M05,05,Salazar,Rommel,,Torres,03,1,6,1,,,,1,1,1,1,1,1,,1,0,1,00010011,,,,2,2,,,,,,,,,,,,,,,
HH000379,HH000379-M06,06,Salazar,Marco,Jr.,Flores,03,1,1,1,,,,,,,,,,,,,,,,,,,,,,,,,,,,,,,,,,
HH000379,HH000379-M07,07,Salazar,Ella,,Soriano,12,2,69,1,2,,2,1,1,1,1,1,4,7,1,6,,,,2,2,2,1,2,4,0,0,1,2,0,3,22,,,,,2,
HH000379,HH000379-M08,08,Salazar,Christian,,Rivera,15,1,40,2,2,,,1,1,1,1,1,1,7,1,6,,,,1,2,1,,1,8,7,56,2,2,5,3,13,,,,,2,
HH000380,HH000380-M01,01,Aquino,Joshua,,Torres,01,1,35,2,2,,,1,1,1,1,2,1,7,1,6,,,,2,2,1,,2,8,5,40,2,2,2,1,,,,,,2,
HH000380,HH000380-M02,02,Aquino,Nicole,,Domingo,02,2,32,2,2,,,1,3,1,1,1,1,7,1,6,,,,2,2,1,,1,8,7,56,2,2,0,7,99,,,,,2,
HH000380,HH000380-M03,03,Aquino,Gabriel,,Aquino,03,1,18,1,2,,,1,1,2,1,1,1,7,1,2,2,,99,2,2,1,,1,8,3,24,2,2,1,0,24,,,,,2,
HH000380,HH000380-M04,04,Aquino,Gabriel,,Bautista,03,1,15,1,2,,,1,1,1,1,1,1,7,1,1,1,00024014,,2,2,2,2,,,,,,,,,,2,01,1,2,2,
HH000380,HH000380-M05,05,Aquino,Noel,,Navarro,03,1,7,1,,,,1,1,1,1,1,1,,2,1,1,00010012,,,,2,2,,,,,,,,,,,,,,,
HH000381,HH000381-M01,01,Rivera,Marco,,Lopez,01,1,40,2,2,,,1,1,1,1,1,1,7,1,1,,,,2,2,2,2,,,,,,,,,,2,10,,,2,
HH000381,HH000381-M02,02,Rivera,Liza,,Castillo,02,2,37,2,2,,,1,1,1,1,1,2,7,1,4,,,,1,2,1,,1,8,6,46,1,2,1,3,,,,,,2,
HH000381,HH000381-M03,03,Rivera,Jerome,,Torres,03,1,3,1,,,,,,,,,,,,,2,,12,,,,,,,,,,,,,,,,,,,
HH000382,HH000382-M01,01,Soriano,Catherine,,Cruz,01,2,29,2,2,,,1,1,1,1,1,1,7,1,6,,,,2,2,1,,2,8,6,48,2,2,1,3,,,,,,1,1
HH000382,HH000382-M02,02,Soriano,Noel,,Lopez,02,1,28,2,2,,,1,1,1,1,1,1,7,1,6,,,,2,2,1,,2,8,5,39,1,1,1,3,23,,,,,2,
HH000382,HH000382-M03,03,Soriano,Paolo,,Reyes,03,1,1,1,,,,,,,,,,,,,,,,,,,,,,,,,,,,,,,,,,
HH000383,HH000383-M01,01,Pascual,Mae,,Valdez,01,2,52,2,2,,,1,1,1,1,1,1,7,1,6,,,,2,2,1,,3,6,5,30,2,2,2,2,32,,,,,2,
HH000383,HH000383-M02,02,Pascual,Angelo,,Garcia,02,1,54,2,2,,,1,1,1,2,1,2,7,1,3,,,,2,2,1,,3,8,5,41,2,2,2,4,,,,,,2,
HH000383,HH000383-M03,03,Pascual,Rose,,Domingo,04,2,5,1,,,,1,1,1,1,1,1,,2,0,1,00002000,,,,2,2,,,,,,,,,,,,,,,
HH000383,HH000383-M04,04,Pascual,Gabriel,,Castillo,03,1,2,1,,,,,,,,,,,,,,,,,,,,,,,,,,,,,,,,,,
HH000384,HH000384-M01,01,Ramos,Juan,,Rivera,01,1,58,1,1,1,,1,1,1,1,1,1,7,1,2,,,,2,2,1,,3,8,6,48,1,1,0,3,,,,,,2,
HH000384,HH000384-M02,02,Ramos,Catherine,,Mendoza,04,2,23,1,2,,,1,1,1,1,1,1,7,1,6,1,00034012,,2,2,2,2,,,,,,,,,,1,,1,1,2,
HH000384,HH000384-M03,03,Ramos,Hanson,Jr.,Domingo,03,1,22,1,2,,,1,1,1,1,1,1,7,1,2,1,00034012,,1,2,1,,3,9,6,54,2,2,3,,14,,,,,2,
HH000384,HH000384-M04,04,Ramos,Hanson,,Mendoza,03,1,15,1,2,,,1,1,1,1,1,1,7,1,2,2,,06,2,2,2,1,2,8,0,0,1,2,4,,20,,,,,2,
HH000384,HH000384-M05,05,Ramos,Andrea,,Lopez,04,2,2,1,,,,,,,,,,,,,,,,,,,,,,,,,,,,,,,,,,
HH000385,HH000385-M01,01,Navarro,Jerome,,Domingo,01,1,27,6,1,1,,1,1,2,1,1,1,7,1,4,,,,1,2,2,3,,,,,,,,,,2,01,2,2,2,
HH000385,HH000385-M02,02,Navarro,Rose,,Aguilar,04,2,9,1,,,,1,1,1,1,1,1,,1,1,1,00010014,,,,2,2,,,,,,,,,,,,,,,
HH000385,HH000385-M03,03,Navarro,Noel,,Flores,03,1,4,1,,,,,,,,,,,,,2,,14,,,,,,,,,,,,,,,,,,,
HH000386,HH000386-M01,01,Aguilar,Kristine,,Flores,01,2,41,2,2,,,1,1,1,1,2,1,7,1,3,,,,2,2,1,,1,8,5,41,2,2,1,3,,,,,,2,
HH000386,HH000386-M02,02,Aguilar,Jose,,Navarro,02,1,46,2,2,,,1,1,1,1,1,1,7,1,6,,,,2,2,2,2,,,,,,,,,,2,04,1,1,2,
HH000386,HH000386-M03,03,Aguilar,Sophia,,Garcia,04,2,22,2,2,,,1,1,1,1,1,1,7,1,6,1,00034012,,2,2,1,,2,8,7,56,1,1,3,,13,,,,,2,
HH000386,HH000386-M04,04,Aguilar,Nathan,,Santos,03,1,1,1,,,,,,,,,,,,,,,,,,,,,,,,,,,,,,,,,,
HH000387,HH000387-M01,01,Bernal,Ella,,Diaz,01,2,42,2,2,,,2,1,1,1,1,1,7,1,3,,,,2,2,1,,1,8,6,48,2,2,6,,,,,,,2,
HH000387,HH000387-M02,02,Bernal,Juan,,Soriano,02,1,42,2,2,,,1,1,1,1,1,1,7,1,2,,,,2,2,2,2,,,,,,,,,,2,04,2,2,2,
HH000387,HH000387-M03,03,Bernal,Liza,,Soriano,04,2,13,3,2,,,1,1,1,1,1,1,,1,2,1,00024012,,,,2,2,,,,,,,,,,,,,,,
HH000388,HH000388-M01,01,Torres,Rose,,Santos,01,2,34,2,2,,,1,1,1,1,1,1,7,1,2,,,,1,2,2,2,,,,,,,,,,2,03,1,1,2,
HH000388,HH000388-M02,02,Torres,Juan,,Garcia,02,1,28,2,2,,,1,1,1,1,1,1,7,1,6,,,,2,2,1,,1,8,5,41,2,2,3,,,,,,,1,1
HH000388,HH000388-M03,03,Torres,Hanson,Jr.,Ramos,03,1,12,1,2,,,1,1,1,1,1,1,,1,1,2,,14,,,2,2,,,,,,,,,,,,,,,
HH000388,HH000388-M04,04,Torres,Rommel,Jr.,Cruz,03,1,9,1,,,,1,1,1,1,1,1,,1,1,2,,06,,,2,1,1,3,0,0,,,5,4,,,,,,,
HH000388,HH000388-M05,05,Torres,Joan,,Valdez,04,2,3,1,,,,,,,,,,,,,2,,06,,,,,,,,,,,,,,,,,,,
HH000388,HH000388-M06,06,Torres,Leah,,Fernandez,04,2,3,1,,,,,,,,,,,,,2,,14,,,,,,,,,,,,,,,,,,,
HH000389,HH000389-M01,01,Mendoza,Joshua,,Navarro,01,1,30,6,1,8,,1,1,1,1,2,1,7,1,6,,,,2,2,2,3,,,,,,,,,,2,99,,,2,
HH000389,HH000389-M02,02,Mendoza,Hanson,,Aguilar,03,1,0,1,,,,,,,,,,,,,,,,,,,,,,,,,,,,,,,,,,
HH000390,HH000390-M01,01,Garcia,Michelle,,Diaz,01,2,58,2,2,,,2,1,1,1,1,1,7,1,6,,,,2,2,1,,3,8,5,39,2,2,3,,29,,,,,2,
HH000390,HH000390-M02,02,Garcia,Juan,,Valdez,02,1,63,2,2,,1,1,1,1,1,2,1,7,1,2,,,,2,2,1,,1,5,6,32,2,2,1,1,22,,,,,2,
HH000390,HH000390-M03,03,Garcia,Michelle,,Rivera,04,2,21,1,2,,,1,1,1,1,2,1,7,1,6,2,,06,1,1,2,2,,,,,,,,,,2,01,2,1,2,
HH000391,HH000391-M01,01,Bautista,Mae,,Ramos,01,2,28,2,2,,,1,1,1,1,1,1,7,1,6,,,,2,2,1,,2,8,4,32,1,2,2,4,31,,,,,2,
HH000391,HH000391-M02,02,Bautista,Daniel,,Domingo,02,1,26,2,2,,,1,1,3,1,1,1,7,1,6,,,,1,2,2,2,,,,,,,,,,2,99,,,2,
HH000391,HH000391-M03,03,Bautista,Angela,,Fernandez,04,2,6,1,,,,1,1,1,1,1,1,,1,1,1,00010011,,,,2,2,,,,,,,,,,,,,,,
HH000392,HH000392-M01,01,Pascual,Sophia,,Ramos,01,2,51,2,2,,,2,1,1,1,1,1,7,1,3,,,,2,2,1,,2,8,5,39,1,2,3,,24,,,,,1,1
HH000392,HH000392-M02,02,Pascual,John,,Torres,02,1,45,2,2,,,1,1,1,1,1,1,7,1,3,,,,2,2,2,3,,,,,,,,,,1,,1,1,2,
HH000392,HH000392-M03,03,Pascual,Leah,,Flores,04,2,22,3,2,,,1,1,1,1,1,1,7,1,5,2,,02,2,2,2,2,,,,,,,,,,1,,1,1,2,
HH000392,HH000392-M04,04,Pascual,Catherine,,Mendoza,04,2,20,1,2,,,1,1,1,3,1,1,7,1,6,1,00034012,,2,2,1,,3,8,6,46,2,2,1,6,,,,,,2,
HH000392,HH000392-M05,05,Pascual,Luis,,Castillo,03,1,5,1,,,,1,1,1,1,1,1,,2,0,1,00002000,,,,2,2,,,,,,,,,,,,,,,
HH000393,HH000393-M01,01,De Vera,Nicole,,Castillo,01,2,48,2,2,,,1,1,1,1,1,1,7,1,3,,,,1,2,1,,1,8,7,58,2,2,5,4,12,,,,,2,
HH000393,HH000393-M02,02,De Vera,Rafael,,Cruz,02,1,44,2,2,,,1,1,1,1,1,2,7,1,6,,,,2,2,2,2,,,,,,,,,,1,,1,1,2,
HH000394,HH000394-M01,01,Dela Cruz,Michelle,,Rivera,01,2,27,2,2,,,1,1,1,1,1,1,7,1,1,,,,2,2,1,,1,8,5,40,2,2,1,3,,,,,,2,
HH000394,HH000394-M02,02,Dela Cruz,Marco,,Domingo,02,1,28,2,2,,,1,1,1,1,1,1,5,1,6,,,,2,2,1,,1,8,5,40,1,2,1,4,,,,,,2,
HH000394,HH000394-M03,03,Dela Cruz,Andrea,,Santos,04,2,7,1,,,,1,1,1,1,1,1,,1,1,1,00010013,,,,2,2,,,,,,,,,,,,,,,
HH000394,HH000394-M04,04,Dela Cruz,Karen,,Castillo,04,2,5,1,,,,1,1,1,1,1,1,,1,0,1,00002000,,,,2,2,,,,,,,,,,,,,,,
HH000395,HH000395-M01,01,Valdez,Rommel,III,Domingo,01,1,43,2,2,,,1,1,1,1,1,1,1,1,3,,,,2,2,,,,,,,,,,,,,,,,,
HH000395,HH000395-M02,02,Valdez,Maria,,Mendoza,02,2,37,2,2,,,1,1,1,1,1,1,7,1,6,,,,2,2,2,1,1,8,0,0,1,2,1,5,22,,,,,2,
HH000395,HH000395-M03,03,Valdez,Liza,,Aquino,04,2,11,1,2,,,1,1,1,1,1,1,,1,1,1,00010016,,,,2,2,,,,,,,,,,,,,,,
HH000395,HH000395-M04,04,Valdez,Miguel,Jr.,Reyes,03,1,7,1,,,,1,1,1,1,1,1,,1,1,1,00010012,,,,2,2,,,,,,,,,,,,,,,
HH000395,HH000395-M05,05,Valdez,Gabriel,Jr.,Fernandez,03,1,6,1,,,,2,1,1,1,1,1,,2,0,1,00010011,,,,2,2,,,,,,,,,,,,,,,
HH000396,HH000396-M01,01,Aguilar,Sophia,,Diaz,01,2,56,2,2,,,1,1,1,2,1,1,7,1,6,,,,2,2,2,2,,,,,,,,,,2,04,2,1,2,
HH000396,HH000396-M02,02,Aguilar,Carlo,,Fernandez,02,1,53,2,2,,,1,1,1,1,1,1,7,1,6,,,,2,2,1,,1,9,6,53,2,2,1,4,13,,,,,2,
HH000396,HH000396-M03,03,Aguilar,Angelo,,Aguilar,03,1,16,1,2,,,1,1,1,1,1,1,2,1,2,1,00034011,,2,2,,,,,,,,,,,,,,,,,
HH000396,HH000396-M04,04,Aguilar,Gabriel,,Flores,03,1,7,1,,,,1,1,1,1,1,1,,1,1,2,,15,,,2,2,,,,,,,,,,,,,,,
HH000396,HH000396-M05,05,Aguilar,Liza,,Fernandez,04,2,7,1,,,,1,1,1,1,1,1,,1,1,1,00010012,,,,2,2,,,,,,,,,,,,,,,
HH000396,HH000396-M06,06,Aguilar,Joshua,,Bautista,03,1,5,1,,,,1,1,2,1,1,1,,1,1,1,00002000,,,,1,,1,1,2,2,,,1,4,,,,,,,
HH000396,HH000396-M07,07,Aguilar,Daniel,,Bautista,11,1,89,4,2,,1,2,1,2,1,1,4,7,1,1,,,,2,2,1,,2,10,2,18,1,1,3,,30,,,,,2,
HH000397,HH000397-M01,01,Aguilar,Rafael,,Domingo,01,1,50,1,1,1,,1,2,1,1,1,1,7,1,6,,,,2,2,2,1,1,10,0,0,2,2,1,0,12,,,,,2,
HH000397,HH000397-M02,02,Aguilar,Rafael,,Domingo,03,1,16,1,2,,,1,1,1,1,1,1,7,1,2,1,00034011,,2,2,2,2,,,,,,,,,,2,09,,,2,
HH000397,HH000397-M03,03,Aguilar,Grace,,Flores,04,2,10,1,2,,,1,1,1,1,1,1,,1,1,1,00010016,,,,2,2,,,,,,,,,,,,,,,
HH000398,HH000398-M01,01,Salazar,Jasmine,,Domingo,01,2,76,4,2,,1,1,1,1,2,1,1,7,1,1,,,,1,2,2,2,,,,,,,,,,2,07,,,1,1
HH000399,HH000399-M01,01,Salazar,Jasmine,,Reyes,01,2,30,5,1,2,,1,1,1,1,1,1,7,1,5,,,,2,2,1,,2,5,5,27,1,2,3,,28,,,,,2,
HH000399,HH000399-M02,02,Salazar,Angela,,Aquino,04,2,12,1,2,,,1,1,1,1,1,1,,1,1,1,00024011,,,,2,2,,,,,,,,,,,,,,,
HH000399,HH000399-M03,03,Salazar,Angelo,Jr.,Aguilar,03,1,3,1,,,,,,,,,,,,,1,00001000,,,,,,,,,,,,,,,,,,,,
HH000399,HH000399-M04,04,Salazar,Joan,,Reyes,04,2,2,1,,,,,,,,,,,,,,,,,,,,,,,,,,,,,,,,,,
HH000399,HH000399-M05,05,Salazar,Rommel,,Fernandez,03,1,1,1,,,,,,,,,,,,,,,,,,,,,,,,,,,,,,,,,,
HH000400,HH000400-M01,01,Fernandez,Camille,,Domingo,01,2,25,1,1,1,,1,1,1,1,1,1,7,1,3,,,,2,2,1,,2,8,5,42,2,2,3,,,,,,,2,
HH000400,HH000400-M02,02,Fernandez,Kristine,,Torres,04,2,7,1,,,,1,1,1,1,1,1,,1,1,1,00010011,,,,2,2,,,,,,,,,,,,,,,
HH000401,HH000401-M01,01,Fernandez,Joshua,,Diaz,01,1,47,2,2,,,1,1,1,1,1,1,7,1,3,,,,2,2,1,,3,8,3,25,2,2,1,3,28,,,,,2,
HH000401,HH000401-M02,02,Fernandez,Joan,,Navarro,02,2,48,2,2,,,1,1,1,2,1,1,7,1,4,,,,2,2,1,,2,7,7,47,2,2,3,,,,,,,2,
HH000401,HH000401-M03,03,Fernandez,Camille,,Santos,04,2,4,1,,,,,,,,,,,,,2,,12,,,,,,,,,,,,,,,,,,,
HH000402,HH000402-M01,01,Aguilar,Paolo,III,Soriano,01,1,34,2,2,,,2,3,1,1,2,1,7,1,1,,,,2,2,1,,2,12,7,84,2,2,3,,14,,,,,2,
HH000402,HH000402-M02,02,Aguilar,Mae,,Lopez,02,2,28,2,2,,,1,1,1,1,1,1,7,1,3,,,,2,2,1,,1,7,5,35,2,2,0,2,28,,,,,2,
HH000402,HH000402-M03,03,Aguilar,Rose,,Cruz,04,2,13,1,2,,,1,1,1,1,1,1,,1,2,1,00024012,,,,2,2,,,,,,,,,,,,,,,
HH000403,HH000403-M01,01,Santos,Nathan,,Cruz,01,1,27,2,2,,,1,1,1,1,1,1,7,1,4,,,,2,1,1,,2,6,5,30,1,2,3,,28,,,,,2,
HH000403,HH000403-M02,02,Santos,Catherine,,Lopez,02,2,23,2,2,,,1,1,1,1,1,1,7,1,6,2,,08,2,2,2,2,,,,,,,,,,1,,1,1,2,
HH000403,HH000403-M03,03,Santos,Patricia,,Cruz,04,2,3,1,,,,,,,,,,,,,2,,12,,,,,,,,,,,,,,,,,,,
HH000403,HH000403-M04,04,Santos,Maria,,Navarro,04,2,1,1,,,,,,,,,,,,,,,,,,,,,,,,,,,,,,,,,,
HH000403,HH000403-M05,05,Santos,Joshua,,Santos,11,1,71,2,2,,2,1,2,2,1,1,1,7,1,2,,,,2,2,2,2,,,,,,,,,,2,06,,,2,
HH000404,HH000404-M01,01,Ramos,Miguel,,Navarro,01,1,46,2,2,,,1,1,1,1,1,1,7,1,1,,,,2,2,2,2,,,,,,,,,,2,10,,,2,
HH000404,HH000404-M02,02,Ramos,Michelle,,Castillo,02,2,50,2,2,,,1,1,2,1,1,2,7,1,3,,,,2,2,1,,1,8,5,40,2,2,2,3,,,,,,2,
HH000404,HH000404-M03,03,Ramos,Vincent,,Bautista,03,1,23,2,2,,,1,1,1,1,1,1,7,1,6,2,,08,2,2,1,,2,10,2,22,2,2,5,2,25,,,,,2,
HH000404,HH000404-M04,04,Ramos,Miguel,,Lopez,03,1,13,1,2,,,1,1,1,1,1,3,,1,2,1,00024012,,,,2,2,,,,,,,,,,,,,,,
HH000404,HH000404-M05,05,Ramos,Paolo,,Domingo,03,1,10,1,2,,,1,1,1,1,1,1,,1,1,1,00010015,,,,2,2,,,,,,,,,,,,,,,
HH000404,HH000404-M06,06,Ramos,Joan,,Mendoza,04,2,4,1,,,,,,,,,,,,,2,,12,,,,,,,,,,,,,,,,,,,
HH000405,HH000405-M01,01,Soriano,Rommel,,Diaz,01,1,29,2,2,,,1,1,1,1,1,1,7,1,6,,,,2,2,2,2,,,,,,,,,,2,04,2,1,2,
HH000405,HH000405-M02,02,Soriano,Angela,,Valdez,02,2,34,2,2,,,2,1,1,1,1,1,7,1,6,,,,2,2,1,,2,8,5,40,2,2,4,,,,,,,2,
HH000406,HH000406-M01,01,Pascual,Lance,,Soriano,01,1,50,2,2,,,1,1,1,2,1,1,7,1,7,,,,2,2,1,,2,8,5,40,2,2,1,4,,,,,,2,
HH000406,HH000406-M02,02,Pascual,Rose,,Soriano,02,2,49,2,2,,,1,1,1,1,1,1,7,1,3,,,,2,2,1,,3,8,6,48,2,2,1,2,,,,,,1,1
HH000406,HH000406-M03,03,Pascual,Ella,,Santos,04,2,12,2,2,,,1,1,1,1,1,1,,1,1,1,00024011,,,,2,2,,,,,,,,,,,,,,,
HH000406,HH000406-M04,04,Pascual,Juan,,Castillo,03,1,11,1,2,,,1,1,1,1,1,1,,1,1,1,00010016,,,,2,2,,,,,,,,,,,,,,,
HH000406,HH000406-M05,05,Pascual,Patricia,,Aquino,12,2,93,4,2,,1,1,1,1,1,2,1,7,1,3,,,,2,2,2,2,,,,,,,,,,1,,2,1,2,
HH000407,HH000407-M01,01,Reyes,Sophia,,Diaz,01,2,58,2,2,,,1,1,1,1,1,1,7,1,6,,,,2,2,1,,1,8,5,42,2,2,3,,,,,,,2,
HH000407,HH000407-M02,02,Reyes,John,,Fernandez,02,1,59,2,2,,,1,1,2,1,1,1,7,1,3,,,,1,2,2,1,2,10,0,0,2,2,1,6,12,,,,,2,
HH000407,HH000407-M03,03,Reyes,Joan,,Cruz,04,2,21,1,2,,,1,1,1,3,1,1,7,1,3,2,,03,1,2,1,,1,8,5,40,2,2,1,3,,,,,,2,
HH000407,HH000407-M04,04,Reyes,Catherine,,Garcia,12,2,80,4,2,,1,1,1,1,1,1,2,7,1,2,,,,2,2,2,2,,,,,,,,,,1,,1,1,2,
HH000407,HH000407-M05,05,Reyes,Angela,,Domingo,12,2,83,2,2,,1,2,1,1,2,1,1,7,1,1,,,,2,2,2,2,,,,,,,,,,2,04,2,1,2,
HH000407,HH000407-M06,06,Reyes,Marco,,Bautista,11,1,76,4,2,,1,1,1,1,2,1,1,7,1,3,,,,2,2,2,2,,,,,,,,,,1,,1,1,2,
HH000408,HH000408-M01,01,Ramos,Angela,,Mendoza,01,2,41,2,2,,,1,1,1,1,1,1,7,1,6,,,,2,2,1,,3,8,7,56,2,2,1,1,12,,,,,2,
HH000408,HH000408-M02,02,Ramos,Mark,,Ramos,02,1,42,2,2,,,1,1,1,1,1,1,7,1,2,,,,1,2,1,,2,8,6,50,2,2,3,,12,,,,,2,
HH000408,HH000408-M03,03,Ramos,Mae,,Rivera,04,2,13,1,2,,,4,1,1,1,1,1,,1,1,1,00024012,,,,2,2,,,,,,,,,,,,,,,
HH000408,HH000408-M04,04,Ramos,Christian,,Cruz,03,1,2,1,,,,,,,,,,,,,,,,,,,,,,,,,,,,,,,,,,
HH000409,HH000409-M01,01,Cabrera,Luis,,Torres,01,1,40,2,2,,,1,1,1,1,1,1,7,1,2,,,,2,2,1,,3,8,4,30,1,2,4,,22,,,,,2,
HH000409,HH000409-M02,02,Cabrera,Bea,,Lopez,02,2,40,2,2,,,1,1,1,1,1,3,7,1,3,,,,1,2,1,,1,5,5,24,1,2,3,,20,,,,,1,1
HH000409,HH000409-M03,03,Cabrera,Jasmine,,Bautista,04,2,9,1,,,,1,1,2,1,1,1,,1,1,1,00010014,,,,2,2,,,,,,,,,,,,,,,
HH000409,HH000409-M04,04,Cabrera,Rafael,,Santos,03,1,1,1,,,,,,,,,,,,,,,,,,,,,,,,,,,,,,,,,,
HH000410,HH000410-M01,01,Navarro,John,,Ramos,01,1,38,2,2,,,1,1,1,1,1,1,1,1,2,,,,2,2,,,,,,,,,,,,,,,,,
HH000410,HH000410-M02,02,Navarro,Grace,,Aquino,02,2,36,2,2,,,1,1,1,1,1,1,7,1,6,,,,2,2,1,,2,12,5,60,2,2,1,7,12,,,,,1,1
HH000410,HH000410-M03,03,Navarro,Ana,,Aguilar,04,2,16,1,2,,,1,1,1,1,1,1,7,1,2,1,00034011,,2,2,2,1,2,6,0,0,2,2,1,3,20,,,,,1,2
HH000410,HH000410-M04,04,Navarro,Maria,,Aquino,16,2,38,2,2,,,1,1,1,1,1,2,7,1,2,,,,2,2,1,,2,6,5,32,1,2,3,,29,,,,,2,
HH000410,HH000410-M05,05,Navarro,Marco,,Valdez,11,1,70,4,2,,1,1,1,1,3,1,2,7,1,1,,,,2,2,1,,1,8,5,42,2,2,1,3,,,,,,1,1
HH000411,HH000411-M01,01,Rivera,Juan,,Santos,01,1,40,2,2,,,1,1,1,1,1,1,7,1,6,,,,2,2,1,,3,12,5,62,2,2,3,,12,,,,,2,
HH000411,HH000411-M02,02,Rivera,Bea,,Torres,02,2,34,2,2,,,1,1,1,2,1,1,7,1,2,,,,2,2,2,2,,,,,,,,,,2,99,,,2,
HH000411,HH000411-M03,03,Rivera,Patricia,,Torres,04,2,7,1,,,,1,1,1,1,2,1,,1,1,1,00010012,,,,2,2,,,,,,,,,,,,,,,
HH000412,HH000412-M01,01,Bautista,Marco,,Aquino,01,1,27,2,2,,,1,1,1,1,1,1,7,1,4,,,,2,2,1,,1,6,6,35,1,2,1,3,31,,,,,2,
HH000412,HH000412-M02,02,Bautista,Sophia,,Cruz,02,2,23,2,2,,,1,1,1,1,1,1,7,1,3,1,00034012,,2,2,1,,1,6,5,30,2,2,3,,25,,,,,2,
HH000412,HH000412-M03,03,Bautista,John,,Lopez,03,1,5,1,,,,1,1,1,1,1,2,,1,0,1,00002000,,,,2,2,,,,,,,,,,,,,,,
HH000412,HH000412-M04,04,Bautista,Jerome,Jr.,Torres,03,1,4,1,,,,,,,,,,,,,2,,12,,,,,,,,,,,,,,,,,,,
HH000412,HH000412-M05,05,Bautista,Catherine,,Diaz,04,2,0,1,,,,,,,,,,,,,,,,,,,,,,,,,,,,,,,,,,
HH000412,HH000412-M06,06,Bautista,Carlo,,Rivera,11,1,70,2,2,,1,1,1,2,1,1,1,7,1,3,,,,2,2,2,2,,,,,,,,,,1,,1,1,2,
HH000413,HH000413-M01,01,Garcia,Paolo,,Valdez,01,1,39,2,2,,,1,1,1,1,2,1,7,1,6,,,,2,2,2,2,,,,,,,,,,1,,2,1,1,1
HH000413,HH000413-M02,02,Garcia,Camille,,Bautista,02,2,33,2,2,,,1,1,1,2,1,1,7,1,5,,,,2,1,2,2,,,,,,,,,,2,03,2,1,2,
HH000413,HH000413-M03,03,Garcia,Joshua,,Domingo,03,1,21,1,2,,,1,1,1,1,1,1,7,1,3,2,,10,2,2,1,,2,10,6,59,2,2,0,6,12,,,,,2,
HH000413,HH000413-M04,04,Garcia,Michelle,,Navarro,04,2,19,1,2,,,1,1,3,1,1,1,7,1,6,1,00034012,,2,2,1,,3,8,3,26,1,1,3,,21,,,,,2,
HH000413,HH000413-M05,05,Garcia,Rafael,,Navarro,03,1,12,1,2,,,1,1,1,1,1,1,,1,1,1,00024011,,,,2,2,,,,,,,,,,,,,,,
HH000413,HH000413-M06,06,Garcia,Lance,,Lopez,03,1,9,1,,,,1,1,1,1,1,1,,1,1,1,00010014,,,,2,2,,,,,,,,,,,,,,,
HH000413,HH000413-M07,07,Garcia,Jerome,,Aguilar,03,1,8,1,,,,1,1,1,1,1,1,,1,1,1,00010013,,,,2,2,,,,,,,,,,,,,,,
HH000414,HH000414-M01,01,Aguilar,John,,Lopez,01,1,44,2,2,,,1,1,1,1,1,1,7,1,4,,,,2,2,2,2,,,,,,,,,,1,,1,1,1,1
HH000414,HH000414-M02,02,Aguilar,Ana,,Mendoza,02,2,48,2,2,,,1,1,1,1,1,1,7,1,6,,,,2,2,2,2,,,,,,,,,,2,04,2,1,2,
HH000414,HH000414-M03,03,Aguilar,Grace,,Aquino,04,2,6,1,,,,1,1,1,1,1,1,,1,0,1,00010012,,,,2,2,,,,,,,,,,,,,,,
HH000414,HH000414-M04,04,Aguilar,Daniel,,Santos,23,1,66,2,2,,1,2,1,1,1,1,1,7,1,4,,,,2,2,2,3,,,,,,,,,,2,07,,,2,
HH000414,HH000414-M05,05,Aguilar,Karen,,Santos,12,2,75,5,2,,1,1,1,2,1,1,1,7,1,1,,,,1,2,2,2,,,,,,,,,,1,,1,1,2,
HH000414,HH000414-M06,06,Aguilar,Karen,,Navarro,12,2,87,4,2,,2,1,1,1,2,1,1,7,1,3,,,,2,2,1,,1,7,5,37,2,2,3,,28,,,,,2,
HH000415,HH000415-M01,01,Navarro,Carlo,III,Domingo,01,1,48,2,2,,,1,1,1,1,1,1,7,1,6,,,,1,2,2,2,,,,,,,,,,2,01,1,2,2,
HH000415,HH000415-M02,02,Navarro,Nicole,,Castillo,02,2,51,2,2,,,1,1,1,2,1,1,7,1,3,,,,2,2,2,2,,,,,,,,,,1,,1,1,2,
HH000415,HH000415-M03,03,Navarro,Luis,,Aquino,03,1,6,1,,,,1,1,1,1,1,1,,1,0,2,,10,,,2,2,,,,,,,,,,,,,,,
HH000415,HH000415-M04,04,Navarro,Angela,,Navarro,23,2,27,2,2,,,1,1,1,1,4,1,7,1,3,,,,2,2,2,2,,,,,,,,,,2,05,2,1,2,
HH000416,HH000416-M01,01,Mendoza,Kristine,,Mendoza,01,2,37,2,2,,,1,1,1,1,1,1,7,1,6,,,,1,2,2,2,,,,,,,,,,2,04,2,2,2,
HH000416,HH000416-M02,02,Mendoza,Juan,,Garcia,02,1,42,2,2,,,1,1,2,1,1,1,7,1,6,,,,2,2,1,,2,9,5,45,1,2,1,3,,,,,,2,
HH000416,HH000416-M03,03,Mendoza,Michelle,,Bautista,04,2,19,1,2,,,1,2,1,2,1,3,7,1,6,1,00034012,,2,1,2,2,,,,,,,,,,2,09,,,2,
HH000416,HH000416-M04,04,Mendoza,Mark,,Ramos,03,1,10,1,2,,,1,1,1,1,1,1,,2,1,1,00010015,,,,2,2,,,,,,,,,,,,,,,
HH000416,HH000416-M05,05,Mendoza,Joy,,Castillo,23,2,27,3,2,,,1,1,1,1,1,1,7,1,6,,,,2,2,1,,1,8,5,41,2,2,3,,,,,,,2,
HH000417,HH000417-M01,01,Santos,Carlo,Jr.,Garcia,01,1,54,1,2,,,1,1,1,1,1,1,7,1,6,,,,2,2,1,,2,8,6,48,2,2,1,6,,,,,,2,
HH000417,HH000417-M02,02,Santos,Luis,Jr.,Garcia,03,1,19,1,2,,,1,1,1,1,1,1,7,1,6,2,,08,2,2,2,3,,,,,,,,,,2,09,,,2,
HH000418,HH000418-M01,01,Domingo,Carlo,,Bautista,01,1,56,2,2,,,1,1,1,1,1,2,7,1,6,,,,2,2,2,2,,,,,,,,,,2,05,2,1,2,
HH000418,HH000418-M02,02,Domingo,Maria,,Santos,02,2,51,2,2,,,1,1,2,1,1,1,7,1,6,,,,2,2,1,,1,8,4,32,2,2,1,3,30,,,,,2,
HH000418,HH000418-M03,03,Domingo,Leah,,Bautista,04,2,18,1,2,,,1,1,1,1,1,1,7,1,3,1,00034012,,2,2,1,,1,8,5,41,2,2,1,3,,,,,,2,
HH000418,HH000418-M04,04,Domingo,Paolo,,Domingo,03,1,14,1,2,,,1,1,1,1,1,1,,1,2,1,00024013,,,,2,2,,,,,,,,,,,,,,,
HH000418,HH000418-M05,05,Domingo,Joshua,,Aguilar,03,1,11,1,2,,,1,1,1,1,1,1,,1,1,1,00010016,,,,2,2,,,,,,,,,,,,,,,
HH000418,HH000418-M06,06,Domingo,Liza,,Cruz,04,2,2,1,,,,,,,,,,,,,,,,,,,,,,,,,,,,,,,,,,
HH000419,HH000419-M01,01,Reyes,Joan,,Soriano,01,2,63,2,2,,1,1,1,1,2,2,1,7,1,3,,,,1,2,2,1,1,10,0,0,2,2,4,,11,,,,,2,
HH000419,HH000419-M02,02,Reyes,Gabriel,,Valdez,02,1,66,2,2,,1,1,1,1,1,1,2,7,1,3,,,,2,2,2,2,,,,,,,,,,2,07,,,2,
HH000420,HH000420-M01,01,Torres,Bea,,Valdez,01,2,33,2,2,,,1,1,1,1,1,1,7,1,6,,,,2,2,1,,2,5,7,36,1,2,1,4,22,,,,,2,
HH000420,HH000420-M02,02,Torres,Christian,,Castillo,02,1,35,2,2,,,1,1,1,1,1,1,7,1,6,,,,2,2,1,,2,8,5,42,2,2,1,3,,,,,,2,
HH000420,HH000420-M03,03,Torres,Jerome,,Lopez,03,1,8,1,,,,1,1,1,1,1,1,,1,1,1,00010013,,,,1,,1,2,2,2,,,3,,,,,,,,
HH000420,HH000420-M04,04,Torres,Rafael,,Reyes,03,1,7,1,,,,1,1,1,1,1,1,,1,1,2,,15,,,2,2,,,,,,,,,,,,,,,
HH000420,HH000420-M05,05,Torres,Nathan,,Torres,03,1,5,1,,,,1,1,1,1,1,1,,1,0,1,00010011,,,,2,2,,,,,,,,,,,,,,,
HH000421,HH000421-M01,01,Valdez,Joan,,Fernandez,01,2,66,2,2,,1,2,2,1,1,1,1,7,1,3,,,,2,2,2,2,,,,,,,,,,2,06,,,2,
HH000421,HH000421-M02,02,Valdez,Jerome,,Mendoza,02,1,64,2,2,,1,1,2,4,1,2,1,7,1,5,,,,2,2,2,2,,,,,,,,,,1,,2,1,2,
HH000422,HH000422-M01,01,Reyes,Juan,,Rivera,01,1,33,2,2,,,1,1,1,1,1,1,7,1,6,,,,2,2,1,,1,4,3,14,1,2,4,,28,,,,,2,
HH000422,HH000422-M02,02,Reyes,Joy,,Aguilar,02,2,38,2,2,,,2,1,1,1,1,1,7,1,2,,,,2,2,1,,1,8,5,38,1,2,3,,23,,,,,2,
HH000422,HH000422-M03,03,Reyes,Grace,,Bautista,04,2,7,1,,,,1,1,1,1,1,1,,1,1,2,,06,,,2,2,,,,,,,,,,,,,,,
HH000422,HH000422-M04,04,Reyes,Juan,Jr.,Torres,03,1,6,1,,,,1,1,1,1,1,1,,2,0,1,00010011,,,,2,2,,,,,,,,,,,,,,,
HH000422,HH000422-M05,05,Reyes,Jerome,Jr.,Mendoza,03,1,5,1,,,,1,1,1,1,1,1,,1,0,1,00002000,,,,2,2,,,,,,,,,,,,,,,
HH000422,HH000422-M06,06,Reyes,Michelle,,Aquino,04,2,4,1,,,,,,,,,,,,,2,,12,,,,,,,,,,,,,,,,,,,
HH000423,HH000423-M01,01,Santos,Daniel,Jr.,Fernandez,01,1,25,4,1,2,,1,1,1,1,1,1,7,1,5,,,,2,2,1,,2,8,2,16,1,2,1,4,24,,,,,1,2
HH000423,HH000423-M02,02,Santos,Jose,,Valdez,03,1,3,1,,,,,,,,,,,,,2,,12,,,,,,,,,,,,,,,,,,,
HH000424,HH000424-M01,01,Reyes,Angelo,,Fernandez,01,1,38,2,2,,,1,1,1,1,1,1,7,1,7,,,,2,2,1,,2,8,7,56,2,2,2,4,14,,,,,2,
HH000424,HH000424-M02,02,Reyes,Mae,,Mendoza,02,2,32,2,2,,,1,1,1,1,1,1,7,1,6,,,,2,1,1,,1,8,5,42,1,1,1,4,,,,,,2,
HH000424,HH000424-M03,03,Reyes,Luis,,Mendoza,03,1,20,1,2,,,1,1,1,1,1,1,7,1,6,2,,06,2,2,1,,1,9,7,64,2,2,0,3,13,,,,,1,1
HH000424,HH000424-M04,04,Reyes,Rommel,Jr.,Ramos,03,1,19,1,2,,,1,1,1,1,1,1,7,1,6,2,,04,2,2,2,2,,,,,,,,,,2,10,,,2,
HH000424,HH000424-M05,05,Reyes,Miguel,,Fernandez,03,1,19,1,2,,,1,1,1,1,1,1,7,1,6,2,,06,2,2,2,2,,,,,,,,,,2,09,,,2,
HH000424,HH000424-M06,06,Reyes,Michelle,,Aquino,04,2,8,1,,,,1,1,1,1,1,1,,1,1,1,00010014,,,,2,2,,,,,,,,,,,,,,,
HH000424,HH000424-M07,07,Reyes,Marco,,Reyes,11,1,72,4,2,,1,1,1,1,1,1,3,7,1,1,,,,2,2,2,1,3,4,0,0,1,2,3,,21,,,,,2,
HH000425,HH000425-M01,01,Corpuz,Rose,,Torres,01,2,70,2,2,,2,1,1,1,1,2,3,7,1,6,,,,2,2,2,2,,,,,,,,,,2,08,,,2,
HH000425,HH000425-M02,02,Corpuz,Daniel,,Flores,02,1,66,2,2,,2,1,1,1,4,1,2,7,2,1,,,,2,2,2,1,2,9,0,0,1,2,1,4,31,,,,,2,
HH000426,HH000426-M01,01,Domingo,Michelle,,Ramos,01,2,37,2,2,,,1,1,1,1,1,1,7,1,6,,,,2,2,1,,1,8,5,38,2,2,1,4,23,,,,,2,
HH000426,HH000426-M02,02,Domingo,Lance,,Soriano,02,1,34,2,2,,,1,1,1,1,1,1,7,1,6,,,,2,2,1,,3,9,5,43,2,2,5,4,,,,,,2,
HH000426,HH000426-M03,03,Domingo,Leah,,Bautista,04,2,10,1,2,,,1,1,1,1,1,1,,1,1,1,00010015,,,,2,2,,,,,,,,,,,,,,,
HH000426,HH000426-M04,04,Domingo,Gabriel,,Aguilar,03,1,7,1,,,,1,2,1,1,1,1,,1,1,1,00010012,,,,2,2,,,,,,,,,,,,,,,
HH000426,HH000426-M05,05,Domingo,Liza,,Bautista,04,2,3,1,,,,,,,,,,,,,1,00001000,,,,,,,,,,,,,,,,,,,,
HH000427,HH000427-M01,01,Ramos,Jose,,Aquino,01,1,67,2,2,,1,1,1,1,1,2,3,2,1,1,,,,2,2,,,,,,,,,,,,,,,,,
HH000427,HH000427-M02,02,Ramos,Joy,,Torres,02,2,70,2,2,,1,2,1,1,1,4,2,7,1,3,,,,2,2,2,2,,,,,,,,,,2,07,,,2,
HH000428,HH000428-M01,01,Domingo,Catherine,,Flores,01,2,40,2,2,,,1,1,1,1,1,1,5,1,2,,,,2,2,2,2,,,,,,,,,,1,,2,1,2,
HH000428,HH000428-M02,02,Domingo,Paolo,,Santos,02,1,37,2,2,,,1,2,1,1,1,1,7,1,6,,,,2,2,1,,2,8,5,42,2,2,6,,,,,,,2,
HH000428,HH000428-M03,03,Domingo,Christian,Jr.,Domingo,03,1,19,1,2,,,1,1,1,1,1,1,7,1,6,1,00034012,,2,2,1,,1,12,5,60,2,2,1,6,12,,,,,2,
HH000428,HH000428-M04,04,Domingo,Kristine,,Soriano,04,2,5,1,,,,1,1,1,1,1,1,,1,0,1,00002000,,,,2,2,,,,,,,,,,,,,,,
HH000428,HH000428-M05,05,Domingo,Lance,,Garcia,11,1,71,4,2,,1,2,1,1,2,1,1,7,1,3,,,,2,2,2,2,,,,,,,,,,2,07,,,2,
HH000428,HH000428-M06,06,Domingo,Angela,,Santos,12,2,78,4,2,,1,1,1,1,1,1,1,7,1,6,,,,2,2,2,2,,,,,,,,,,2,08,,,1,1
HH000428,HH000428-M07,07,Domingo,Joan,,Cruz,16,2,47,2,2,,,1,1,1,1,1,1,7,1,2,,,,2,2,1,,3,12,6,70,2,2,3,,99,,,,,2,
HH000429,HH000429-M01,01,Corpuz,Angela,,Castillo,01,2,47,2,2,,,1,1,1,1,1,1,7,1,6,,,,2,2,2,2,,,,,,,,,,2,01,1,1,2,
HH000429,HH000429-M02,02,Corpuz,Joshua,,Castillo,02,1,42,2,2,,,1,1,1,1,1,1,7,1,6,,,,2,2,2,2,,,,,,,,,,1,,1,2,2,
HH000429,HH000429-M03,03,Corpuz,Hanson,,Rivera,03,1,24,2,2,,,2,1,1,1,1,1,7,1,3,2,,05,2,2,1,,1,8,5,42,1,1,3,,,,,,,2,
HH000429,HH000429-M04,04,Corpuz,Ana,,Aquino,04,2,9,1,,,,1,1,1,1,1,1,,1,1,1,00010014,,,,2,2,,,,,,,,,,,,,,,
HH000429,HH000429-M05,05,Corpuz,Sophia,,Flores,04,2,8,1,,,,1,1,1,1,1,1,,1,1,1,00010013,,,,2,2,,,,,,,,,,,,,,,
HH000429,HH000429-M06,06,Corpuz,Lance,Jr.,Fernandez,03,1,8,1,,,,1,1,1,1,1,1,,1,1,2,,06,,,2,2,,,,,,,,,,,,,,,
HH000429,HH000429-M07,07,Corpuz,Rafael,Jr.,Cruz,03,1,4,1,,,,,,,,,,,,,2,,12,,,,,,,,,,,,,,,,,,,
HH000430,HH000430-M01,01,Garcia,Nathan,,Fernandez,01,1,30,2,2,,,1,1,3,1,1,1,7,1,1,,,,2,2,1,,2,8,5,39,2,2,1,3,24,,,,,2,
HH000430,HH000430-M02,02,Garcia,Rose,,Reyes,02,2,28,2,2,,,1,1,1,1,1,1,7,1,3,,,,1,2,1,,2,8,5,42,2,2,3,,,,,,,2,
HH000430,HH000430-M03,03,Garcia,Joshua,,Aquino,03,1,13,1,2,,,1,1,1,1,1,1,,1,2,1,00024012,,,,2,2,,,,,,,,,,,,,,,
HH000430,HH000430-M04,04,Garcia,Gabriel,,Diaz,03,1,13,1,2,,,1,1,1,1,1,1,,1,2,1,00024012,,,,2,2,,,,,,,,,,,,,,,
HH000430,HH000430-M05,05,Garcia,Hanson,,Bautista,03,1,7,1,,,,1,1,1,1,1,1,,1,1,1,00010012,,,,2,2,,,,,,,,,,,,,,,
HH000430,HH000430-M06,06,Garcia,Miguel,,Castillo,03,1,4,1,,,,,,,,,,,,,1,00002000,,,,,,,,,,,,,,,,,,,,
HH000430,HH000430-M07,07,Garcia,Patricia,,Aguilar,04,2,3,1,,,,,,,,,,,,,2,,12,,,,,,,,,,,,,,,,,,,
HH000430,HH000430-M08,08,Garcia,Joshua,,Cruz,11,1,74,2,2,,1,1,1,3,1,2,2,7,1,1,,,,1,2,2,3,,,,,,,,,,2,08,,,2,
HH000430,HH000430-M09,09,Garcia,Angelo,,Aguilar,15,1,34,2,2,,,3,1,1,1,1,2,7,1,3,,,,2,2,1,,1,10,5,50,1,2,1,3,11,,,,,2,
HH000431,HH000431-M01,01,Corpuz,John,Jr.,Santos,01,1,58,2,2,,,3,1,1,1,1,1,7,1,6,,,,2,2,2,2,,,,,,,,,,1,,1,2,2,
HH000431,HH000431-M02,02,Corpuz,Ana,,Fernandez,02,2,52,2,2,,,1,1,1,1,1,1,7,1,6,,,,2,2,1,,2,8,5,42,2,2,6,,,,,,,2,
HH000431,HH000431-M03,03,Corpuz,Bea,,Bautista,04,2,6,1,,,,2,1,1,1,1,1,,1,0,1,00010011,,,,2,2,,,,,,,,,,,,,,,
HH000431,HH000431-M04,04,Corpuz,Jasmine,,Castillo,04,2,5,1,,,,1,1,1,1,1,1,,1,0,1,00002000,,,,2,2,,,,,,,,,,,,,,,
HH000431,HH000431-M05,05,Corpuz,Mark,,Torres,03,1,5,1,,,,1,1,1,1,1,1,,1,0,1,00002000,,,,2,2,,,,,,,,,,,,,,,
HH000431,HH000431-M06,06,Corpuz,Marco,,Fernandez,15,1,65,2,2,,1,1,1,2,4,1,1,7,1,2,,,,2,1,2,2,,,,,,,,,,2,06,,,1,1
HH000432,HH000432-M01,01,Navarro,Miguel,,Diaz,01,1,55,2,2,,,2,1,1,1,1,1,1,1,2,,,,2,2,,,,,,,,,,,,,,,,,
HH000432,HH000432-M02,02,Navarro,Ella,,Reyes,02,2,60,2,2,,1,1,1,1,1,1,1,7,1,1,,,,2,2,1,,2,7,5,35,1,2,1,4,31,,,,,2,
HH000432,HH000432-M03,03,Navarro,Joshua,,Reyes,03,1,16,1,2,,,1,1,1,1,1,1,7,1,2,1,00034011,,2,2,2,3,,,,,,,,,,2,09,,,2,
HH000432,HH000432-M04,04,Navarro,Bea,,Diaz,04,2,8,1,,,,1,1,1,1,1,1,,1,1,1,00010013,,,,2,2,,,,,,,,,,,,,,,
HH000433,HH000433-M01,01,Manalo,Maria,,Garcia,01,2,42,6,1,1,,1,1,1,1,1,1,7,1,6,,,,2,2,2,2,,,,,,,,,,2,01,2,2,2,
HH000433,HH000433-M02,02,Manalo,Camille,,Aguilar,04,2,14,1,2,,,1,1,1,1,1,1,,1,1,1,00024013,,,,2,2,,,,,,,,,,,,,,,
HH000434,HH000434-M01,01,Manalo,Jasmine,,Soriano,01,2,37,2,2,,,1,1,2,1,1,1,7,1,1,,,,2,2,1,,1,6,6,38,1,1,1,3,22,,,,,2,
HH000434,HH000434-M02,02,Manalo,Christian,,Fernandez,02,1,38,2,2,,,1,1,1,1,1,1,7,1,6,,,,2,2,1,,2,8,5,38,1,1,3,,28,,,,,2,
HH000435,HH000435-M01,01,Salazar,John,,Santos,01,1,36,2,2,,,1,1,1,1,1,2,7,1,2,,,,2,2,2,2,,,,,,,,,,1,,1,1,2,
HH000435,HH000435-M02,02,Salazar,Joy,,Flores,02,2,30,2,2,,,1,1,1,1,1,2,7,1,7,,,,2,2,1,,1,8,5,40,1,1,1,4,,,,,,2,
HH000435,HH000435-M03,03,Salazar,Bea,,Santos,04,2,19,1,2,,,3,1,1,1,1,2,7,1,6,1,00034012,,2,2,1,,1,5,7,37,2,2,2,4,31,,,,,1,1
HH000436,HH000436-M01,01,Fernandez,Rose,,Garcia,01,2,39,2,2,,,1,1,1,1,1,1,7,1,2,,,,2,2,2,2,,,,,,,,,,1,,1,1,2,
HH000436,HH000436-M02,02,Fernandez,Miguel,,Bautista,02,1,34,2,2,,,1,1,2,1,1,1,7,1,6,,,,2,2,2,1,2,6,0,0,1,1,0,4,30,,,,,2,
HH000437,HH000437-M01,01,Dela Cruz,Rose,,Soriano,01,2,20,1,2,,,1,2,1,1,1,1,7,1,6,1,00034012,,2,2,2,2,,,,,,,,,,1,,1,1,2,
HH000438,HH000438-M01,01,Pascual,Hanson,,Bautista,01,1,40,2,2,,,1,1,4,1,1,1,7,1,3,,,,2,2,1,,1,7,6,42,2,2,1,3,,,,,,2,
HH000438,HH000438-M02,02,Pascual,Kristine,,Bautista,02,2,45,2,2,,,1,1,2,1,1,1,7,1,6,,,,2,2,1,,3,12,5,59,2,2,3,,14,,,,,2,
HH000438,HH000438-M03,03,Pascual,Luis,Jr.,Flores,03,1,7,1,,,,1,1,1,1,1,1,,1,1,1,00010012,,,,2,2,,,,,,,,,,,,,,,
HH000438,HH000438-M04,04,Pascual,Jasmine,,Ramos,12,2,62,4,2,,1,2,2,1,1,1,1,7,1,2,,,,2,2,1,,2,4,5,22,2,2,1,3,23,,,,,2,
HH000439,HH000439-M01,01,De Vera,Jose,,Garcia,01,1,31,2,2,,,1,1,1,3,1,1,7,1,6,,,,2,2,2,1,1,8,0,0,1,1,1,3,24,,,,,2,
HH000439,HH000439-M02,02,De Vera,Nicole,,Valdez,02,2,28,2,2,,,1,1,1,1,1,1,7,1,5,,,,2,2,1,,1,12,2,24,2,2,6,,99,,,,,2,
HH000439,HH000439-M03,03,De Vera,Marco,,Diaz,03,1,13,1,2,,,1,1,1,1,1,1,,1,2,1,00024012,,,,2,2,,,,,,,,,,,,,,,
HH000439,HH000439-M04,04,De Vera,Daniel,,Reyes,03,1,3,1,,,,,,,,,,,,,2,,12,,,,,,,,,,,,,,,,,,,
HH000439,HH000439-M05,05,De Vera,Lance,,Mendoza,11,1,65,2,2,,2,1,2,2,1,2,1,1,1,6,,,,2,2,,,,,,,,,,,,,,,,,
HH000440,HH000440-M01,01,Santos,Andrea,,Lopez,01,2,26,2,2,,,1,1,1,1,1,1,7,1,7,,,,2,2,2,1,3,10,0,0,2,2,0,4,30,,,,,2,
HH000440,HH000440-M02,02,Santos,Daniel,,Santos,02,1,30,2,2,,,1,1,1,1,1,1,7,1,6,,,,2,2,1,,2,5,5,26,2,2,3,,30,,,,,2,
HH000441,HH000441-M01,01,Flores,Jasmine,,Aguilar,01,2,44,2,2,,,1,1,1,1,1,1,4,1,6,,,,2,2,1,,1,8,6,46,1,2,3,,,,,,,2,
HH000441,HH000441-M02,02,Flores,Angelo,,Bautista,02,1,47,2,2,,,1,1,1,1,1,1,7,1,4,,,,2,2,2,2,,,,,,,,,,2,10,,,2,
HH000441,HH000441-M03,03,Flores,Joy,,Valdez,04,2,19,1,2,,,1,1,1,4,1,1,7,1,6,1,00034012,,1,2,1,,1,10,5,51,2,2,3,,13,,,,,2,
HH000441,HH000441-M04,04,Flores,Joshua,,Fernandez,11,1,74,6,2,,1,1,1,1,1,1,1,7,1,2,,,,2,2,1,,1,6,5,29,1,1,1,4,22,,,,,2,
HH000441,HH000441-M05,05,Flores,Rafael,,Cruz,11,1,84,4,2,,2,2,1,2,1,2,1,7,1,2,,,,2,2,2,2,,,,,,,,,,2,07,,,1,1
HH000441,HH000441-M06,06,Flores,Patricia,,Cruz,12,2,64,2,2,,1,3,1,1,1,2,1,7,1,6,,,,1,2,1,,1,9,3,28,2,2,2,3,31,,,,,2,
HH000442,HH000442-M01,01,Abad,Jose,,Flores,01,1,58,2,2,,,1,1,1,1,1,1,7,1,3,,,,2,2,2,2,,,,,,,,,,1,,1,1,2,
HH000442,HH000442-M02,02,Abad,Michelle,,Aguilar,02,2,53,2,2,,,1,1,1,1,1,1,7,1,3,,,,2,2,2,2,,,,,,,,,,1,,1,1,2,
HH000442,HH000442-M03,03,Abad,Rose,,Torres,04,2,22,2,2,,,2,1,1,1,1,1,7,1,6,2,,05,1,2,1,,1,8,4,32,1,2,1,1,20,,,,,2,
HH000442,HH000442-M04,04,Abad,Grace,,Garcia,04,2,18,1,2,,,1,1,1,1,1,1,7,1,3,1,00034012,,2,2,2,2,,,,,,,,,,2,09,,,2,
HH000442,HH000442-M05,05,Abad,Gabriel,,Garcia,03,1,16,1,2,,,1,1,1,1,1,1,7,1,2,1,00034011,,2,2,2,2,,,,,,,,,,2,09,,,2,
HH000442,HH000442-M06,06,Abad,Christian,,Diaz,15,1,63,6,2,,1,1,1,1,2,1,3,7,1,1,,,,2,2,2,2,,,,,,,,,,2,03,1,1,1,2
HH000442,HH000442-M07,07,Abad,Vincent,,Mendoza,23,1,31,4,2,,,1,2,1,1,1,1,7,1,3,,,,1,2,1,,3,8,5,42,1,1,3,,,,,,,2,
HH000443,HH000443-M01,01,Mendoza,Noel,,Torres,01,1,37,2,2,,,1,1,1,1,1,1,7,1,1,,,,2,1,1,,1,8,6,48,2,2,3,,,,,,,2,
HH000443,HH000443-M02,02,Mendoza,Rose,,Santos,02,2,41,2,2,,,1,1,1,1,1,1,7,1,6,,,,2,2,1,,2,8,5,42,2,2,1,6,,,,,,2,
HH000443,HH000443-M03,03,Mendoza,Nathan,Jr.,Reyes,03,1,13,1,2,,,1,1,1,1,1,1,,1,2,1,00024012,,,,2,2,,,,,,,,,,,,,,,
HH000443,HH000443-M04,04,Mendoza,Liza,,Fernandez,04,2,5,1,,,,1,1,1,1,1,1,,1,0,1,00010011,,,,2,2,,,,,,,,,,,,,,,
HH000444,HH000444-M01,01,Padilla,Joan,,Cruz,01,2,30,2,2,,,1,1,1,1,1,1,7,1,6,,,,2,1,1,,2,9,7,61,2,2,4,,11,,,,,1,2
HH000444,HH000444-M02,02,Padilla,Jose,,Flores,02,1,25,2,2,,,1,1,1,1,2,1,7,1,3,,,,1,2,2,1,1,8,0,0,1,2,1,2,11,,,,,2,
HH000444,HH000444-M03,03,Padilla,Rose,,Castillo,04,2,11,1,2,,,1,1,1,1,1,1,,1,1,1,00010016,,,,2,2,,,,,,,,,,,,,,,
HH000444,HH000444-M04,04,Padilla,Marco,,Cruz,03,1,8,1,,,,1,1,1,1,1,1,,1,1,1,00010013,,,,2,2,,,,,,,,,,,,,,,
HH000444,HH000444-M05,05,Padilla,John,,Mendoza,03,1,1,1,,,,,,,,,,,,,,,,,,,,,,,,,,,,,,,,,,
HH000445,HH000445-M01,01,Mendoza,Hanson,Jr.,Domingo,01,1,42,4,1,2,,1,1,1,1,1,1,7,1,3,,,,2,2,2,3,,,,,,,,,,1,,1,1,2,
HH000445,HH000445-M02,02,Mendoza,Rafael,Jr.,Bautista,03,1,6,1,,,,1,1,1,1,1,1,,1,0,1,00010011,,,,2,2,,,,,,,,,,,,,,,
HH000446,HH000446-M01,01,Pascual,Grace,,Mendoza,01,2,51,2,2,,,1,1,1,2,1,1,7,1,6,,,,1,2,1,,3,7,6,41,2,2,1,7,,,,,,2,
HH000446,HH000446-M02,02,Pascual,Miguel,,Cruz,02,1,45,2,2,,,1,1,1,1,2,1,7,1,1,,,,2,2,2,1,2,10,0,0,2,2,1,3,12,,,,,2,
HH000446,HH000446-M03,03,Pascual,Rommel,Jr.,Cruz,03,1,16,1,2,,,1,1,1,1,1,1,7,2,2,1,00034011,,2,2,2,1,1,12,0,0,2,2,1,3,12,,,,,2,
HH000446,HH000446-M04,04,Pascual,Andrea,,Castillo,04,2,2,1,,,,,,,,,,,,,,,,,,,,,,,,,,,,,,,,,,
HH000447,HH000447-M01,01,Aguilar,Mark,,Domingo,01,1,49,2,2,,,1,1,1,1,2,1,7,1,3,,,,2,2,1,,3,10,5,48,2,2,1,0,,,,,,1,1
HH000447,HH000447-M02,02,Aguilar,Patricia,,Navarro,02,2,51,2,2,,,2,1,1,1,1,1,7,1,3,,,,2,2,1,,1,8,7,57,2,2,3,,11,,,,,2,
HH000447,HH000447-M03,03,Aguilar,Joy,,Santos,04,2,21,1,2,,,2,1,1,1,2,1,7,1,3,2,,06,2,2,2,2,,,,,,,,,,2,09,,,2,
HH000447,HH000447-M04,04,Aguilar,Miguel,,Santos,03,1,7,1,,,,1,1,2,1,1,1,,1,1,1,00010012,,,,2,2,,,,,,,,,,,,,,,
HH000447,HH000447-M05,05,Aguilar,Lance,,Ramos,11,1,73,2,2,,1,1,1,1,3,1,3,7,1,1,,,,2,2,2,2,,,,,,,,,,2,08,,,2,
HH000448,HH000448-M01,01,Aquino,Patricia,,Diaz,01,2,38,2,2,,,1,1,1,1,1,1,7,1,1,,,,2,2,1,,1,6,6,36,1,2,3,,99,,,,,2,
HH000448,HH000448-M02,02,Aquino,Mark,,Diaz,02,1,42,2,2,,,1,1,1,1,1,1,7,1,3,,,,2,2,2,2,,,,,,,,,,2,03,2,1,2,
HH000448,HH000448-M03,03,Aquino,Karen,,Rivera,04,2,20,1,2,,,1,1,1,1,1,1,7,1,3,2,,07,2,2,2,2,,,,,,,,,,2,09,,,2,
HH000448,HH000448-M04,04,Aquino,Grace,,Lopez,04,2,19,2,2,,,1,1,1,1,1,1,7,1,6,1,00034012,,2,2,1,,3,5,6,28,2,2,1,4,29,,,,,2,
HH000448,HH000448-M05,05,Aquino,Angela,,Mendoza,04,2,18,1,2,,,1,1,1,1,1,1,7,1,2,1,00034012,,2,2,2,2,,,,,,,,,,2,09,,,2,
HH000448,HH000448-M06,06,Aquino,Ella,,Santos,04,2,16,1,2,,,1,1,1,1,1,1,7,1,1,1,00034011,,1,2,2,2,,,,,,,,,,2,09,,,2,
HH000448,HH000448-M07,07,Aquino,Camille,,Bautista,12,2,75,4,2,,1,1,1,1,1,1,1,7,1,1,,,,2,2,2,2,,,,,,,,,,2,07,,,1,1
HH000449,HH000449-M01,01,Manalo,Michelle,,Mendoza,01,2,29,2,2,,,1,1,1,1,1,1,7,1,3,,,,2,2,2,2,,,,,,,,,,2,05,2,1,2,
HH000450,HH000450-M01,01,Soriano,Angelo,,Aquino,01,1,48,4,1,1,,1,1,1,1,1,1,7,1,6,,,,2,2,1,,2,12,7,84,2,2,1,3,14,,,,,2,
HH000450,HH000450-M02,02,Soriano,Rommel,Jr.,Soriano,03,1,20,1,2,,,1,1,1,1,1,1,7,1,3,2,,09,2,2,1,,3,9,4,37,1,1,4,,30,,,,,2,
HH000450,HH000450-M03,03,Soriano,Liza,,Bautista,04,2,17,1,2,,,1,1,1,1,1,1,7,1,2,1,00034012,,2,2,1,,1,10,5,50,2,2,3,,12,,,,,1,1
HH000450,HH000450-M04,04,Soriano,Patricia,,Castillo,04,2,6,1,,,,1,1,1,1,1,1,,1,1,1,00010011,,,,2,2,,,,,,,,,,,,,,,
HH000450,HH000450-M05,05,Soriano,Maria,,Aguilar,04,2,5,1,,,,1,1,1,1,1,1,,1,1,1,00002000,,,,2,2,,,,,,,,,,,,,,,
HH000450,HH000450-M06,06,Soriano,Juan,Jr.,Garcia,03,1,3,1,,,,,,,,,,,,,1,00001000,,,,,,,,,,,,,,,,,,,,
HH000451,HH000451-M01,01,Torres,Hanson,,Aquino,01,1,25,2,2,,,1,1,1,1,1,1,7,1,6,,,,1,1,1,,1,10,5,50,2,2,1,1,14,,,,,2,
HH000451,HH000451-M02,02,Torres,Jasmine,,Reyes,02,2,23,2,2,,,1,1,1,1,1,1,7,1,6,2,,09,2,2,1,,2,8,6,50,2,2,1,1,11,,,,,2,
HH000451,HH000451-M03,03,Torres,Angelo,Jr.,Lopez,03,1,5,1,,,,2,1,1,1,1,1,,1,0,1,00002000,,,,2,2,,,,,,,,,,,,,,,
HH000451,HH000451-M04,04,Torres,Marco,,Aguilar,03,1,0,1,,,,,,,,,,,,,,,,,,,,,,,,,,,,,,,,,,
HH000452,HH000452-M01,01,Flores,Maria,,Domingo,01,2,41,2,2,,,1,1,1,1,1,1,7,1,1,,,,1,2,1,,1,8,5,38,2,2,1,1,22,,,,,2,
HH000452,HH000452-M02,02,Flores,Joshua,,Mendoza,02,1,36,2,2,,,1,1,1,1,1,1,7,1,6,,,,2,2,1,,1,8,5,41,2,2,5,4,,,,,,2,
HH000452,HH000452-M03,03,Flores,Sophia,,Aquino,04,2,21,1,2,,,1,1,1,1,1,1,7,1,6,2,,05,2,2,2,2,,,,,,,,,,2,09,,,2,
HH000452,HH000452-M04,04,Flores,Joan,,Garcia,04,2,20,1,2,,,1,1,1,3,1,1,7,1,3,1,00034012,,2,2,2,2,,,,,,,,,,1,,2,1,2,
HH000452,HH000452-M05,05,Flores,Rommel,Jr.,Domingo,03,1,20,1,2,,,1,1,1,1,1,1,7,1,3,1,00034012,,2,1,1,,3,8,5,40,2,2,5,4,,,,,,2,
HH000452,HH000452-M06,06,Flores,Bea,,Flores,04,2,17,1,2,,,1,1,1,1,1,1,7,1,3,2,,04,2,2,2,2,,,,,,,,,,2,09,,,2,
HH000453,HH000453-M01,01,Aquino,Paolo,,Rivera,01,1,36,2,2,,,1,1,1,1,1,1,7,1,5,,,,2,2,1,,2,8,7,56,2,2,0,3,11,,,,,2,
HH000453,HH000453-M02,02,Aquino,Ella,,Aquino,02,2,40,2,2,,,1,1,1,1,1,1,7,1,3,,,,2,2,1,,1,8,6,48,2,2,5,3,,,,,,2,
HH000453,HH000453-M03,03,Aquino,Jerome,,Torres,03,1,19,1,2,,,1,1,1,1,1,1,7,1,6,1,00034012,,2,2,2,2,,,,,,,,,,2,09,,,2,
HH000453,HH000453-M04,04,Aquino,Rommel,,Aguilar,11,1,63,4,2,,2,2,1,3,2,1,1,7,1,3,,,,2,2,1,,3,8,5,40,2,2,6,,,,,,,2,
HH000454,HH000454-M01,01,De Vera,Grace,,Castillo,01,2,52,2,2,,,1,1,1,1,1,3,7,1,1,,,,1,2,1,,1,8,5,42,2,2,1,6,,,,,,2,
HH000454,HH000454-M02,02,De Vera,Gabriel,,Flores,02,1,51,2,2,,,1,1,1,1,1,1,7,1,3,,,,2,2,1,,1,6,5,31,1,2,1,4,21,,,,,2,
HH000454,HH000454-M03,03,De Vera,Miguel,Jr.,Fernandez,03,1,22,6,2,,,2,1,1,1,1,1,7,1,4,2,,07,2,2,2,2,,,,,,,,,,1,,1,1,2,
HH000454,HH000454-M04,04,De Vera,Bea,,Fernandez,04,2,9,1,,,,1,2,1,1,1,1,,1,1,1,00010014,,,,2,2,,,,,,,,,,,,,,,
HH000455,HH000455-M01,01,Salazar,Joshua,,Reyes,01,1,30,2,2,,,1,1,1,1,1,1,7,1,5,,,,2,2,1,,2,7,6,42,2,2,3,,,,,,,2,
HH000455,HH000455-M02,02,Salazar,Joy,,Rivera,02,2,32,2,2,,,1,1,1,3,1,1,7,1,6,,,,2,2,1,,3,12,2,26,1,1,1,0,23,,,,,2,
HH000456,HH000456-M01,01,Mendoza,Andrea,,Torres,01,2,34,2,2,,,1,1,2,1,2,1,7,2,6,,,,2,2,2,2,,,,,,,,,,2,04,1,2,2,
HH000456,HH000456-M02,02,Mendoza,Jerome,,Bautista,02,1,31,2,2,,,3,1,1,1,1,1,7,1,6,,,,2,2,2,2,,,,,,,,,,1,,1,1,2,
HH000456,HH000456-M03,03,Mendoza,Hanson,,Castillo,03,1,5,1,,,,1,1,1,1,2,1,,1,0,1,00002000,,,,2,2,,,,,,,,,,,,,,,
HH000456,HH000456-M04,04,Mendoza,Luis,,Fernandez,11,1,73,2,2,,1,1,1,1,1,1,1,7,1,1,,,,2,2,1,,2,7,5,35,2,2,3,,27,,,,,2,
HH000457,HH000457-M01,01,Dela Cruz,Camille,,Mendoza,01,2,55,1,1,1,,1,2,1,1,2,1,7,1,1,,,,2,2,1,,1,12,4,48,2,2,6,,,,,,,2,
HH000457,HH000457-M02,02,Dela Cruz,Daniel,,Rivera,03,1,5,1,,,,1,1,4,1,1,1,,2,1,1,00002000,,,,2,2,,,,,,,,,,,,,,,
HH000458,HH000458-M01,01,Bernal,Mark,,Aguilar,01,1,35,2,2,,,1,1,1,1,1,1,7,1,6,,,,2,2,1,,1,7,3,21,1,2,6,,24,,,,,2,
HH000458,HH000458-M02,02,Bernal,Karen,,Fernandez,02,2,34,2,2,,,1,1,1,1,1,1,1,1,3,,,,2,2,,,,,,,,,,,,,,,,,
HH000458,HH000458-M03,03,Bernal,Sophia,,Aguilar,04,2,18,1,2,,,1,1,1,1,1,1,7,1,2,1,00034012,,1,1,1,,1,4,5,21,2,2,1,3,30,,,,,2,
HH000458,HH000458-M04,04,Bernal,Lance,,Reyes,03,1,5,1,,,,1,1,1,1,1,1,,1,0,2,,12,,,2,2,,,,,,,,,,,,,,,
HH000458,HH000458-M05,05,Bernal,Vincent,,Ramos,03,1,4,1,,,,,,,,,,,,,1,00002000,,,,,,,,,,,,,,,,,,,,
HH000459,HH000459-M01,01,Bernal,Camille,,Cruz,01,2,52,2,2,,,1,1,1,1,1,1,7,1,6,,,,2,2,1,,3,8,5,41,1,2,3,,,,,,,2,
HH000459,HH000459-M02,02,Bernal,Hanson,,Rivera,02,1,51,2,2,,,1,1,1,1,1,1,7,1,6,,,,2,2,1,,3,9,5,43,2,2,4,,,,,,,2,
HH000460,HH000460-M01,01,Castro,Lance,Jr.,Aquino,01,1,51,2,2,,,1,1,1,1,1,1,7,1,2,,,,2,2,1,,1,9,6,54,1,1,4,,12,,,,,2,
HH000460,HH000460-M02,02,Castro,Jerome,Jr.,Fernandez,03,1,23,2,2,,,1,1,1,1,3,1,7,1,6,1,00034012,,2,2,1,,2,10,5,49,2,2,1,1,14,,,,,2,
HH000460,HH000460-M03,03,Castro,Leah,,Rivera,04,2,22,2,2,,,1,1,1,2,1,1,7,1,3,2,,03,2,2,2,2,,,,,,,,,,1,,1,1,2,
HH000461,HH000461-M01,01,Santos,Nathan,,Castillo,01,1,35,2,2,,,1,1,1,1,1,1,7,1,6,,,,2,2,1,,1,8,5,41,2,2,1,4,,,,,,2,
HH000461,HH000461-M02,02,Santos,Rose,,Soriano,02,2,31,2,2,,,1,1,1,1,1,1,7,1,6,,,,2,2,2,2,,,,,,,,,,1,,1,1,2,
HH000461,HH000461-M03,03,Santos,Ana,,Mendoza,04,2,18,1,2,,,1,1,1,1,1,3,7,1,3,2,,06,2,2,1,,2,8,5,40,1,1,3,,,,,,,1,1
HH000461,HH000461-M04,04,Santos,Marco,,Rivera,03,1,17,1,2,,,1,1,2,1,1,1,7,1,2,1,00034012,,2,2,2,2,,,,,,,,,,2,09,,,2,
HH000461,HH000461-M05,05,Santos,Angela,,Lopez,04,2,15,1,2,,,1,1,1,1,1,1,7,1,2,1,00024014,,2,2,2,2,,,,,,,,,,2,09,,,2,
HH000461,HH000461-M06,06,Santos,Liza,,Aquino,04,2,1,1,,,,,,,,,,,,,,,,,,,,,,,,,,,,,,,,,,
HH000462,HH000462-M01,01,Valdez,Rose,,Valdez,01,2,67,2,2,,2,1,1,1,1,2,2,7,1,6,,,,1,2,2,2,,,,,,,,,,2,07,,,2,
HH000462,HH000462-M02,02,Valdez,Daniel,,Flores,02,1,61,2,2,,1,2,1,1,1,1,2,7,1,4,,,,2,2,2,2,,,,,,,,,,2,10,,,2,
HH000463,HH000463-M01,01,Fernandez,Mark,,Aguilar,01,1,79,2,2,,1,1,1,2,1,1,3,7,1,4,,,,2,2,2,3,,,,,,,,,,1,,1,1,2,
HH000464,HH000464-M01,01,Fernandez,Joy,,Mendoza,01,2,28,2,2,,,1,1,1,1,1,1,7,1,5,,,,2,2,1,,1,7,5,35,2,2,1,4,23,,,,,1,1
HH000464,HH000464-M02,02,Fernandez,Gabriel,,Ramos,02,1,27,2,2,,,1,1,1,1,1,1,7,1,1,,,,2,2,1,,3,10,6,61,2,2,3,,11,,,,,2,
HH000465,HH000465-M01,01,Santos,Daniel,,Aquino,01,1,77,2,2,,1,1,2,1,1,1,1,7,1,2,,,,2,2,2,2,,,,,,,,,,2,08,,,2,
HH000465,HH000465-M02,02,Santos,Sophia,,Diaz,02,2,72,2,2,,1,1,1,1,1,1,1,7,1,3,,,,1,2,2,2,,,,,,,,,,2,07,,,2,
HH000466,HH000466-M01,01,Garcia,Jose,Jr.,Cruz,01,1,42,2,2,,,1,1,1,1,1,1,7,1,2,,,,2,2,1,,1,8,7,56,1,1,3,,12,,,,,2,
HH000466,HH000466-M02,02,Garcia,Ella,,Diaz,02,2,43,2,2,,,1,1,1,1,1,1,7,1,6,,,,2,2,1,,1,8,5,39,2,2,3,,31,,,,,2,
HH000466,HH000466-M03,03,Garcia,Grace,,Castillo,04,2,19,1,2,,,1,1,1,1,1,1,7,1,3,1,00034012,,2,2,2,2,,,,,,,,,,2,09,,,2,
HH000467,HH000467-M01,01,Aquino,Daniel,,Valdez,01,1,29,2,2,,,1,1,1,1,1,1,7,1,3,,,,2,1,1,,1,8,6,48,2,2,3,,,,,,,2,
HH000467,HH000467-M02,02,Aquino,Angela,,Reyes,02,2,27,2,2,,,1,1,1,1,1,3,7,1,2,,,,2,1,1,,1,8,5,42,2,2,6,,,,,,,2,
HH000467,HH000467-M03,03,Aquino,Marco,Jr.,Aguilar,03,1,11,3,2,,,1,1,1,1,1,1,,1,1,1,00010016,,,,2,2,,,,,,,,,,,,,,,
HH000467,HH000467-M04,04,Aquino,Joan,,Fernandez,04,2,9,1,,,,1,1,1,1,1,1,,1,1,1,00010014,,,,2,2,,,,,,,,,,,,,,,
HH000468,HH000468-M01,01,Aquino,Camille,,Navarro,01,2,25,2,2,,,1,1,1,1,1,1,7,1,6,,,,2,2,1,,1,8,6,47,2,2,2,1,,,,,,2,
HH000468,HH000468-M02,02,Aquino,Mark,,Torres,02,1,22,2,2,,,1,1,1,1,1,1,7,1,6,2,,07,2,2,1,,1,9,3,27,2,2,0,3,28,,,,,2,
HH000468,HH000468-M03,03,Aquino,Noel,,Navarro,03,1,5,1,,,,1,1,1,1,1,2,,2,1,1,00002000,,,,2,3,,,,,,,,,,,,,,,
HH000468,HH000468-M04,04,Aquino,Ana,,Flores,04,2,3,1,,,,,,,,,,,,,1,00002000,,,,,,,,,,,,,,,,,,,,
HH000469,HH000469-M01,01,Padilla,Joshua,Jr.,Rivera,01,1,56,6,1,1,,1,1,1,1,1,1,7,1,1,,,,1,2,1,,2,9,7,65,2,2,3,,12,,,,,2,
HH000469,HH000469-M02,02,Padilla,Rommel,Jr.,Lopez,03,1,20,1,2,,,1,1,1,1,1,1,7,1,6,2,,09,2,2,1,,1,4,6,23,2,2,1,2,23,,,,,2,
HH000469,HH000469-M03,03,Padilla,John,Jr.,Diaz,03,1,19,1,2,,,1,1,1,1,1,3,7,1,2,1,00034012,,2,2,1,,2,8,5,40,2,2,1,2,,,,,,2,
HH000469,HH000469-M04,04,Padilla,Lance,,Ramos,03,1,11,2,2,,,1,1,1,1,1,1,,1,1,1,00010016,,,,2,2,,,,,,,,,,,,,,,
HH000469,HH000469-M05,05,Padilla,Catherine,,Torres,04,2,11,1,2,,,1,1,1,1,1,1,,1,1,1,00010016,,,,2,2,,,,,,,,,,,,,,,
HH000470,HH000470-M01,01,Cabrera,John,Jr.,Cruz,01,1,49,2,2,,,1,1,1,1,1,1,7,1,6,,,,2,2,1,,1,9,5,46,2,2,3,,,,,,,2,
HH000470,HH000470-M02,02,Cabrera,Rose,,Aguilar,02,2,49,2,2,,,1,2,1,1,1,2,7,1,5,,,,2,2,2,2,,,,,,,,,,1,,1,1,2,
HH000470,HH000470-M03,03,Cabrera,Camille,,Garcia,04,2,16,1,2,,,1,1,1,1,1,1,7,1,2,1,00034012,,2,2,2,2,,,,,,,,,,2,04,2,1,1,1
HH000470,HH000470-M04,04,Cabrera,Lance,Jr.,Santos,03,1,14,1,2,,,1,1,1,1,1,1,,1,2,1,00024014,,,,2,2,,,,,,,,,,,,,,,
HH000470,HH000470-M05,05,Cabrera,Catherine,,Ramos,04,2,5,1,,,,1,1,1,1,1,1,,1,0,1,00002000,,,,2,2,,,,,,,,,,,,,,,
HH000470,HH000470-M06,06,Cabrera,Miguel,,Domingo,15,1,59,2,2,,,1,1,1,1,1,1,7,1,6,,,,2,2,2,2,,,,,,,,,,1,,1,1,2,
HH000471,HH000471-M01,01,Aquino,Mark,,Domingo,01,1,50,2,2,,,1,1,1,1,1,1,7,1,6,,,,2,2,2,2,,,,,,,,,,1,,1,1,2,
HH000471,HH000471-M02,02,Aquino,Joy,,Soriano,02,2,46,2,2,,,1,1,1,2,1,1,7,2,2,,,,2,2,2,2,,,,,,,,,,2,99,,,2,
HH000472,HH000472-M01,01,Ramos,Juan,,Torres,01,1,29,2,2,,,1,1,1,1,3,1,7,1,1,,,,1,2,2,2,,,,,,,,,,2,04,2,1,2,
HH000472,HH000472-M02,02,Ramos,Andrea,,Flores,02,2,30,2,2,,,1,1,1,1,1,1,7,1,3,,,,2,2,2,2,,,,,,,,,,1,,2,1,1,2
HH000472,HH000472-M03,03,Ramos,Patricia,,Bautista,04,2,4,1,,,,,,,,,,,,,2,,14,,,,,,,,,,,,,,,,,,,
HH000472,HH000472-M04,04,Ramos,Jerome,,Fernandez,03,1,1,1,,,,,,,,,,,,,,,,,,,,,,,,,,,,,,,,,,
HH000472,HH000472-M05,05,Ramos,Marco,,Ramos,03,1,0,1,,,,,,,,,,,,,,,,,,,,,,,,,,,,,,,,,,
HH000473,HH000473-M01,01,Santos,Patricia,,Reyes,01,2,44,2,2,,,1,1,1,1,1,1,1,1,3,,,,2,2,,,,,,,,,,,,,,,,,
HH000473,HH000473-M02,02,Santos,Juan,,Mendoza,02,1,48,2,2,,,1,1,1,1,1,2,7,1,3,,,,2,2,1,,1,9,5,44,2,2,1,4,,,,,,2,
HH000473,HH000473-M03,03,Santos,Kristine,,Aquino,04,2,9,1,,,,1,1,1,1,1,1,,1,1,1,00010014,,,,2,2,,,,,,,,,,,,,,,
HH000473,HH000473-M04,04,Santos,Patricia,,Aguilar,04,2,8,1,,,,1,1,1,1,1,1,,1,1,1,00010013,,,,2,2,,,,,,,,,,,,,,,
HH000473,HH000473-M05,05,Santos,Angelo,Jr.,Aguilar,03,1,4,1,,,,,,,,,,,,,1,00001000,,,,,,,,,,,,,,,,,,,,
HH000474,HH000474-M01,01,Navarro,Kristine,,Ramos,01,2,35,6,1,2,,1,1,1,1,1,1,7,1,7,,,,1,2,1,,3,8,5,40,2,2,5,2,,,,,,2,
HH000474,HH000474-M02,02,Navarro,Juan,,Aquino,03,1,13,1,2,,,1,1,1,1,1,1,,1,2,1,00024012,,,,2,2,,,,,,,,,,,,,,,
HH000474,HH000474-M03,03,Navarro,Camille,,Santos,04,2,2,1,,,,,,,,,,,,,,,,,,,,,,,,,,,,,,,,,,
HH000475,HH000475-M01,01,Ramos,Catherine,,Cruz,01,2,31,2,2,,,1,1,1,1,1,1,7,1,3,,,,2,2,1,,2,6,5,31,2,2,2,7,20,,,,,2,
HH000475,HH000475-M02,02,Ramos,Jose,,Soriano,02,1,32,2,2,,,1,1,1,1,1,1,7,1,6,,,,2,2,1,,1,9,6,54,2,2,2,2,11,,,,,2,
HH000475,HH000475-M03,03,Ramos,Karen,,Navarro,04,2,14,1,2,,,1,1,1,1,1,1,,1,2,2,,14,,,1,,2,3,1,3,,,1,4,,,,,,,
HH000475,HH000475-M04,04,Ramos,Vincent,,Domingo,03,1,13,1,2,,,1,1,1,1,1,1,,1,2,1,00024013,,,,2,2,,,,,,,,,,,,,,,
HH000475,HH000475-M05,05,Ramos,Paolo,Jr.,Fernandez,03,1,12,1,2,,,1,1,1,1,1,1,,1,1,1,00024011,,,,2,2,,,,,,,,,,,,,,,
HH000475,HH000475-M06,06,Ramos,Ana,,Reyes,12,2,63,2,2,,1,1,1,2,1,1,4,7,1,1,,,,2,2,1,,1,12,5,60,2,2,2,4,13,,,,,2,
HH000475,HH000475-M07,07,Ramos,Mae,,Ramos,16,2,22,6,2,,,1,1,1,2,1,1,7,1,3,2,,06,2,2,1,,3,8,5,40,1,1,2,3,,,,,,2,
HH000476,HH000476-M01,01,Salazar,Maria,,Domingo,01,2,57,6,1,2,,1,1,1,1,1,1,7,1,1,,,,2,2,1,,1,7,5,36,2,2,1,3,24,,,,,2,
HH000476,HH000476-M02,02,Salazar,Carlo,,Navarro,03,1,13,1,2,,,1,1,1,1,1,1,,1,2,1,00024012,,,,2,2,,,,,,,,,,,,,,,
HH000477,HH000477-M01,01,Bernal,Kristine,,Rivera,01,2,27,2,2,,,1,1,1,1,1,1,7,1,3,,,,2,2,1,,2,8,3,24,2,2,3,,22,,,,,1,1
HH000477,HH000477-M02,02,Bernal,John,,Flores,02,1,31,2,2,,,1,1,1,1,1,1,7,1,3,,,,2,2,1,,1,8,5,41,1,1,3,,,,,,,2,
HH000477,HH000477-M03,03,Bernal,Jose,Jr.,Lopez,03,1,7,1,,,,1,1,1,1,1,1,,1,1,1,00010012,,,,2,2,,,,,,,,,,,,,,,
HH000477,HH000477-M04,04,Bernal,Rommel,,Mendoza,03,1,0,1,,,,,,,,,,,,,,,,,,,,,,,,,,,,,,,,,,
HH000477,HH000477-M05,05,Bernal,Christian,,Aquino,03,1,0,1,,,,,,,,,,,,,,,,,,,,,,,,,,,,,,,,,,
HH000478,HH000478-M01,01,Reyes,Carlo,III,Torres,01,1,51,2,2,,,1,1,1,1,1,1,7,1,3,,,,2,2,1,,1,8,6,49,2,2,1,4,14,,,,,2,
HH000478,HH000478-M02,02,Reyes,Grace,,Reyes,02,2,45,2,2,,,1,1,1,1,1,1,7,1,6,,,,2,2,2,2,,,,,,,,,,1,,1,1,2,
HH000478,HH000478-M03,03,Reyes,Jasmine,,Aguilar,04,2,13,1,2,,,1,1,1,1,1,1,,1,2,1,00024012,,,,2,2,,,,,,,,,,,,,,,
HH000478,HH000478-M04,04,Reyes,Rommel,Jr.,Domingo,03,1,9,1,,,,2,1,1,1,1,1,,1,1,1,00010014,,,,2,2,,,,,,,,,,,,,,,
HH000478,HH000478-M05,05,Reyes,Mae,,Lopez,04,2,6,1,,,,1,1,1,1,1,1,,1,0,1,00010011,,,,2,2,,,,,,,,,,,,,,,
HH000478,HH000478-M06,06,Reyes,Paolo,Jr.,Lopez,03,1,6,1,,,,1,1,1,1,1,1,,2,0,1,00010011,,,,2,2,,,,,,,,,,,,,,,
HH000478,HH000478-M07,07,Reyes,Carlo,,Garcia,15,1,54,2,2,,,1,1,1,1,1,1,7,1,5,,,,2,2,2,3,,,,,,,,,,2,10,,,2,
HH000478,HH000478-M08,08,Reyes,Marco,,Santos,11,1,95,2,2,,1,1,1,1,1,1,1,1,2,6,,,,2,1,,,,,,,,,,,,,,,,,
HH000478,HH000478-M09,09,Reyes,Juan,,Valdez,23,1,58,6,2,,,1,1,1,1,1,1,7,1,6,,,,2,2,2,1,1,4,0,0,2,2,3,,28,,,,,1,1
HH000479,HH000479-M01,01,Bernal,Rafael,,Navarro,01,1,38,2,2,,,1,1,1,1,1,1,7,1,7,,,,2,2,1,,3,12,5,60,2,2,1,6,13,,,,,2,
HH000479,HH000479-M02,02,Bernal,Kristine,,Garcia,02,2,43,2,2,,,1,1,1,1,1,1,7,1,6,,,,2,2,1,,3,8,5,41,2,2,1,3,,,,,,2,
HH000479,HH000479-M03,03,Bernal,Ana,,Bautista,04,2,1,1,,,,,,,,,,,,,,,,,,,,,,,,,,,,,,,,,,
HH000480,HH000480-M01,01,Manalo,Michelle,,Bautista,01,2,34,2,2,,,1,1,1,1,3,1,7,1,3,,,,2,1,2,1,1,8,0,0,2,2,0,3,31,,,,,1,1
HH000480,HH000480-M02,02,Manalo,Joshua,,Santos,02,1,32,2,2,,,1,1,1,1,1,1,7,1,3,,,,1,2,1,,2,8,7,56,2,2,3,,12,,,,,2,
HH000480,HH000480-M03,03,Manalo,Angela,,Ramos,04,2,10,1,2,,,1,1,1,1,1,1,,1,1,1,00010014,,,,2,2,,,,,,,,,,,,,,,
HH000481,HH000481-M01,01,Dela Cruz,Vincent,III,Valdez,01,1,47,2,2,,,1,1,1,1,1,1,7,1,6,,,,2,2,1,,1,8,5,41,1,1,2,4,,,,,,2,
HH000482,HH000482-M01,01,Flores,Mae,,Castillo,01,2,28,2,2,,,1,1,1,1,1,1,7,1,6,,,,2,2,1,,1,8,3,22,2,2,3,,22,,,,,2,
HH000482,HH000482-M02,02,Flores,Rommel,,Rivera,02,1,23,2,2,,,1,1,1,1,1,1,7,1,6,2,,05,1,2,1,,2,8,5,38,1,2,4,,27,,,,,2,
HH000482,HH000482-M03,03,Flores,Angela,,Rivera,04,2,11,1,2,,,1,1,1,1,1,1,,1,1,1,00010016,,,,2,2,,,,,,,,,,,,,,,
HH000482,HH000482-M04,04,Flores,Daniel,,Reyes,03,1,6,1,,,,1,1,1,1,1,1,,1,0,1,00010011,,,,2,2,,,,,,,,,,,,,,,
HH000482,HH000482-M05,05,Flores,Miguel,,Mendoza,03,1,6,1,,,,1,1,1,1,1,1,,1,1,1,00010011,,,,2,2,,,,,,,,,,,,,,,
HH000482,HH000482-M06,06,Flores,Nicole,,Fernandez,04,2,2,1,,,,,,,,,,,,,,,,,,,,,,,,,,,,,,,,,,
HH000482,HH000482-M07,07,Flores,Jasmine,,Navarro,12,2,61,4,2,,2,1,1,3,1,1,1,7,1,6,,,,2,2,1,,2,8,5,42,2,2,1,1,,,,,,2,
HH000482,HH000482-M08,08,Flores,Joan,,Flores,12,2,65,2,2,,1,1,1,1,1,1,1,7,2,3,,,,2,2,2,1,1,8,0,0,1,1,4,,24,,,,,2,
HH000483,HH000483-M01,01,Valdez,Hanson,III,Cruz,01,1,44,1,1,2,,1,1,1,1,1,1,7,1,3,,,,2,2,1,,1,10,5,52,2,2,4,,12,,,,,2,
HH000483,HH000483-M02,02,Valdez,Joshua,,Diaz,03,1,24,2,2,,,1,1,1,1,1,1,7,1,6,1,00034012,,2,2,2,2,,,,,,,,,,1,,1,1,2,
HH000483,HH000483-M03,03,Valdez,Mae,,Reyes,04,2,10,1,2,,,1,1,1,1,1,1,,1,1,1,00010015,,,,2,2,,,,,,,,,,,,,,,
HH000483,HH000483-M04,04,Valdez,Christian,,Mendoza,03,1,2,1,,,,,,,,,,,,,,,,,,,,,,,,,,,,,,,,,,
HH000484,HH000484-M01,01,Manalo,Daniel,Jr.,Santos,01,1,48,2,2,,,1,1,1,1,1,1,7,1,3,,,,2,2,1,,1,8,6,47,2,2,1,7,,,,,,2,
HH000484,HH000484-M02,02,Manalo,Camille,,Aguilar,02,2,45,2,2,,,1,1,1,1,1,1,7,1,2,,,,2,2,2,2,,,,,,,,,,2,03,1,1,1,2
HH000484,HH000484-M03,03,Manalo,Miguel,,Cruz,03,1,24,1,2,,,3,1,1,1,1,1,7,1,3,1,00034012,,2,2,2,1,3,12,0,0,2,2,1,4,11,,,,,1,2
HH000484,HH000484-M04,04,Manalo,Juan,,Reyes,03,1,21,1,2,,,1,1,1,1,1,1,7,1,6,2,,08,2,2,2,1,2,6,0,0,1,2,1,0,30,,,,,2,
HH000485,HH000485-M01,01,Torres,Christian,,Rivera,01,1,42,2,2,,,1,1,1,1,1,2,7,2,1,,,,2,2,1,,2,7,5,35,1,1,2,3,24,,,,,2,
HH000485,HH000485-M02,02,Torres,Ana,,Soriano,02,2,37,2,2,,,2,1,1,1,1,1,1,1,4,,,,2,1,,,,,,,,,,,,,,,,,
HH000485,HH000485-M03,03,Torres,Nathan,,Flores,03,1,23,1,2,,,1,1,1,1,1,1,7,1,6,2,,07,1,2,1,,1,8,5,41,1,1,1,4,,,,,,2,
HH000485,HH000485-M04,04,Torres,Rose,,Santos,04,2,5,1,,,,1,1,1,1,1,1,,2,0,1,00002000,,,,2,2,,,,,,,,,,,,,,,
HH000486,HH000486-M01,01,Fernandez,Rafael,,Cruz,01,1,56,2,2,,,2,1,1,1,1,1,7,1,6,,,,2,2,1,,1,8,6,50,2,2,2,4,11,,,,,2,
HH000486,HH000486-M02,02,Fernandez,Nicole,,Flores,02,2,53,2,2,,,1,3,1,1,1,1,7,1,5,,,,2,2,1,,3,12,5,62,1,1,1,7,12,,,,,1,1
HH000486,HH000486-M03,03,Fernandez,Rommel,Jr.,Navarro,03,1,18,1,2,,,1,1,1,1,1,1,7,1,2,1,00034012,,2,2,2,2,,,,,,,,,,2,09,,,2,
HH000487,HH000487-M01,01,Corpuz,Noel,,Garcia,01,1,34,2,2,,,1,1,1,1,1,1,7,1,3,,,,2,2,1,,3,12,5,60,2,2,2,3,99,,,,,2,
HH000487,HH000487-M02,02,Corpuz,Nicole,,Bautista,02,2,37,2,2,,,1,1,1,2,1,1,7,1,3,,,,2,2,1,,1,8,5,41,2,2,2,7,,,,,,2,
HH000487,HH000487-M03,03,Corpuz,Bea,,Ramos,04,2,14,1,2,,,1,1,1,2,1,1,,1,2,1,00024013,,,,2,2,,,,,,,,,,,,,,,
HH000487,HH000487-M04,04,Corpuz,Paolo,,Mendoza,03,1,6,1,,,,1,1,3,1,1,1,,1,1,1,00010011,,,,2,2,,,,,,,,,,,,,,,
HH000487,HH000487-M05,05,Corpuz,Carlo,,Diaz,03,1,6,1,,,,1,1,1,1,2,1,,2,0,1,00010011,,,,2,2,,,,,,,,,,,,,,,
HH000487,HH000487-M06,06,Corpuz,Liza,,Garcia,04,2,1,1,,,,,,,,,,,,,,,,,,,,,,,,,,,,,,,,,,
HH000488,HH000488-M01,01,Ramos,Grace,,Aquino,01,2,68,2,2,,1,2,1,1,1,1,1,7,1,1,,,,2,2,2,3,,,,,,,,,,2,07,,,2,
HH000488,HH000488-M02,02,Ramos,Nathan,,Mendoza,02,1,63,2,2,,2,1,1,1,3,1,1,7,1,3,,,,2,2,1,,2,10,5,50,2,2,3,,14,,,,,2,
HH000489,HH000489-M01,01,Reyes,Juan,,Torres,01,1,44,2,2,,,1,1,1,1,1,1,7,1,5,,,,2,2,1,,2,8,4,32,1,1,5,3,22,,,,,2,
HH000489,HH000489-M02,02,Reyes,Jasmine,,Lopez,02,2,44,2,2,,,1,1,1,1,1,1,7,1,3,,,,2,2,1,,2,9,5,45,2,2,1,3,,,,,,2,
HH000489,HH000489-M03,03,Reyes,Daniel,,Rivera,03,1,12,1,2,,,1,1,1,1,1,1,,1,1,1,00024012,,,,2,2,,,,,,,,,,,,,,,
HH000490,HH000490-M01,01,Mendoza,Ana,,Valdez,01,2,53,2,2,,,1,1,1,1,1,1,7,1,5,,,,2,2,2,2,,,,,,,,,,2,04,1,1,1,1
HH000490,HH000490-M02,02,Mendoza,Juan,,Bautista,02,1,52,2,2,,,1,1,1,1,1,1,7,1,2,,,,2,2,2,3,,,,,,,,,,2,05,2,2,2,
HH000490,HH000490-M03,03,Mendoza,Maria,,Cruz,04,2,11,1,2,,,1,1,1,1,1,1,,1,1,1,00024011,,,,2,2,,,,,,,,,,,,,,,
HH000490,HH000490-M04,04,Mendoza,Paolo,Jr.,Mendoza,03,1,5,1,,,,1,1,1,1,1,1,,1,0,1,00002000,,,,2,2,,,,,,,,,,,,,,,
HH000490,HH000490-M05,05,Mendoza,John,,Garcia,03,1,5,1,,,,1,1,1,1,1,1,,2,0,1,00010011,,,,2,2,,,,,,,,,,,,,,,
HH000490,HH000490-M06,06,Mendoza,Joy,,Domingo,04,2,1,1,,,,,,,,,,,,,,,,,,,,,,,,,,,,,,,,,,
HH000491,HH000491-M01,01,Flores,Paolo,,Lopez,01,1,46,2,2,,,2,1,1,1,1,1,7,1,1,,,,2,2,1,,2,5,4,20,1,1,1,3,23,,,,,2,
HH000491,HH000491-M02,02,Flores,Michelle,,Navarro,02,2,42,2,2,,,1,1,1,1,1,1,7,1,2,,,,2,2,1,,1,12,5,60,2,2,3,,12,,,,,2,
HH000491,HH000491-M03,03,Flores,Joy,,Soriano,04,2,17,1,2,,,1,1,1,1,1,1,7,1,3,1,00034011,,2,2,2,2,,,,,,,,,,2,10,,,2,
HH000491,HH000491-M04,04,Flores,Ana,,Santos,04,2,17,1,2,,,1,1,1,1,1,1,7,1,3,2,,99,2,2,2,2,,,,,,,,,,1,,1,1,2,
HH000491,HH000491-M05,05,Flores,Christian,,Domingo,03,1,3,1,,,,,,,,,,,,,2,,12,,,,,,,,,,,,,,,,,,,
HH000491,HH000491-M06,06,Flores,Kristine,,Ramos,12,2,84,2,2,,1,1,1,1,1,1,1,7,1,1,,,,2,2,2,2,,,,,,,,,,1,,1,1,1,2
HH000492,HH000492-M01,01,Bautista,Mark,Jr.,Rivera,01,1,62,2,2,,8,1,2,1,1,2,2,7,1,2,,,,1,2,1,,2,8,5,40,2,2,1,4,,,,,,2,
HH000492,HH000492-M02,02,Bautista,Bea,,Rivera,02,2,66,2,2,,2,1,1,1,1,1,1,4,1,3,,,,2,2,2,2,,,,,,,,,,2,07,,,2,
HH000493,HH000493-M01,01,Reyes,Patricia,,Torres,01,2,35,6,1,1,,1,1,1,1,1,1,7,1,7,,,,1,2,1,,3,7,4,29,2,2,5,4,24,,,,,2,
HH000493,HH000493-M02,02,Reyes,Leah,,Fernandez,04,2,12,1,2,,,1,1,1,1,1,1,,1,1,1,00024011,,,,2,2,,,,,,,,,,,,,,,
HH000493,HH000493-M03,03,Reyes,Mark,Jr.,Reyes,03,1,9,1,,,,1,1,1,1,1,1,,1,1,1,00010014,,,,2,2,,,,,,,,,,,,,,,
HH000493,HH000493-M04,04,Reyes,Paolo,,Valdez,03,1,6,1,,,,1,1,1,1,1,1,,1,1,1,00010012,,,,2,2,,,,,,,,,,,,,,,
HH000494,HH000494-M01,01,Fernandez,Paolo,III,Lopez,01,1,36,2,2,,,1,1,1,1,1,1,7,1,3,,,,2,2,2,2,,,,,,,,,,2,05,1,1,2,
HH000494,HH000494-M02,02,Fernandez,Andrea,,Cruz,02,2,35,2,2,,,1,1,1,1,1,1,7,1,3,,,,2,2,2,2,,,,,,,,,,2,10,,,2,
HH000494,HH000494-M03,03,Fernandez,Angelo,,Rivera,03,1,19,3,2,,,1,1,1,1,1,1,7,1,6,1,00034012,,2,2,2,2,,,,,,,,,,1,,2,2,2,
HH000494,HH000494-M04,04,Fernandez,Miguel,,Aguilar,03,1,16,1,2,,,2,2,1,1,1,1,7,1,2,1,00034011,,2,2,2,2,,,,,,,,,,1,,1,1,2,
HH000494,HH000494-M05,05,Fernandez,Bea,,Aguilar,04,2,11,1,2,,,1,2,1,1,1,1,,1,1,1,00010015,,,,2,2,,,,,,,,,,,,,,,
HH000494,HH000494-M06,06,Fernandez,Jose,Jr.,Aquino,03,1,2,1,,,,,,,,,,,,,,,,,,,,,,,,,,,,,,,,,,
HH000495,HH000495-M01,01,Torres,Ella,,Garcia,01,2,54,2,2,,,1,1,1,1,1,3,7,1,6,,,,2,1,1,,1,10,5,48,1,2,3,,,,,,,1,1
HH000495,HH000495-M02,02,Torres,Jerome,,Santos,02,1,56,2,2,,,1,1,1,1,3,1,7,1,6,,,,1,2,1,,1,8,5,41,2,2,3,,,,,,,2,
HH000495,HH000495-M03,03,Torres,Juan,Jr.,Cruz,03,1,23,2,2,,,2,1,1,1,1,1,7,1,3,2,,07,1,2,1,,1,8,4,34,1,2,1,4,31,,,,,1,1
HH000495,HH000495-M04,04,Torres,Lance,,Aguilar,03,1,18,1,2,,,1,1,1,1,2,1,7,1,3,1,00034012,,2,1,2,2,,,,,,,,,,2,09,,,2,
HH000495,HH000495-M05,05,Torres,Bea,,Rivera,04,2,2,1,,,,,,,,,,,,,,,,,,,,,,,,,,,,,,,,,,
HH000495,HH000495-M06,06,Torres,Joy,,Lopez,16,2,59,1,2,,,1,1,1,1,1,1,7,1,6,,,,2,2,2,2,,,,,,,,,,2,08,,,1,1
HH000496,HH000496-M01,01,Cabrera,Bea,,Garcia,01,2,39,2,2,,,1,1,1,1,1,3,7,1,2,,,,1,2,2,1,2,10,0,0,2,2,3,,13,,,,,2,
HH000496,HH000496-M02,02,Cabrera,Joshua,,Reyes,02,1,41,2,2,,,1,1,1,1,1,1,7,1,2,,,,2,2,2,2,,,,,,,,,,2,10,,,2,
HH000496,HH000496-M03,03,Cabrera,Carlo,,Bautista,03,1,6,1,,,,1,1,1,1,1,1,,2,0,1,00010011,,,,2,2,,,,,,,,,,,,,,,
HH000496,HH000496-M04,04,Cabrera,Lance,,Santos,03,1,2,1,,,,,,,,,,,,,,,,,,,,,,,,,,,,,,,,,,
HH000497,HH000497-M01,01,Manalo,Leah,,Garcia,01,2,44,2,2,,,1,1,1,1,1,1,7,1,3,,,,2,2,1,,1,9,5,46,2,2,3,,,,,,,2,
HH000497,HH000497-M02,02,Manalo,Mark,,Aquino,02,1,48,2,2,,,1,1,1,2,1,1,7,1,3,,,,1,2,1,,2,4,6,22,2,2,2,3,28,,,,,1,1
HH000498,HH000498-M01,01,Santos,Camille,,Navarro,01,2,30,6,1,2,,1,1,1,1,1,1,7,1,6,,,,2,2,1,,3,10,4,40,1,1,1,4,,,,,,2,
HH000498,HH000498-M02,02,Santos,Catherine,,Fernandez,04,2,6,1,,,,1,1,1,1,1,1,,1,0,2,,06,,,2,2,,,,,,,,,,,,,,,
HH000499,HH000499-M01,01,Soriano,Daniel,III,Castillo,01,1,25,2,2,,,1,1,2,1,1,1,7,1,3,,,,2,2,1,,3,6,5,28,2,2,1,3,29,,,,,2,
HH000499,HH000499-M02,02,Soriano,Michelle,,Flores,02,2,20,2,2,,,1,1,1,1,1,1,5,1,4,1,00034012,,2,2,1,,2,8,2,18,1,2,1,4,28,,,,,2,
HH000499,HH000499-M03,03,Soriano,Jasmine,,Bautista,04,2,6,1,,,,1,1,1,1,1,1,,1,0,1,00010011,,,,2,2,,,,,,,,,,,,,,,
HH000499,HH000499-M04,04,Soriano,Michelle,,Domingo,04,2,4,1,,,,,,,,,,,,,2,,12,,,,,,,,,,,,,,,,,,,
HH000499,HH000499-M05,05,Soriano,Nicole,,Cruz,16,2,18,1,2,,,1,1,1,1,1,1,7,1,3,1,00034012,,2,2,2,2,,,,,,,,,,2,09,,,2,
HH000500,HH000500-M01,01,Padilla,Joshua,III,Valdez,01,1,39,2,2,,,1,1,1,1,1,1,7,1,6,,,,2,2,2,2,,,,,,,,,,2,01,2,1,2,
HH000500,HH000500-M02,02,Padilla,Liza,,Ramos,02,2,36,2,2,,,1,2,1,1,1,1,7,1,6,,,,2,2,2,2,,,,,,,,,,2,10,,,2,
