variable_name,display_name,source_section,cbms_item,practical_type,code,label,source_document,source_page,mapping_basis,observed_in_current_raw,review_status,notes
A02_RELATION_TO_HH_HEAD,Relationship to the household head,A,A02,coded_category,01,Head,2022 CBMS Household Profile Questionnaire,2,official_questionnaire,Yes,verified,
A02_RELATION_TO_HH_HEAD,Relationship to the household head,A,A02,coded_category,02,Spouse,2022 CBMS Household Profile Questionnaire,2,official_questionnaire,Yes,verified,
A02_RELATION_TO_HH_HEAD,Relationship to the household head,A,A02,coded_category,03,Son,2022 CBMS Household Profile Questionnaire,2,official_questionnaire,Yes,verified,
A02_RELATION_TO_HH_HEAD,Relationship to the household head,A,A02,coded_category,04,Daughter,2022 CBMS Household Profile Questionnaire,2,official_questionnaire,Yes,verified,
A02_RELATION_TO_HH_HEAD,Relationship to the household head,A,A02,coded_category,05,Stepson,2022 CBMS Household Profile Questionnaire,2,official_questionnaire,No,verified,
A02_RELATION_TO_HH_HEAD,Relationship to the household head,A,A02,coded_category,06,Stepdaughter,2022 CBMS Household Profile Questionnaire,2,official_questionnaire,No,verified,
A02_RELATION_TO_HH_HEAD,Relationship to the household head,A,A02,coded_category,07,Son-in-Law,2022 CBMS Household Profile Questionnaire,2,official_questionnaire,No,verified,
A02_RELATION_TO_HH_HEAD,Relationship to the household head,A,A02,coded_category,08,Daughter-in-Law,2022 CBMS Household Profile Questionnaire,2,official_questionnaire,No,verified,
A02_RELATION_TO_HH_HEAD,Relationship to the household head,A,A02,coded_category,09,Grandson,2022 CBMS Household Profile Questionnaire,2,official_questionnaire,No,verified,
A02_RELATION_TO_HH_HEAD,Relationship to the household head,A,A02,coded_category,10,Granddaughter,2022 CBMS Household Profile Questionnaire,2,official_questionnaire,No,verified,
A02_RELATION_TO_HH_HEAD,Relationship to the household head,A,A02,coded_category,11,Father,2022 CBMS Household Profile Questionnaire,2,official_questionnaire,Yes,verified,
A02_RELATION_TO_HH_HEAD,Relationship to the household head,A,A02,coded_category,12,Mother,2022 CBMS Household Profile Questionnaire,2,official_questionnaire,Yes,verified,
A02_RELATION_TO_HH_HEAD,Relationship to the household head,A,A02,coded_category,13,Father-in-Law,2022 CBMS Household Profile Questionnaire,2,official_questionnaire,No,verified,
A02_RELATION_TO_HH_HEAD,Relationship to the household head,A,A02,coded_category,14,Mother-in-Law,2022 CBMS Household Profile Questionnaire,2,official_questionnaire,No,verified,
A02_RELATION_TO_HH_HEAD,Relationship to the household head,A,A02,coded_category,15,Brother,2022 CBMS Household Profile Questionnaire,2,official_questionnaire,Yes,verified,
A02_RELATION_TO_HH_HEAD,Relationship to the household head,A,A02,coded_category,16,Sister,2022 CBMS Household Profile Questionnaire,2,official_questionnaire,Yes,verified,
A02_RELATION_TO_HH_HEAD,Relationship to the household head,A,A02,coded_category,17,Brother-in-Law,2022 CBMS Household Profile Questionnaire,2,official_questionnaire,No,verified,
A02_RELATION_TO_HH_HEAD,Relationship to the household head,A,A02,coded_category,18,Sister-in-Law,2022 CBMS Household Profile Questionnaire,2,official_questionnaire,No,verified,
A02_RELATION_TO_HH_HEAD,Relationship to the household head,A,A02,coded_category,19,Uncle,2022 CBMS Household Profile Questionnaire,2,official_questionnaire,No,verified,
A02_RELATION_TO_HH_HEAD,Relationship to the household head,A,A02,coded_category,20,Aunt,2022 CBMS Household Profile Questionnaire,2,official_questionnaire,No,verified,
A02_RELATION_TO_HH_HEAD,Relationship to the household head,A,A02,coded_category,21,Nephew,2022 CBMS Household Profile Questionnaire,2,official_questionnaire,No,verified,
A02_RELATION_TO_HH_HEAD,Relationship to the household head,A,A02,coded_category,22,Niece,2022 CBMS Household Profile Questionnaire,2,official_questionnaire,No,verified,
A02_RELATION_TO_HH_HEAD,Relationship to the household head,A,A02,coded_category,23,Other Relative,2022 CBMS Household Profile Questionnaire,2,official_questionnaire,Yes,verified,
A02_RELATION_TO_HH_HEAD,Relationship to the household head,A,A02,coded_category,24,Boarder,2022 CBMS Household Profile Questionnaire,2,official_questionnaire,No,verified,
A02_RELATION_TO_HH_HEAD,Relationship to the household head,A,A02,coded_category,25,Domestic Helper,2022 CBMS Household Profile Questionnaire,2,official_questionnaire,No,verified,
A02_RELATION_TO_HH_HEAD,Relationship to the household head,A,A02,coded_category,26,Nonrelative,2022 CBMS Household Profile Questionnaire,2,official_questionnaire,No,verified,
A05_SEX,Sex,A,A05,coded_category,1,Male,2022 CBMS Household Profile Questionnaire,2,official_questionnaire,Yes,verified,
A05_SEX,Sex,A,A05,coded_category,2,Female,2022 CBMS Household Profile Questionnaire,2,official_questionnaire,Yes,verified,
A09_MARITAL_STATUS,Marital status,A,A09,coded_category,1,Single,2022 CBMS Household Profile Questionnaire,3,official_questionnaire,Yes,verified,
A09_MARITAL_STATUS,Marital status,A,A09,coded_category,2,Married,2022 CBMS Household Profile Questionnaire,3,official_questionnaire,Yes,verified,
A09_MARITAL_STATUS,Marital status,A,A09,coded_category,3,Common Law/Live-In,2022 CBMS Household Profile Questionnaire,3,official_questionnaire,Yes,verified,
A09_MARITAL_STATUS,Marital status,A,A09,coded_category,4,Widowed,2022 CBMS Household Profile Questionnaire,3,official_questionnaire,Yes,verified,
A09_MARITAL_STATUS,Marital status,A,A09,coded_category,5,Divorced,2022 CBMS Household Profile Questionnaire,3,official_questionnaire,Yes,verified,
A09_MARITAL_STATUS,Marital status,A,A09,coded_category,6,Separated,2022 CBMS Household Profile Questionnaire,3,official_questionnaire,Yes,verified,
A09_MARITAL_STATUS,Marital status,A,A09,coded_category,7,Annulled,2022 CBMS Household Profile Questionnaire,3,official_questionnaire,No,verified,
A09_MARITAL_STATUS,Marital status,A,A09,coded_category,8,Unknown,2022 CBMS Household Profile Questionnaire,3,official_questionnaire,No,verified,
A17_SOLO_PARENT,Solo Parent,A,A17,yes_no_code,1,Yes,2022 CBMS Household Profile Questionnaire,4,official_questionnaire,Yes,verified,
A17_SOLO_PARENT,Solo Parent,A,A17,yes_no_code,2,No,2022 CBMS Household Profile Questionnaire,4,official_questionnaire,Yes,verified,
A18_SOLO_PARENT_ID,Solo Parent ID,A,A18,yes_no_code,1,Yes,2022 CBMS Household Profile Questionnaire,4,official_questionnaire,Yes,verified,
A18_SOLO_PARENT_ID,Solo Parent ID,A,A18,yes_no_code,2,No,2022 CBMS Household Profile Questionnaire,4,official_questionnaire,Yes,verified,
A18_SOLO_PARENT_ID,Solo Parent ID,A,A18,yes_no_code,8,Don't Know,2022 CBMS Household Profile Questionnaire,4,official_questionnaire,Yes,verified,
A19_SENIOR_CITIZEN_ID,Senior Citizen ID,A,A19,yes_no_code,1,Yes,2022 CBMS Household Profile Questionnaire,4,official_questionnaire,Yes,verified,
A19_SENIOR_CITIZEN_ID,Senior Citizen ID,A,A19,yes_no_code,2,No,2022 CBMS Household Profile Questionnaire,4,official_questionnaire,Yes,verified,
A19_SENIOR_CITIZEN_ID,Senior Citizen ID,A,A19,yes_no_code,8,Don't Know,2022 CBMS Household Profile Questionnaire,4,official_questionnaire,Yes,verified,
A20_A_SEEING,"Seeing, even if wearing glasses",A,A20,coded_category,1,"No, No Difficulty",2022 CBMS Household Profile Questionnaire,4,official_questionnaire,Yes,verified,
A20_A_SEEING,"Seeing, even if wearing glasses",A,A20,coded_category,2,"Yes, Some Difficulty",2022 CBMS Household Profile Questionnaire,4,official_questionnaire,Yes,verified,
A20_A_SEEING,"Seeing, even if wearing glasses",A,A20,coded_category,3,"Yes, A Lot of Difficulty",2022 CBMS Household Profile Questionnaire,4,official_questionnaire,Yes,verified,
A20_A_SEEING,"Seeing, even if wearing glasses",A,A20,coded_category,4,Cannot Do It at All,2022 CBMS Household Profile Questionnaire,4,official_questionnaire,Yes,verified,
A20_B_HEARING,"Hearing, even if using hearing aid",A,A20,coded_category,1,"No, No Difficulty",2022 CBMS Household Profile Questionnaire,4,official_questionnaire,Yes,verified,
A20_B_HEARING,"Hearing, even if using hearing aid",A,A20,coded_category,2,"Yes, Some Difficulty",2022 CBMS Household Profile Questionnaire,4,official_questionnaire,Yes,verified,
A20_B_HEARING,"Hearing, even if using hearing aid",A,A20,coded_category,3,"Yes, A Lot of Difficulty",2022 CBMS Household Profile Questionnaire,4,official_questionnaire,Yes,verified,
A20_B_HEARING,"Hearing, even if using hearing aid",A,A20,coded_category,4,Cannot Do It at All,2022 CBMS Household Profile Questionnaire,4,official_questionnaire,Yes,verified,
A20_C_WALKING,"Walking or climbing steps, even if with cane or artificial leg",A,A20,coded_category,1,"No, No Difficulty",2022 CBMS Household Profile Questionnaire,4,official_questionnaire,Yes,verified,
A20_C_WALKING,"Walking or climbing steps, even if with cane or artificial leg",A,A20,coded_category,2,"Yes, Some Difficulty",2022 CBMS Household Profile Questionnaire,4,official_questionnaire,Yes,verified,
A20_C_WALKING,"Walking or climbing steps, even if with cane or artificial leg",A,A20,coded_category,3,"Yes, A Lot of Difficulty",2022 CBMS Household Profile Questionnaire,4,official_questionnaire,Yes,verified,
A20_C_WALKING,"Walking or climbing steps, even if with cane or artificial leg",A,A20,coded_category,4,Cannot Do It at All,2022 CBMS Household Profile Questionnaire,4,official_questionnaire,Yes,verified,
A20_D_REMEMBERING,Remembering or concentrating,A,A20,coded_category,1,"No, No Difficulty",2022 CBMS Household Profile Questionnaire,4,official_questionnaire,Yes,verified,
A20_D_REMEMBERING,Remembering or concentrating,A,A20,coded_category,2,"Yes, Some Difficulty",2022 CBMS Household Profile Questionnaire,4,official_questionnaire,Yes,verified,
A20_D_REMEMBERING,Remembering or concentrating,A,A20,coded_category,3,"Yes, A Lot of Difficulty",2022 CBMS Household Profile Questionnaire,4,official_questionnaire,Yes,verified,
A20_D_REMEMBERING,Remembering or concentrating,A,A20,coded_category,4,Cannot Do It at All,2022 CBMS Household Profile Questionnaire,4,official_questionnaire,Yes,verified,
A20_E_SELF_CARING,Self-caring (such as wasking all over or dressing),A,A20,coded_category,1,"No, No Difficulty",2022 CBMS Household Profile Questionnaire,4,official_questionnaire,Yes,verified,
A20_E_SELF_CARING,Self-caring (such as wasking all over or dressing),A,A20,coded_category,2,"Yes, Some Difficulty",2022 CBMS Household Profile Questionnaire,4,official_questionnaire,Yes,verified,
A20_E_SELF_CARING,Self-caring (such as wasking all over or dressing),A,A20,coded_category,3,"Yes, A Lot of Difficulty",2022 CBMS Household Profile Questionnaire,4,official_questionnaire,Yes,verified,
A20_E_SELF_CARING,Self-caring (such as wasking all over or dressing),A,A20,coded_category,4,Cannot Do It at All,2022 CBMS Household Profile Questionnaire,4,official_questionnaire,Yes,verified,
A20_F_COMMUNICATING,Communicating using his/her casual (customary) language,A,A20,coded_category,1,"No, No Difficulty",2022 CBMS Household Profile Questionnaire,4,official_questionnaire,Yes,verified,
A20_F_COMMUNICATING,Communicating using his/her casual (customary) language,A,A20,coded_category,2,"Yes, Some Difficulty",2022 CBMS Household Profile Questionnaire,4,official_questionnaire,Yes,verified,
A20_F_COMMUNICATING,Communicating using his/her casual (customary) language,A,A20,coded_category,3,"Yes, A Lot of Difficulty",2022 CBMS Household Profile Questionnaire,4,official_questionnaire,Yes,verified,
A20_F_COMMUNICATING,Communicating using his/her casual (customary) language,A,A20,coded_category,4,Cannot Do It at All,2022 CBMS Household Profile Questionnaire,4,official_questionnaire,Yes,verified,
B06_OFI,Overseas Filipino Indicator,B,B06,coded_category,1,"Yes, Overseas Filipino Worker (OFW) With Contract",2022 CBMS Household Profile Questionnaire,5,official_questionnaire,Yes,verified,
B06_OFI,Overseas Filipino Indicator,B,B06,coded_category,2,"Yes, Other OFW With No Contract",2022 CBMS Household Profile Questionnaire,5,official_questionnaire,Yes,verified,
B06_OFI,Overseas Filipino Indicator,B,B06,coded_category,3,"Yes, Employee in Philippine Embassy, Consulates and Other Missions",2022 CBMS Household Profile Questionnaire,5,official_questionnaire,No,verified,
B06_OFI,Overseas Filipino Indicator,B,B06,coded_category,4,"Yes, Student Abroad",2022 CBMS Household Profile Questionnaire,5,official_questionnaire,Yes,verified,
B06_OFI,Overseas Filipino Indicator,B,B06,coded_category,5,"Yes, Tourist",2022 CBMS Household Profile Questionnaire,5,official_questionnaire,Yes,verified,
B06_OFI,Overseas Filipino Indicator,B,B06,coded_category,6,"Yes, Other Overseas Filipino Not Elsewhere Classified",2022 CBMS Household Profile Questionnaire,5,official_questionnaire,No,verified,
B06_OFI,Overseas Filipino Indicator,B,B06,coded_category,7,"No, Resident (Philippines)",2022 CBMS Household Profile Questionnaire,5,official_questionnaire,Yes,verified,
C01_SIMPLE_LITERACY,Basic Literacy,C,C01,yes_no_code,1,Yes,2022 CBMS Household Profile Questionnaire,6,official_questionnaire,Yes,verified,
C01_SIMPLE_LITERACY,Basic Literacy,C,C01,yes_no_code,2,No,2022 CBMS Household Profile Questionnaire,6,official_questionnaire,Yes,verified,
C02_HGC_LEVEL,Highest Grade/Year Completed (HGC) Level,C,C02,coded_category,0,Early Childhood Education,2022 CBMS Household Profile Questionnaire,6,official_questionnaire,Yes,verified,"This maps the 1-digit education LEVEL used by C02_HGC_LEVEL, not the separate detailed 8-digit grade/year code."
C02_HGC_LEVEL,Highest Grade/Year Completed (HGC) Level,C,C02,coded_category,1,Primary Education (Elementary),2022 CBMS Household Profile Questionnaire,6,official_questionnaire,Yes,verified,"This maps the 1-digit education LEVEL used by C02_HGC_LEVEL, not the separate detailed 8-digit grade/year code."
C02_HGC_LEVEL,Highest Grade/Year Completed (HGC) Level,C,C02,coded_category,2,Lower Secondary (Junior High School),2022 CBMS Household Profile Questionnaire,6,official_questionnaire,Yes,verified,"This maps the 1-digit education LEVEL used by C02_HGC_LEVEL, not the separate detailed 8-digit grade/year code."
C02_HGC_LEVEL,Highest Grade/Year Completed (HGC) Level,C,C02,coded_category,3,Upper Secondary (Senior High School),2022 CBMS Household Profile Questionnaire,6,official_questionnaire,Yes,verified,"This maps the 1-digit education LEVEL used by C02_HGC_LEVEL, not the separate detailed 8-digit grade/year code."
C02_HGC_LEVEL,Highest Grade/Year Completed (HGC) Level,C,C02,coded_category,4,Post-Secondary Non-Tertiary Education,2022 CBMS Household Profile Questionnaire,6,official_questionnaire,Yes,verified,"This maps the 1-digit education LEVEL used by C02_HGC_LEVEL, not the separate detailed 8-digit grade/year code."
C02_HGC_LEVEL,Highest Grade/Year Completed (HGC) Level,C,C02,coded_category,5,Short-Cycle Tertiary Education,2022 CBMS Household Profile Questionnaire,6,official_questionnaire,Yes,verified,"This maps the 1-digit education LEVEL used by C02_HGC_LEVEL, not the separate detailed 8-digit grade/year code."
C02_HGC_LEVEL,Highest Grade/Year Completed (HGC) Level,C,C02,coded_category,6,Bachelor Level Education or Equivalent,2022 CBMS Household Profile Questionnaire,6,official_questionnaire,Yes,verified,"This maps the 1-digit education LEVEL used by C02_HGC_LEVEL, not the separate detailed 8-digit grade/year code."
C02_HGC_LEVEL,Highest Grade/Year Completed (HGC) Level,C,C02,coded_category,7,Master Level Education or Equivalent,2022 CBMS Household Profile Questionnaire,6,official_questionnaire,Yes,verified,"This maps the 1-digit education LEVEL used by C02_HGC_LEVEL, not the separate detailed 8-digit grade/year code."
C02_HGC_LEVEL,Highest Grade/Year Completed (HGC) Level,C,C02,coded_category,8,Doctoral Level Education or Equivalent,2022 CBMS Household Profile Questionnaire,6,official_questionnaire,No,verified,"This maps the 1-digit education LEVEL used by C02_HGC_LEVEL, not the separate detailed 8-digit grade/year code."
C03_CURRENTLY_ATTENDING_SCHOOL,Current School Attendance,C,C03,yes_no_code,1,Yes,2022 CBMS Household Profile Questionnaire,6,official_questionnaire,Yes,verified,
C03_CURRENTLY_ATTENDING_SCHOOL,Current School Attendance,C,C03,yes_no_code,2,No,2022 CBMS Household Profile Questionnaire,6,official_questionnaire,Yes,verified,
C05_CURRENT_GRADE_LEVEL,Current Grade/Year Level,C,C05,coded_category,00000000,No Grade Completed,2022 CBMS Household Profile Questionnaire,6,official_questionnaire,No,verified,Preserve all codes as 8-character text so leading zeroes are not lost. The questionnaire says graduates in some higher levels require a specified program; no extra program-specific code is invented here.
C05_CURRENT_GRADE_LEVEL,Current Grade/Year Level,C,C05,coded_category,00001000,Nursery,2022 CBMS Household Profile Questionnaire,6,official_questionnaire,Yes,verified,Preserve all codes as 8-character text so leading zeroes are not lost. The questionnaire says graduates in some higher levels require a specified program; no extra program-specific code is invented here.
C05_CURRENT_GRADE_LEVEL,Current Grade/Year Level,C,C05,coded_category,00002000,Kindergarten,2022 CBMS Household Profile Questionnaire,6,official_questionnaire,Yes,verified,Preserve all codes as 8-character text so leading zeroes are not lost. The questionnaire says graduates in some higher levels require a specified program; no extra program-specific code is invented here.
C05_CURRENT_GRADE_LEVEL,Current Grade/Year Level,C,C05,coded_category,00010003,Alternative Learning System (ALS),2022 CBMS Household Profile Questionnaire,6,official_questionnaire,No,verified,Preserve all codes as 8-character text so leading zeroes are not lost. The questionnaire says graduates in some higher levels require a specified program; no extra program-specific code is invented here.
C05_CURRENT_GRADE_LEVEL,Current Grade/Year Level,C,C05,coded_category,00010004,Indigenous People Education (IPED),2022 CBMS Household Profile Questionnaire,6,official_questionnaire,No,verified,Preserve all codes as 8-character text so leading zeroes are not lost. The questionnaire says graduates in some higher levels require a specified program; no extra program-specific code is invented here.
C05_CURRENT_GRADE_LEVEL,Current Grade/Year Level,C,C05,coded_category,00010005,Madrasah,2022 CBMS Household Profile Questionnaire,6,official_questionnaire,No,verified,Preserve all codes as 8-character text so leading zeroes are not lost. The questionnaire says graduates in some higher levels require a specified program; no extra program-specific code is invented here.
C05_CURRENT_GRADE_LEVEL,Current Grade/Year Level,C,C05,coded_category,00010006,Special Education (SPED),2022 CBMS Household Profile Questionnaire,6,official_questionnaire,No,verified,Preserve all codes as 8-character text so leading zeroes are not lost. The questionnaire says graduates in some higher levels require a specified program; no extra program-specific code is invented here.
C05_CURRENT_GRADE_LEVEL,Current Grade/Year Level,C,C05,coded_category,00010011,Grade 1,2022 CBMS Household Profile Questionnaire,6,official_questionnaire,Yes,verified,Preserve all codes as 8-character text so leading zeroes are not lost. The questionnaire says graduates in some higher levels require a specified program; no extra program-specific code is invented here.
C05_CURRENT_GRADE_LEVEL,Current Grade/Year Level,C,C05,coded_category,00010012,Grade 2,2022 CBMS Household Profile Questionnaire,6,official_questionnaire,Yes,verified,Preserve all codes as 8-character text so leading zeroes are not lost. The questionnaire says graduates in some higher levels require a specified program; no extra program-specific code is invented here.
C05_CURRENT_GRADE_LEVEL,Current Grade/Year Level,C,C05,coded_category,00010013,Grade 3,2022 CBMS Household Profile Questionnaire,6,official_questionnaire,Yes,verified,Preserve all codes as 8-character text so leading zeroes are not lost. The questionnaire says graduates in some higher levels require a specified program; no extra program-specific code is invented here.
C05_CURRENT_GRADE_LEVEL,Current Grade/Year Level,C,C05,coded_category,00010014,Grade 4,2022 CBMS Household Profile Questionnaire,6,official_questionnaire,Yes,verified,Preserve all codes as 8-character text so leading zeroes are not lost. The questionnaire says graduates in some higher levels require a specified program; no extra program-specific code is invented here.
C05_CURRENT_GRADE_LEVEL,Current Grade/Year Level,C,C05,coded_category,00010015,Grade 5,2022 CBMS Household Profile Questionnaire,6,official_questionnaire,Yes,verified,Preserve all codes as 8-character text so leading zeroes are not lost. The questionnaire says graduates in some higher levels require a specified program; no extra program-specific code is invented here.
C05_CURRENT_GRADE_LEVEL,Current Grade/Year Level,C,C05,coded_category,00010016,Grade 6,2022 CBMS Household Profile Questionnaire,6,official_questionnaire,Yes,verified,Preserve all codes as 8-character text so leading zeroes are not lost. The questionnaire says graduates in some higher levels require a specified program; no extra program-specific code is invented here.
C05_CURRENT_GRADE_LEVEL,Current Grade/Year Level,C,C05,coded_category,00010017,Grade 7 (Old Curriculum),2022 CBMS Household Profile Questionnaire,6,official_questionnaire,No,verified,Preserve all codes as 8-character text so leading zeroes are not lost. The questionnaire says graduates in some higher levels require a specified program; no extra program-specific code is invented here.
C05_CURRENT_GRADE_LEVEL,Current Grade/Year Level,C,C05,coded_category,00010018,Graduate,2022 CBMS Household Profile Questionnaire,6,official_questionnaire,No,verified,Preserve all codes as 8-character text so leading zeroes are not lost. The questionnaire says graduates in some higher levels require a specified program; no extra program-specific code is invented here.
C05_CURRENT_GRADE_LEVEL,Current Grade/Year Level,C,C05,coded_category,00024003,Alternative Learning System (ALS),2022 CBMS Household Profile Questionnaire,6,official_questionnaire,No,verified,Preserve all codes as 8-character text so leading zeroes are not lost. The questionnaire says graduates in some higher levels require a specified program; no extra program-specific code is invented here.
C05_CURRENT_GRADE_LEVEL,Current Grade/Year Level,C,C05,coded_category,00024004,Indigenous People Education (IPED),2022 CBMS Household Profile Questionnaire,6,official_questionnaire,No,verified,Preserve all codes as 8-character text so leading zeroes are not lost. The questionnaire says graduates in some higher levels require a specified program; no extra program-specific code is invented here.
C05_CURRENT_GRADE_LEVEL,Current Grade/Year Level,C,C05,coded_category,00024005,Madrasah,2022 CBMS Household Profile Questionnaire,6,official_questionnaire,No,verified,Preserve all codes as 8-character text so leading zeroes are not lost. The questionnaire says graduates in some higher levels require a specified program; no extra program-specific code is invented here.
C05_CURRENT_GRADE_LEVEL,Current Grade/Year Level,C,C05,coded_category,00024006,Special Education (SPED),2022 CBMS Household Profile Questionnaire,6,official_questionnaire,No,verified,Preserve all codes as 8-character text so leading zeroes are not lost. The questionnaire says graduates in some higher levels require a specified program; no extra program-specific code is invented here.
C05_CURRENT_GRADE_LEVEL,Current Grade/Year Level,C,C05,coded_category,00024011,Grade 7 / 1st Year,2022 CBMS Household Profile Questionnaire,6,official_questionnaire,Yes,verified,Preserve all codes as 8-character text so leading zeroes are not lost. The questionnaire says graduates in some higher levels require a specified program; no extra program-specific code is invented here.
C05_CURRENT_GRADE_LEVEL,Current Grade/Year Level,C,C05,coded_category,00024012,Grade 8 / 2nd Year,2022 CBMS Household Profile Questionnaire,6,official_questionnaire,Yes,verified,Preserve all codes as 8-character text so leading zeroes are not lost. The questionnaire says graduates in some higher levels require a specified program; no extra program-specific code is invented here.
C05_CURRENT_GRADE_LEVEL,Current Grade/Year Level,C,C05,coded_category,00024013,Grade 9 / 3rd Year,2022 CBMS Household Profile Questionnaire,6,official_questionnaire,Yes,verified,Preserve all codes as 8-character text so leading zeroes are not lost. The questionnaire says graduates in some higher levels require a specified program; no extra program-specific code is invented here.
C05_CURRENT_GRADE_LEVEL,Current Grade/Year Level,C,C05,coded_category,00024014,Grade 10 / 4th Year,2022 CBMS Household Profile Questionnaire,6,official_questionnaire,Yes,verified,Preserve all codes as 8-character text so leading zeroes are not lost. The questionnaire says graduates in some higher levels require a specified program; no extra program-specific code is invented here.
C05_CURRENT_GRADE_LEVEL,Current Grade/Year Level,C,C05,coded_category,00024015,JHS Graduate / HS Graduate (Old Curriculum),2022 CBMS Household Profile Questionnaire,6,official_questionnaire,No,verified,Preserve all codes as 8-character text so leading zeroes are not lost. The questionnaire says graduates in some higher levels require a specified program; no extra program-specific code is invented here.
C05_CURRENT_GRADE_LEVEL,Current Grade/Year Level,C,C05,coded_category,00034011,Grade 11 - Academic Track,2022 CBMS Household Profile Questionnaire,6,official_questionnaire,Yes,verified,Preserve all codes as 8-character text so leading zeroes are not lost. The questionnaire says graduates in some higher levels require a specified program; no extra program-specific code is invented here.
C05_CURRENT_GRADE_LEVEL,Current Grade/Year Level,C,C05,coded_category,00034012,Grade 12 - Academic Track,2022 CBMS Household Profile Questionnaire,6,official_questionnaire,Yes,verified,Preserve all codes as 8-character text so leading zeroes are not lost. The questionnaire says graduates in some higher levels require a specified program; no extra program-specific code is invented here.
C05_CURRENT_GRADE_LEVEL,Current Grade/Year Level,C,C05,coded_category,00034013,SHS Graduate - Strand Unknown to Respondent,2022 CBMS Household Profile Questionnaire,6,official_questionnaire,No,verified,Preserve all codes as 8-character text so leading zeroes are not lost. The questionnaire says graduates in some higher levels require a specified program; no extra program-specific code is invented here.
C05_CURRENT_GRADE_LEVEL,Current Grade/Year Level,C,C05,coded_category,00034014,General Academic Strand Graduate,2022 CBMS Household Profile Questionnaire,6,official_questionnaire,No,verified,Preserve all codes as 8-character text so leading zeroes are not lost. The questionnaire says graduates in some higher levels require a specified program; no extra program-specific code is invented here.
C05_CURRENT_GRADE_LEVEL,Current Grade/Year Level,C,C05,coded_category,00034015,"Accountancy, Business and Management Strand Graduate",2022 CBMS Household Profile Questionnaire,6,official_questionnaire,No,verified,Preserve all codes as 8-character text so leading zeroes are not lost. The questionnaire says graduates in some higher levels require a specified program; no extra program-specific code is invented here.
C05_CURRENT_GRADE_LEVEL,Current Grade/Year Level,C,C05,coded_category,00034016,"Science, Technology, Engineering and Mathematics Strand Graduate",2022 CBMS Household Profile Questionnaire,6,official_questionnaire,No,verified,Preserve all codes as 8-character text so leading zeroes are not lost. The questionnaire says graduates in some higher levels require a specified program; no extra program-specific code is invented here.
C05_CURRENT_GRADE_LEVEL,Current Grade/Year Level,C,C05,coded_category,00034017,Humanities and Social Sciences Strand Graduate,2022 CBMS Household Profile Questionnaire,6,official_questionnaire,No,verified,Preserve all codes as 8-character text so leading zeroes are not lost. The questionnaire says graduates in some higher levels require a specified program; no extra program-specific code is invented here.
C05_CURRENT_GRADE_LEVEL,Current Grade/Year Level,C,C05,coded_category,00034018,Pre-Baccalaureate Maritime Specialization Graduate,2022 CBMS Household Profile Questionnaire,6,official_questionnaire,No,verified,Preserve all codes as 8-character text so leading zeroes are not lost. The questionnaire says graduates in some higher levels require a specified program; no extra program-specific code is invented here.
C05_CURRENT_GRADE_LEVEL,Current Grade/Year Level,C,C05,coded_category,00034021,Grade 11 - Arts and Design Track,2022 CBMS Household Profile Questionnaire,6,official_questionnaire,No,verified,Preserve all codes as 8-character text so leading zeroes are not lost. The questionnaire says graduates in some higher levels require a specified program; no extra program-specific code is invented here.
C05_CURRENT_GRADE_LEVEL,Current Grade/Year Level,C,C05,coded_category,00034022,Grade 12 - Arts and Design Track,2022 CBMS Household Profile Questionnaire,6,official_questionnaire,No,verified,Preserve all codes as 8-character text so leading zeroes are not lost. The questionnaire says graduates in some higher levels require a specified program; no extra program-specific code is invented here.
C05_CURRENT_GRADE_LEVEL,Current Grade/Year Level,C,C05,coded_category,00034023,"SHS Graduate - Arts and Design, Strand Unknown to Respondent",2022 CBMS Household Profile Questionnaire,6,official_questionnaire,No,verified,Preserve all codes as 8-character text so leading zeroes are not lost. The questionnaire says graduates in some higher levels require a specified program; no extra program-specific code is invented here.
C05_CURRENT_GRADE_LEVEL,Current Grade/Year Level,C,C05,coded_category,00034024,Music Strand Graduate,2022 CBMS Household Profile Questionnaire,6,official_questionnaire,No,verified,Preserve all codes as 8-character text so leading zeroes are not lost. The questionnaire says graduates in some higher levels require a specified program; no extra program-specific code is invented here.
C05_CURRENT_GRADE_LEVEL,Current Grade/Year Level,C,C05,coded_category,00034025,Theater Strand Graduate,2022 CBMS Household Profile Questionnaire,6,official_questionnaire,No,verified,Preserve all codes as 8-character text so leading zeroes are not lost. The questionnaire says graduates in some higher levels require a specified program; no extra program-specific code is invented here.
C05_CURRENT_GRADE_LEVEL,Current Grade/Year Level,C,C05,coded_category,00034026,Visual Arts Strand Graduate,2022 CBMS Household Profile Questionnaire,6,official_questionnaire,No,verified,Preserve all codes as 8-character text so leading zeroes are not lost. The questionnaire says graduates in some higher levels require a specified program; no extra program-specific code is invented here.
C05_CURRENT_GRADE_LEVEL,Current Grade/Year Level,C,C05,coded_category,00034027,Media Arts Strand Graduate,2022 CBMS Household Profile Questionnaire,6,official_questionnaire,No,verified,Preserve all codes as 8-character text so leading zeroes are not lost. The questionnaire says graduates in some higher levels require a specified program; no extra program-specific code is invented here.
C05_CURRENT_GRADE_LEVEL,Current Grade/Year Level,C,C05,coded_category,00034028,Dance Strand Graduate,2022 CBMS Household Profile Questionnaire,6,official_questionnaire,No,verified,Preserve all codes as 8-character text so leading zeroes are not lost. The questionnaire says graduates in some higher levels require a specified program; no extra program-specific code is invented here.
C05_CURRENT_GRADE_LEVEL,Current Grade/Year Level,C,C05,coded_category,00034031,Grade 11 - Sports Track,2022 CBMS Household Profile Questionnaire,6,official_questionnaire,No,verified,Preserve all codes as 8-character text so leading zeroes are not lost. The questionnaire says graduates in some higher levels require a specified program; no extra program-specific code is invented here.
C05_CURRENT_GRADE_LEVEL,Current Grade/Year Level,C,C05,coded_category,00034032,Grade 12 - Sports Track,2022 CBMS Household Profile Questionnaire,6,official_questionnaire,No,verified,Preserve all codes as 8-character text so leading zeroes are not lost. The questionnaire says graduates in some higher levels require a specified program; no extra program-specific code is invented here.
C05_CURRENT_GRADE_LEVEL,Current Grade/Year Level,C,C05,coded_category,00034033,SHS Graduate - Sports Track,2022 CBMS Household Profile Questionnaire,6,official_questionnaire,No,verified,Preserve all codes as 8-character text so leading zeroes are not lost. The questionnaire says graduates in some higher levels require a specified program; no extra program-specific code is invented here.
C05_CURRENT_GRADE_LEVEL,Current Grade/Year Level,C,C05,coded_category,00035011,Grade 11 - Technology/Livelihood and Technical-Vocational Livelihood Track,2022 CBMS Household Profile Questionnaire,6,official_questionnaire,No,verified,Preserve all codes as 8-character text so leading zeroes are not lost. The questionnaire says graduates in some higher levels require a specified program; no extra program-specific code is invented here.
C05_CURRENT_GRADE_LEVEL,Current Grade/Year Level,C,C05,coded_category,00035012,Grade 12 - Technology/Livelihood and Technical-Vocational Livelihood Track,2022 CBMS Household Profile Questionnaire,6,official_questionnaire,No,verified,Preserve all codes as 8-character text so leading zeroes are not lost. The questionnaire says graduates in some higher levels require a specified program; no extra program-specific code is invented here.
C05_CURRENT_GRADE_LEVEL,Current Grade/Year Level,C,C05,coded_category,00035013,SHS Graduate - TVL Strand Unknown to Respondent,2022 CBMS Household Profile Questionnaire,6,official_questionnaire,No,verified,Preserve all codes as 8-character text so leading zeroes are not lost. The questionnaire says graduates in some higher levels require a specified program; no extra program-specific code is invented here.
C05_CURRENT_GRADE_LEVEL,Current Grade/Year Level,C,C05,coded_category,00035014,Home Economics Strand Graduate,2022 CBMS Household Profile Questionnaire,6,official_questionnaire,No,verified,Preserve all codes as 8-character text so leading zeroes are not lost. The questionnaire says graduates in some higher levels require a specified program; no extra program-specific code is invented here.
C05_CURRENT_GRADE_LEVEL,Current Grade/Year Level,C,C05,coded_category,00035015,Information and Communications Technology Strand Graduate,2022 CBMS Household Profile Questionnaire,6,official_questionnaire,No,verified,Preserve all codes as 8-character text so leading zeroes are not lost. The questionnaire says graduates in some higher levels require a specified program; no extra program-specific code is invented here.
C05_CURRENT_GRADE_LEVEL,Current Grade/Year Level,C,C05,coded_category,00035016,Industrial Arts Strand Graduate,2022 CBMS Household Profile Questionnaire,6,official_questionnaire,No,verified,Preserve all codes as 8-character text so leading zeroes are not lost. The questionnaire says graduates in some higher levels require a specified program; no extra program-specific code is invented here.
C05_CURRENT_GRADE_LEVEL,Current Grade/Year Level,C,C05,coded_category,00035017,Agri-Fishery Arts Strand Graduate,2022 CBMS Household Profile Questionnaire,6,official_questionnaire,No,verified,Preserve all codes as 8-character text so leading zeroes are not lost. The questionnaire says graduates in some higher levels require a specified program; no extra program-specific code is invented here.
C05_CURRENT_GRADE_LEVEL,Current Grade/Year Level,C,C05,coded_category,00035018,TVL Maritime Specialization Strand Graduate,2022 CBMS Household Profile Questionnaire,6,official_questionnaire,No,verified,Preserve all codes as 8-character text so leading zeroes are not lost. The questionnaire says graduates in some higher levels require a specified program; no extra program-specific code is invented here.
C05_CURRENT_GRADE_LEVEL,Current Grade/Year Level,C,C05,coded_category,00040001,1st Year - Post-Secondary Non-Tertiary Education,2022 CBMS Household Profile Questionnaire,6,official_questionnaire,No,verified,Preserve all codes as 8-character text so leading zeroes are not lost. The questionnaire says graduates in some higher levels require a specified program; no extra program-specific code is invented here.
C05_CURRENT_GRADE_LEVEL,Current Grade/Year Level,C,C05,coded_category,00040002,2nd Year - Post-Secondary Non-Tertiary Education,2022 CBMS Household Profile Questionnaire,6,official_questionnaire,No,verified,Preserve all codes as 8-character text so leading zeroes are not lost. The questionnaire says graduates in some higher levels require a specified program; no extra program-specific code is invented here.
C05_CURRENT_GRADE_LEVEL,Current Grade/Year Level,C,C05,coded_category,00040003,3rd Year - Post-Secondary Non-Tertiary Education,2022 CBMS Household Profile Questionnaire,6,official_questionnaire,No,verified,Preserve all codes as 8-character text so leading zeroes are not lost. The questionnaire says graduates in some higher levels require a specified program; no extra program-specific code is invented here.
C05_CURRENT_GRADE_LEVEL,Current Grade/Year Level,C,C05,coded_category,00050001,1st Year - Short-Cycle Tertiary Education,2022 CBMS Household Profile Questionnaire,6,official_questionnaire,No,verified,Preserve all codes as 8-character text so leading zeroes are not lost. The questionnaire says graduates in some higher levels require a specified program; no extra program-specific code is invented here.
C05_CURRENT_GRADE_LEVEL,Current Grade/Year Level,C,C05,coded_category,00050002,2nd Year - Short-Cycle Tertiary Education,2022 CBMS Household Profile Questionnaire,6,official_questionnaire,No,verified,Preserve all codes as 8-character text so leading zeroes are not lost. The questionnaire says graduates in some higher levels require a specified program; no extra program-specific code is invented here.
C05_CURRENT_GRADE_LEVEL,Current Grade/Year Level,C,C05,coded_category,00050003,3rd Year - Short-Cycle Tertiary Education,2022 CBMS Household Profile Questionnaire,6,official_questionnaire,No,verified,Preserve all codes as 8-character text so leading zeroes are not lost. The questionnaire says graduates in some higher levels require a specified program; no extra program-specific code is invented here.
C05_CURRENT_GRADE_LEVEL,Current Grade/Year Level,C,C05,coded_category,00060001,1st Year - Bachelor Level Education or Equivalent,2022 CBMS Household Profile Questionnaire,6,official_questionnaire,No,verified,Preserve all codes as 8-character text so leading zeroes are not lost. The questionnaire says graduates in some higher levels require a specified program; no extra program-specific code is invented here.
C05_CURRENT_GRADE_LEVEL,Current Grade/Year Level,C,C05,coded_category,00060002,2nd Year - Bachelor Level Education or Equivalent,2022 CBMS Household Profile Questionnaire,6,official_questionnaire,No,verified,Preserve all codes as 8-character text so leading zeroes are not lost. The questionnaire says graduates in some higher levels require a specified program; no extra program-specific code is invented here.
C05_CURRENT_GRADE_LEVEL,Current Grade/Year Level,C,C05,coded_category,00060003,3rd Year - Bachelor Level Education or Equivalent,2022 CBMS Household Profile Questionnaire,6,official_questionnaire,No,verified,Preserve all codes as 8-character text so leading zeroes are not lost. The questionnaire says graduates in some higher levels require a specified program; no extra program-specific code is invented here.
C05_CURRENT_GRADE_LEVEL,Current Grade/Year Level,C,C05,coded_category,00060004,4th Year - Bachelor Level Education or Equivalent,2022 CBMS Household Profile Questionnaire,6,official_questionnaire,No,verified,Preserve all codes as 8-character text so leading zeroes are not lost. The questionnaire says graduates in some higher levels require a specified program; no extra program-specific code is invented here.
C05_CURRENT_GRADE_LEVEL,Current Grade/Year Level,C,C05,coded_category,00060005,5th Year - Bachelor Level Education or Equivalent,2022 CBMS Household Profile Questionnaire,6,official_questionnaire,No,verified,Preserve all codes as 8-character text so leading zeroes are not lost. The questionnaire says graduates in some higher levels require a specified program; no extra program-specific code is invented here.
C05_CURRENT_GRADE_LEVEL,Current Grade/Year Level,C,C05,coded_category,00060006,6th Year - Bachelor Level Education or Equivalent,2022 CBMS Household Profile Questionnaire,6,official_questionnaire,No,verified,Preserve all codes as 8-character text so leading zeroes are not lost. The questionnaire says graduates in some higher levels require a specified program; no extra program-specific code is invented here.
C05_CURRENT_GRADE_LEVEL,Current Grade/Year Level,C,C05,coded_category,00070010,Undergraduate - Master Level Education or Equivalent,2022 CBMS Household Profile Questionnaire,6,official_questionnaire,No,verified,Preserve all codes as 8-character text so leading zeroes are not lost. The questionnaire says graduates in some higher levels require a specified program; no extra program-specific code is invented here.
C05_CURRENT_GRADE_LEVEL,Current Grade/Year Level,C,C05,coded_category,00080010,Undergraduate - Doctoral Level Education or Equivalent,2022 CBMS Household Profile Questionnaire,6,official_questionnaire,No,verified,Preserve all codes as 8-character text so leading zeroes are not lost. The questionnaire says graduates in some higher levels require a specified program; no extra program-specific code is invented here.
C06_REASON_NOT_ATTENDING_SCHOOL,Reason for Not Attending School,C,C06,coded_category,01,Accessibility of School,2022 CBMS Household Profile Questionnaire,6,official_questionnaire,Yes,verified,
C06_REASON_NOT_ATTENDING_SCHOOL,Reason for Not Attending School,C,C06,coded_category,02,Illness,2022 CBMS Household Profile Questionnaire,6,official_questionnaire,Yes,verified,
C06_REASON_NOT_ATTENDING_SCHOOL,Reason for Not Attending School,C,C06,coded_category,03,Disability,2022 CBMS Household Profile Questionnaire,6,official_questionnaire,Yes,verified,
C06_REASON_NOT_ATTENDING_SCHOOL,Reason for Not Attending School,C,C06,coded_category,04,Pregnancy,2022 CBMS Household Profile Questionnaire,6,official_questionnaire,Yes,verified,
C06_REASON_NOT_ATTENDING_SCHOOL,Reason for Not Attending School,C,C06,coded_category,05,Marriage,2022 CBMS Household Profile Questionnaire,6,official_questionnaire,Yes,verified,
C06_REASON_NOT_ATTENDING_SCHOOL,Reason for Not Attending School,C,C06,coded_category,06,High Cost of Education/Financial Concern,2022 CBMS Household Profile Questionnaire,6,official_questionnaire,Yes,verified,
C06_REASON_NOT_ATTENDING_SCHOOL,Reason for Not Attending School,C,C06,coded_category,07,Employment,2022 CBMS Household Profile Questionnaire,6,official_questionnaire,Yes,verified,
C06_REASON_NOT_ATTENDING_SCHOOL,Reason for Not Attending School,C,C06,coded_category,08,Finished Schooling or Finished Post-Secondary or College,2022 CBMS Household Profile Questionnaire,6,official_questionnaire,Yes,verified,
C06_REASON_NOT_ATTENDING_SCHOOL,Reason for Not Attending School,C,C06,coded_category,09,Looking for Work,2022 CBMS Household Profile Questionnaire,6,official_questionnaire,Yes,verified,
C06_REASON_NOT_ATTENDING_SCHOOL,Reason for Not Attending School,C,C06,coded_category,10,Lack of Personal Interest,2022 CBMS Household Profile Questionnaire,6,official_questionnaire,Yes,verified,
C06_REASON_NOT_ATTENDING_SCHOOL,Reason for Not Attending School,C,C06,coded_category,11,Fear of Being Affected by COVID-19,2022 CBMS Household Profile Questionnaire,6,official_questionnaire,No,verified,
C06_REASON_NOT_ATTENDING_SCHOOL,Reason for Not Attending School,C,C06,coded_category,12,Too Young to Go to School,2022 CBMS Household Profile Questionnaire,6,official_questionnaire,Yes,verified,
C06_REASON_NOT_ATTENDING_SCHOOL,Reason for Not Attending School,C,C06,coded_category,13,Bullying,2022 CBMS Household Profile Questionnaire,6,official_questionnaire,Yes,verified,
C06_REASON_NOT_ATTENDING_SCHOOL,Reason for Not Attending School,C,C06,coded_category,14,Family Matters,2022 CBMS Household Profile Questionnaire,6,official_questionnaire,Yes,verified,
C06_REASON_NOT_ATTENDING_SCHOOL,Reason for Not Attending School,C,C06,coded_category,15,No/Weak Internet Connection,2022 CBMS Household Profile Questionnaire,6,official_questionnaire,Yes,verified,
C06_REASON_NOT_ATTENDING_SCHOOL,Reason for Not Attending School,C,C06,coded_category,16,Modular Learning Is Not Preferred,2022 CBMS Household Profile Questionnaire,6,official_questionnaire,No,verified,
C06_REASON_NOT_ATTENDING_SCHOOL,Reason for Not Attending School,C,C06,coded_category,17,"Problems in School Requirements (e.g., No Birth Certificate or Form 137)",2022 CBMS Household Profile Questionnaire,6,official_questionnaire,Yes,verified,
C06_REASON_NOT_ATTENDING_SCHOOL,Reason for Not Attending School,C,C06,coded_category,99,"Others, Specify",2022 CBMS Household Profile Questionnaire,6,official_questionnaire,Yes,verified,
C07_TVET_GRADUATE,Graduate of Technical / Vocational Education and Training (TVET) Course,C,C07,yes_no_code,1,Yes,2022 CBMS Household Profile Questionnaire,6,official_questionnaire,Yes,verified,
C07_TVET_GRADUATE,Graduate of Technical / Vocational Education and Training (TVET) Course,C,C07,yes_no_code,2,No,2022 CBMS Household Profile Questionnaire,6,official_questionnaire,Yes,verified,
C08_TVET_CURRENTLY_ATTENDING,Currently Attending TVET for Skills Development,C,C08,yes_no_code,1,Yes,2022 CBMS Household Profile Questionnaire,6,official_questionnaire,Yes,verified,
C08_TVET_CURRENTLY_ATTENDING,Currently Attending TVET for Skills Development,C,C08,yes_no_code,2,No,2022 CBMS Household Profile Questionnaire,6,official_questionnaire,Yes,verified,
E01_WORK_PAST_WEEK,Work for at least One Hour during the Past Week,E,E01,yes_no_code,1,Yes,2022 CBMS Household Profile Questionnaire,9,official_questionnaire,Yes,verified,
E01_WORK_PAST_WEEK,Work for at least One Hour during the Past Week,E,E01,yes_no_code,2,No,2022 CBMS Household Profile Questionnaire,9,official_questionnaire,Yes,verified,
E03_JOB_OR_BUSINESS_PAST_WEEK,Did Not Work But Have a Job or Business in the Past Week,E,E03,coded_category,1,Yes,2022 CBMS Household Profile Questionnaire,9,official_questionnaire,Yes,verified,
E03_JOB_OR_BUSINESS_PAST_WEEK,Did Not Work But Have a Job or Business in the Past Week,E,E03,coded_category,2,No,2022 CBMS Household Profile Questionnaire,9,official_questionnaire,Yes,verified,
E03_JOB_OR_BUSINESS_PAST_WEEK,Did Not Work But Have a Job or Business in the Past Week,E,E03,coded_category,3,"No, Temporarily",2022 CBMS Household Profile Questionnaire,9,official_questionnaire,Yes,verified,
E11_NATURE_OF_EMPLOYMENT,Nature of Employment,E,E11,coded_category,1,Permanent Job/Business/Unpaid Family Work,2022 CBMS Household Profile Questionnaire,10,official_questionnaire,Yes,verified,
E11_NATURE_OF_EMPLOYMENT,Nature of Employment,E,E11,coded_category,2,"Short-Term or Seasonal or Casual Job/Business, Unpaid Family Work",2022 CBMS Household Profile Questionnaire,10,official_questionnaire,Yes,verified,
E11_NATURE_OF_EMPLOYMENT,Nature of Employment,E,E11,coded_category,3,Worked for Different Employers or Customers on Day-to-Day or Week-to-Week Basis,2022 CBMS Household Profile Questionnaire,10,official_questionnaire,Yes,verified,
E15_WANT_MORE_HOURS,Want More Hours of Work,E,E15,yes_no_code,1,Yes,2022 CBMS Household Profile Questionnaire,10,official_questionnaire,Yes,verified,
E15_WANT_MORE_HOURS,Want More Hours of Work,E,E15,yes_no_code,2,No,2022 CBMS Household Profile Questionnaire,10,official_questionnaire,Yes,verified,
E16_LOOKING_FOR_ADDITIONAL_WORK,Looking for Additional Work,E,E16,yes_no_code,1,Yes,2022 CBMS Household Profile Questionnaire,10,official_questionnaire,Yes,verified,
E16_LOOKING_FOR_ADDITIONAL_WORK,Looking for Additional Work,E,E16,yes_no_code,2,No,2022 CBMS Household Profile Questionnaire,10,official_questionnaire,Yes,verified,
E18_CLASS_OF_WORKER,Class of Worker,E,E18,coded_category,0,Worked for Private Household,2022 CBMS Household Profile Questionnaire,10,official_questionnaire,Yes,verified,
E18_CLASS_OF_WORKER,Class of Worker,E,E18,coded_category,1,Worked for Private Establishment,2022 CBMS Household Profile Questionnaire,10,official_questionnaire,Yes,verified,
E18_CLASS_OF_WORKER,Class of Worker,E,E18,coded_category,2,Worked for Government/Government-Owned and Controlled Corporation,2022 CBMS Household Profile Questionnaire,10,official_questionnaire,Yes,verified,
E18_CLASS_OF_WORKER,Class of Worker,E,E18,coded_category,3,Self-Employed Without Any Paid Employee,2022 CBMS Household Profile Questionnaire,10,official_questionnaire,Yes,verified,
E18_CLASS_OF_WORKER,Class of Worker,E,E18,coded_category,4,Employer in Own Family-Operated Farm or Business,2022 CBMS Household Profile Questionnaire,10,official_questionnaire,Yes,verified,
E18_CLASS_OF_WORKER,Class of Worker,E,E18,coded_category,5,Worked With Pay in Own Family-Operated Farm or Business,2022 CBMS Household Profile Questionnaire,10,official_questionnaire,Yes,verified,
E18_CLASS_OF_WORKER,Class of Worker,E,E18,coded_category,6,Worked Without Pay in Own Family-Operated Farm or Business,2022 CBMS Household Profile Questionnaire,10,official_questionnaire,Yes,verified,
E19_BASIS_OF_PAYMENT,Basis of Payment,E,E19,coded_category,0,"In Kind, Imputed (Received as Wage/Salary)",2022 CBMS Household Profile Questionnaire,10,official_questionnaire,Yes,verified,
E19_BASIS_OF_PAYMENT,Basis of Payment,E,E19,coded_category,1,Per Piece,2022 CBMS Household Profile Questionnaire,10,official_questionnaire,Yes,verified,
E19_BASIS_OF_PAYMENT,Basis of Payment,E,E19,coded_category,2,Per Hour,2022 CBMS Household Profile Questionnaire,10,official_questionnaire,Yes,verified,
E19_BASIS_OF_PAYMENT,Basis of Payment,E,E19,coded_category,3,Per Day,2022 CBMS Household Profile Questionnaire,10,official_questionnaire,Yes,verified,
E19_BASIS_OF_PAYMENT,Basis of Payment,E,E19,coded_category,4,Monthly,2022 CBMS Household Profile Questionnaire,10,official_questionnaire,Yes,verified,
E19_BASIS_OF_PAYMENT,Basis of Payment,E,E19,coded_category,5,Pakyaw,2022 CBMS Household Profile Questionnaire,10,official_questionnaire,Yes,verified,
E19_BASIS_OF_PAYMENT,Basis of Payment,E,E19,coded_category,6,"Other Salaries/Wages, Specify",2022 CBMS Household Profile Questionnaire,10,official_questionnaire,Yes,verified,
E19_BASIS_OF_PAYMENT,Basis of Payment,E,E19,coded_category,7,"Not Salaries/Wages, Specify (e.g., Commission Basis)",2022 CBMS Household Profile Questionnaire,10,official_questionnaire,Yes,verified,
E24_REASON_MORE_OR_LESS_HOURS,Reason for Working More Than 48 Hours or Less Than 40 Hours,E,E24,coded_category,11,Wanted More Earnings,2022 CBMS Household Profile Questionnaire,11,official_questionnaire,Yes,verified,
E24_REASON_MORE_OR_LESS_HOURS,Reason for Working More Than 48 Hours or Less Than 40 Hours,E,E24,coded_category,12,Requirements of the Job,2022 CBMS Household Profile Questionnaire,11,official_questionnaire,Yes,verified,
E24_REASON_MORE_OR_LESS_HOURS,Reason for Working More Than 48 Hours or Less Than 40 Hours,E,E24,coded_category,13,Exceptional Week,2022 CBMS Household Profile Questionnaire,11,official_questionnaire,Yes,verified,
E24_REASON_MORE_OR_LESS_HOURS,Reason for Working More Than 48 Hours or Less Than 40 Hours,E,E24,coded_category,14,"Ambition, Passion for Job",2022 CBMS Household Profile Questionnaire,11,official_questionnaire,Yes,verified,
E24_REASON_MORE_OR_LESS_HOURS,Reason for Working More Than 48 Hours or Less Than 40 Hours,E,E24,coded_category,15,Due to COVID-19 Pandemic Community Quarantine,2022 CBMS Household Profile Questionnaire,11,official_questionnaire,No,verified,
E24_REASON_MORE_OR_LESS_HOURS,Reason for Working More Than 48 Hours or Less Than 40 Hours,E,E24,coded_category,20,Variable Working Time/Nature of Work,2022 CBMS Household Profile Questionnaire,11,official_questionnaire,Yes,verified,
E24_REASON_MORE_OR_LESS_HOURS,Reason for Working More Than 48 Hours or Less Than 40 Hours,E,E24,coded_category,21,Holidays,2022 CBMS Household Profile Questionnaire,11,official_questionnaire,Yes,verified,
E24_REASON_MORE_OR_LESS_HOURS,Reason for Working More Than 48 Hours or Less Than 40 Hours,E,E24,coded_category,22,Poor Business Condition,2022 CBMS Household Profile Questionnaire,11,official_questionnaire,Yes,verified,
E24_REASON_MORE_OR_LESS_HOURS,Reason for Working More Than 48 Hours or Less Than 40 Hours,E,E24,coded_category,23,Reduction in Clients/Work,2022 CBMS Household Profile Questionnaire,11,official_questionnaire,Yes,verified,
E24_REASON_MORE_OR_LESS_HOURS,Reason for Working More Than 48 Hours or Less Than 40 Hours,E,E24,coded_category,24,Low or Off Season,2022 CBMS Household Profile Questionnaire,11,official_questionnaire,Yes,verified,
E24_REASON_MORE_OR_LESS_HOURS,Reason for Working More Than 48 Hours or Less Than 40 Hours,E,E24,coded_category,25,"Bad Weather, Natural Disaster",2022 CBMS Household Profile Questionnaire,11,official_questionnaire,Yes,verified,
E24_REASON_MORE_OR_LESS_HOURS,Reason for Working More Than 48 Hours or Less Than 40 Hours,E,E24,coded_category,26,Strike or Labor Dispute,2022 CBMS Household Profile Questionnaire,11,official_questionnaire,No,verified,
E24_REASON_MORE_OR_LESS_HOURS,Reason for Working More Than 48 Hours or Less Than 40 Hours,E,E24,coded_category,27,Start/End/Change of Job,2022 CBMS Household Profile Questionnaire,11,official_questionnaire,Yes,verified,
E24_REASON_MORE_OR_LESS_HOURS,Reason for Working More Than 48 Hours or Less Than 40 Hours,E,E24,coded_category,28,Could Only Find Part-Time Work,2022 CBMS Household Profile Questionnaire,11,official_questionnaire,Yes,verified,
E24_REASON_MORE_OR_LESS_HOURS,Reason for Working More Than 48 Hours or Less Than 40 Hours,E,E24,coded_category,29,School Training,2022 CBMS Household Profile Questionnaire,11,official_questionnaire,Yes,verified,
E24_REASON_MORE_OR_LESS_HOURS,Reason for Working More Than 48 Hours or Less Than 40 Hours,E,E24,coded_category,30,Personal/Family Reasons,2022 CBMS Household Profile Questionnaire,11,official_questionnaire,Yes,verified,
E24_REASON_MORE_OR_LESS_HOURS,Reason for Working More Than 48 Hours or Less Than 40 Hours,E,E24,coded_category,31,Health/Medical Limitations,2022 CBMS Household Profile Questionnaire,11,official_questionnaire,Yes,verified,
E24_REASON_MORE_OR_LESS_HOURS,Reason for Working More Than 48 Hours or Less Than 40 Hours,E,E24,coded_category,32,Due to COVID-19 Pandemic Community Quarantine,2022 CBMS Household Profile Questionnaire,11,official_questionnaire,Yes,verified,
E24_REASON_MORE_OR_LESS_HOURS,Reason for Working More Than 48 Hours or Less Than 40 Hours,E,E24,coded_category,99,"Others, Specify",2022 CBMS Household Profile Questionnaire,11,official_questionnaire,Yes,verified,
E25_TRY_LOOK_FOR_WORK_OR_DO_BUSINESS,Look for Work or Try to Establish a Business,E,E25,yes_no_code,1,Yes,2022 CBMS Household Profile Questionnaire,11,official_questionnaire,Yes,verified,
E25_TRY_LOOK_FOR_WORK_OR_DO_BUSINESS,Look for Work or Try to Establish a Business,E,E25,yes_no_code,2,No,2022 CBMS Household Profile Questionnaire,11,official_questionnaire,Yes,verified,
E29_REASON_NOT_LOOKING_FOR_WORK,Reason for Not Looking for Work,E,E29,coded_category,00,ECQ/Lockdown/COVID-19 Pandemic,2022 CBMS Household Profile Questionnaire,11,official_questionnaire,No,verified,
E29_REASON_NOT_LOOKING_FOR_WORK,Reason for Not Looking for Work,E,E29,coded_category,01,Temporary Illness or Disability,2022 CBMS Household Profile Questionnaire,11,official_questionnaire,Yes,verified,
E29_REASON_NOT_LOOKING_FOR_WORK,Reason for Not Looking for Work,E,E29,coded_category,02,Bad Weather,2022 CBMS Household Profile Questionnaire,11,official_questionnaire,No,verified,
E29_REASON_NOT_LOOKING_FOR_WORK,Reason for Not Looking for Work,E,E29,coded_category,03,Waiting for Rehire/Job Recall,2022 CBMS Household Profile Questionnaire,11,official_questionnaire,Yes,verified,
E29_REASON_NOT_LOOKING_FOR_WORK,Reason for Not Looking for Work,E,E29,coded_category,04,Tired/Believed No Work Available,2022 CBMS Household Profile Questionnaire,11,official_questionnaire,Yes,verified,
E29_REASON_NOT_LOOKING_FOR_WORK,Reason for Not Looking for Work,E,E29,coded_category,05,Awaiting Results of Previous Job Application,2022 CBMS Household Profile Questionnaire,11,official_questionnaire,Yes,verified,
E29_REASON_NOT_LOOKING_FOR_WORK,Reason for Not Looking for Work,E,E29,coded_category,06,Too Young/Old,2022 CBMS Household Profile Questionnaire,11,official_questionnaire,Yes,verified,
E29_REASON_NOT_LOOKING_FOR_WORK,Reason for Not Looking for Work,E,E29,coded_category,07,Retired,2022 CBMS Household Profile Questionnaire,11,official_questionnaire,Yes,verified,
E29_REASON_NOT_LOOKING_FOR_WORK,Reason for Not Looking for Work,E,E29,coded_category,08,Permanent Disability,2022 CBMS Household Profile Questionnaire,11,official_questionnaire,Yes,verified,
E29_REASON_NOT_LOOKING_FOR_WORK,Reason for Not Looking for Work,E,E29,coded_category,09,Schooling,2022 CBMS Household Profile Questionnaire,11,official_questionnaire,Yes,verified,
E29_REASON_NOT_LOOKING_FOR_WORK,Reason for Not Looking for Work,E,E29,coded_category,10,"Household and Family Duties, Specify",2022 CBMS Household Profile Questionnaire,11,official_questionnaire,Yes,verified,
E29_REASON_NOT_LOOKING_FOR_WORK,Reason for Not Looking for Work,E,E29,coded_category,99,"Others, Specify",2022 CBMS Household Profile Questionnaire,11,official_questionnaire,Yes,verified,
E31_AVAILABLE_FOR_WORK,Availability for Work,E,E31,yes_no_code,1,Yes,2022 CBMS Household Profile Questionnaire,11,official_questionnaire,Yes,verified,
E31_AVAILABLE_FOR_WORK,Availability for Work,E,E31,yes_no_code,2,No,2022 CBMS Household Profile Questionnaire,11,official_questionnaire,Yes,verified,
E32_WILLING_TO_WORK,Willingness to Take Up Work,E,E32,yes_no_code,1,Yes,2022 CBMS Household Profile Questionnaire,11,official_questionnaire,Yes,verified,
E32_WILLING_TO_WORK,Willingness to Take Up Work,E,E32,yes_no_code,2,No,2022 CBMS Household Profile Questionnaire,11,official_questionnaire,Yes,verified,
E39_OWNERSHIP_OF_AGRI_LAND,Ownership of Agricultural Land/s,E,E39,yes_no_code,1,Yes,2022 CBMS Household Profile Questionnaire,13,official_questionnaire,Yes,verified,
E39_OWNERSHIP_OF_AGRI_LAND,Ownership of Agricultural Land/s,E,E39,yes_no_code,2,No,2022 CBMS Household Profile Questionnaire,13,official_questionnaire,Yes,verified,
E40_LAND_USED_IN_AGRI_ACTIVITY,Use of Agricultural Land/s in any Agricultural Activities,E,E40,yes_no_code,1,Yes,2022 CBMS Household Profile Questionnaire,13,official_questionnaire,Yes,verified,
E40_LAND_USED_IN_AGRI_ACTIVITY,Use of Agricultural Land/s in any Agricultural Activities,E,E40,yes_no_code,2,No,2022 CBMS Household Profile Questionnaire,13,official_questionnaire,Yes,verified,
J01_WORRIED,Worried About Not Having Enough Food to Eat,J,J01,yes_no_code,1,Yes,2022 CBMS Household Profile Questionnaire,23,official_questionnaire,Yes,verified,
J01_WORRIED,Worried About Not Having Enough Food to Eat,J,J01,yes_no_code,2,No,2022 CBMS Household Profile Questionnaire,23,official_questionnaire,Yes,verified,
J01_WORRIED,Worried About Not Having Enough Food to Eat,J,J01,yes_no_code,8,Don't Know,2022 CBMS Household Profile Questionnaire,23,official_questionnaire,No,verified,
J01_WORRIED,Worried About Not Having Enough Food to Eat,J,J01,yes_no_code,9,Prefer Not to Answer,2022 CBMS Household Profile Questionnaire,23,official_questionnaire,No,verified,
J02_NOT_EATEN_HEALTHY,Unable to Eat Healthy and Nutritious Food,J,J02,yes_no_code,1,Yes,2022 CBMS Household Profile Questionnaire,23,official_questionnaire,Yes,verified,
J02_NOT_EATEN_HEALTHY,Unable to Eat Healthy and Nutritious Food,J,J02,yes_no_code,2,No,2022 CBMS Household Profile Questionnaire,23,official_questionnaire,Yes,verified,
J02_NOT_EATEN_HEALTHY,Unable to Eat Healthy and Nutritious Food,J,J02,yes_no_code,8,Don't Know,2022 CBMS Household Profile Questionnaire,23,official_questionnaire,No,verified,
J02_NOT_EATEN_HEALTHY,Unable to Eat Healthy and Nutritious Food,J,J02,yes_no_code,9,Prefer Not to Answer,2022 CBMS Household Profile Questionnaire,23,official_questionnaire,No,verified,
J03_ATE_FEW_FOOD,Ate Only a Few Kinds of Food,J,J03,yes_no_code,1,Yes,2022 CBMS Household Profile Questionnaire,23,official_questionnaire,Yes,verified,
J03_ATE_FEW_FOOD,Ate Only a Few Kinds of Food,J,J03,yes_no_code,2,No,2022 CBMS Household Profile Questionnaire,23,official_questionnaire,Yes,verified,
J03_ATE_FEW_FOOD,Ate Only a Few Kinds of Food,J,J03,yes_no_code,8,Don't Know,2022 CBMS Household Profile Questionnaire,23,official_questionnaire,No,verified,
J03_ATE_FEW_FOOD,Ate Only a Few Kinds of Food,J,J03,yes_no_code,9,Prefer Not to Answer,2022 CBMS Household Profile Questionnaire,23,official_questionnaire,No,verified,
J04_SKIPPED_MEAL,Had to Skip a Meal,J,J04,yes_no_code,1,Yes,2022 CBMS Household Profile Questionnaire,23,official_questionnaire,Yes,verified,
J04_SKIPPED_MEAL,Had to Skip a Meal,J,J04,yes_no_code,2,No,2022 CBMS Household Profile Questionnaire,23,official_questionnaire,Yes,verified,
J04_SKIPPED_MEAL,Had to Skip a Meal,J,J04,yes_no_code,8,Don't Know,2022 CBMS Household Profile Questionnaire,23,official_questionnaire,No,verified,
J04_SKIPPED_MEAL,Had to Skip a Meal,J,J04,yes_no_code,9,Prefer Not to Answer,2022 CBMS Household Profile Questionnaire,23,official_questionnaire,No,verified,
J05_ATE_LESS,Ate Less Than They Thought They Should,J,J05,yes_no_code,1,Yes,2022 CBMS Household Profile Questionnaire,23,official_questionnaire,Yes,verified,
J05_ATE_LESS,Ate Less Than They Thought They Should,J,J05,yes_no_code,2,No,2022 CBMS Household Profile Questionnaire,23,official_questionnaire,Yes,verified,
J05_ATE_LESS,Ate Less Than They Thought They Should,J,J05,yes_no_code,8,Don't Know,2022 CBMS Household Profile Questionnaire,23,official_questionnaire,No,verified,
J05_ATE_LESS,Ate Less Than They Thought They Should,J,J05,yes_no_code,9,Prefer Not to Answer,2022 CBMS Household Profile Questionnaire,23,official_questionnaire,No,verified,
J06_RAN_OUT_OF_FOOD,Ran Out of Food,J,J06,yes_no_code,1,Yes,2022 CBMS Household Profile Questionnaire,23,official_questionnaire,Yes,verified,
J06_RAN_OUT_OF_FOOD,Ran Out of Food,J,J06,yes_no_code,2,No,2022 CBMS Household Profile Questionnaire,23,official_questionnaire,Yes,verified,
J06_RAN_OUT_OF_FOOD,Ran Out of Food,J,J06,yes_no_code,8,Don't Know,2022 CBMS Household Profile Questionnaire,23,official_questionnaire,No,verified,
J06_RAN_OUT_OF_FOOD,Ran Out of Food,J,J06,yes_no_code,9,Prefer Not to Answer,2022 CBMS Household Profile Questionnaire,23,official_questionnaire,No,verified,
J07_HUNGRY,Hungry but Did Not Eat,J,J07,yes_no_code,1,Yes,2022 CBMS Household Profile Questionnaire,23,official_questionnaire,Yes,verified,
J07_HUNGRY,Hungry but Did Not Eat,J,J07,yes_no_code,2,No,2022 CBMS Household Profile Questionnaire,23,official_questionnaire,Yes,verified,
J07_HUNGRY,Hungry but Did Not Eat,J,J07,yes_no_code,8,Don't Know,2022 CBMS Household Profile Questionnaire,23,official_questionnaire,No,verified,
J07_HUNGRY,Hungry but Did Not Eat,J,J07,yes_no_code,9,Prefer Not to Answer,2022 CBMS Household Profile Questionnaire,23,official_questionnaire,No,verified,
J08_NOT_EATEN_WHOLE_DAY,Did Not Eat for a Whole Day during the Past 12 Months,J,J08,yes_no_code,1,Yes,2022 CBMS Household Profile Questionnaire,23,official_questionnaire,Yes,verified,
J08_NOT_EATEN_WHOLE_DAY,Did Not Eat for a Whole Day during the Past 12 Months,J,J08,yes_no_code,2,No,2022 CBMS Household Profile Questionnaire,23,official_questionnaire,Yes,verified,
J08_NOT_EATEN_WHOLE_DAY,Did Not Eat for a Whole Day during the Past 12 Months,J,J08,yes_no_code,8,Don't Know,2022 CBMS Household Profile Questionnaire,23,official_questionnaire,No,verified,
J08_NOT_EATEN_WHOLE_DAY,Did Not Eat for a Whole Day during the Past 12 Months,J,J08,yes_no_code,9,Prefer Not to Answer,2022 CBMS Household Profile Questionnaire,23,official_questionnaire,No,verified,
J09_NOT_EATEN_WHOLE_DAY_PAST_3_MONTHS,Did Not Eat for a Whole Day during the Past 3 Months,J,J09,yes_no_code,1,Yes,2022 CBMS Household Profile Questionnaire,23,official_questionnaire,Yes,verified,
J09_NOT_EATEN_WHOLE_DAY_PAST_3_MONTHS,Did Not Eat for a Whole Day during the Past 3 Months,J,J09,yes_no_code,2,No,2022 CBMS Household Profile Questionnaire,23,official_questionnaire,Yes,verified,
J09_NOT_EATEN_WHOLE_DAY_PAST_3_MONTHS,Did Not Eat for a Whole Day during the Past 3 Months,J,J09,yes_no_code,8,Don't Know,2022 CBMS Household Profile Questionnaire,23,official_questionnaire,No,verified,
J09_NOT_EATEN_WHOLE_DAY_PAST_3_MONTHS,Did Not Eat for a Whole Day during the Past 3 Months,J,J09,yes_no_code,9,Prefer Not to Answer,2022 CBMS Household Profile Questionnaire,23,official_questionnaire,No,verified,
K03_C_SAVING_FOR_EMERGENCIES,Saving for emergencies,K,K03,yes_no_code,1,Yes,2022 CBMS Household Profile Questionnaire,23,official_questionnaire,Yes,verified,
K03_C_SAVING_FOR_EMERGENCIES,Saving for emergencies,K,K03,yes_no_code,2,No,2022 CBMS Household Profile Questionnaire,23,official_questionnaire,Yes,verified,
K03_D_SAVING_FOR_BUSINESS,Saving for opening or expansion of business,K,K03,yes_no_code,1,Yes,2022 CBMS Household Profile Questionnaire,23,official_questionnaire,Yes,verified,
K03_D_SAVING_FOR_BUSINESS,Saving for opening or expansion of business,K,K03,yes_no_code,2,No,2022 CBMS Household Profile Questionnaire,23,official_questionnaire,Yes,verified,
K03_Q_FOR_RECEIVING_PENSION,For receiving pension,K,K03,yes_no_code,1,Yes,2022 CBMS Household Profile Questionnaire,23,official_questionnaire,Yes,verified,
K03_Q_FOR_RECEIVING_PENSION,For receiving pension,K,K03,yes_no_code,2,No,2022 CBMS Household Profile Questionnaire,23,official_questionnaire,Yes,verified,
K03_T_FOR_BUSINESS_OPERATIONS,For business operations,K,K03,yes_no_code,1,Yes,2022 CBMS Household Profile Questionnaire,23,official_questionnaire,Yes,verified,
K03_T_FOR_BUSINESS_OPERATIONS,For business operations,K,K03,yes_no_code,2,No,2022 CBMS Household Profile Questionnaire,23,official_questionnaire,Yes,verified,
K04_PRESENCE_OF_SAVINGS,Presence of savings,K,K04,yes_no_code,1,Yes,2022 CBMS Household Profile Questionnaire,24,official_questionnaire,Yes,verified,
K04_PRESENCE_OF_SAVINGS,Presence of savings,K,K04,yes_no_code,2,No,2022 CBMS Household Profile Questionnaire,24,official_questionnaire,Yes,verified,
K06_A_EARN_JUST_ENOUGH,Earn just enough / No extra money,K,K06,yes_no_code,1,Yes,2022 CBMS Household Profile Questionnaire,24,official_questionnaire,Yes,verified,
K06_A_EARN_JUST_ENOUGH,Earn just enough / No extra money,K,K06,yes_no_code,2,No,2022 CBMS Household Profile Questionnaire,24,official_questionnaire,Yes,verified,
K06_B_NO_STABLE_SOURCE_OF_INCOME,Unemployment / no stable source of income,K,K06,yes_no_code,1,Yes,2022 CBMS Household Profile Questionnaire,24,official_questionnaire,Yes,verified,
K06_B_NO_STABLE_SOURCE_OF_INCOME,Unemployment / no stable source of income,K,K06,yes_no_code,2,No,2022 CBMS Household Profile Questionnaire,24,official_questionnaire,Yes,verified,
K06_C_USED_FOR_EMERGENCY,"Used for emergency, house repair, events, purchases, and business / entrepreneurial activities",K,K06,yes_no_code,1,Yes,2022 CBMS Household Profile Questionnaire,24,official_questionnaire,Yes,verified,
K06_C_USED_FOR_EMERGENCY,"Used for emergency, house repair, events, purchases, and business / entrepreneurial activities",K,K06,yes_no_code,2,No,2022 CBMS Household Profile Questionnaire,24,official_questionnaire,Yes,verified,
K07_LOANS,Presence of outstanding loan/s,K,K07,yes_no_code,1,Yes,2022 CBMS Household Profile Questionnaire,24,official_questionnaire,Yes,verified,
K07_LOANS,Presence of outstanding loan/s,K,K07,yes_no_code,2,No,2022 CBMS Household Profile Questionnaire,24,official_questionnaire,Yes,verified,
K07_LOANS,Presence of outstanding loan/s,K,K07,yes_no_code,8,Don't Know,2022 CBMS Household Profile Questionnaire,24,official_questionnaire,No,verified,
K07_LOANS,Presence of outstanding loan/s,K,K07,yes_no_code,9,Prefer Not to Answer,2022 CBMS Household Profile Questionnaire,24,official_questionnaire,No,verified,
K09_A_LOAN_FOR_BUSINESS,Business / entrepreneurial activities,K,K09,yes_no_code,1,Yes,2022 CBMS Household Profile Questionnaire,24,official_questionnaire,Yes,verified,
K09_A_LOAN_FOR_BUSINESS,Business / entrepreneurial activities,K,K09,yes_no_code,2,No,2022 CBMS Household Profile Questionnaire,24,official_questionnaire,Yes,verified,
K09_A_LOAN_FOR_BUSINESS,Business / entrepreneurial activities,K,K09,yes_no_code,9,Prefer Not to Answer,2022 CBMS Household Profile Questionnaire,24,official_questionnaire,No,verified,
K09_D_LOAN_FOR_MEDICAL_NEEDS,Medical needs,K,K09,yes_no_code,1,Yes,2022 CBMS Household Profile Questionnaire,24,official_questionnaire,Yes,verified,
K09_D_LOAN_FOR_MEDICAL_NEEDS,Medical needs,K,K09,yes_no_code,2,No,2022 CBMS Household Profile Questionnaire,24,official_questionnaire,Yes,verified,
K09_D_LOAN_FOR_MEDICAL_NEEDS,Medical needs,K,K09,yes_no_code,9,Prefer Not to Answer,2022 CBMS Household Profile Questionnaire,24,official_questionnaire,No,verified,
K09_E_LOAN_FOR_DAILY_NEEDS,Daily needs,K,K09,yes_no_code,1,Yes,2022 CBMS Household Profile Questionnaire,24,official_questionnaire,Yes,verified,
K09_E_LOAN_FOR_DAILY_NEEDS,Daily needs,K,K09,yes_no_code,2,No,2022 CBMS Household Profile Questionnaire,24,official_questionnaire,Yes,verified,
K09_E_LOAN_FOR_DAILY_NEEDS,Daily needs,K,K09,yes_no_code,9,Prefer Not to Answer,2022 CBMS Household Profile Questionnaire,24,official_questionnaire,No,verified,
K09_H_LOAN_FOR_PAYMENT_FOR_ANOTHER_LOAN,Payment for another loan,K,K09,yes_no_code,1,Yes,2022 CBMS Household Profile Questionnaire,24,official_questionnaire,Yes,verified,
K09_H_LOAN_FOR_PAYMENT_FOR_ANOTHER_LOAN,Payment for another loan,K,K09,yes_no_code,2,No,2022 CBMS Household Profile Questionnaire,24,official_questionnaire,Yes,verified,
K09_H_LOAN_FOR_PAYMENT_FOR_ANOTHER_LOAN,Payment for another loan,K,K09,yes_no_code,9,Prefer Not to Answer,2022 CBMS Household Profile Questionnaire,24,official_questionnaire,No,verified,
K10_C_HEALTH_INSURANCE,Health insurance,K,K10,yes_no_code,1,Yes,2022 CBMS Household Profile Questionnaire,24,official_questionnaire,Yes,verified,
K10_C_HEALTH_INSURANCE,Health insurance,K,K10,yes_no_code,2,No,2022 CBMS Household Profile Questionnaire,24,official_questionnaire,Yes,verified,
K10_C_HEALTH_INSURANCE,Health insurance,K,K10,yes_no_code,9,Prefer Not to Answer,2022 CBMS Household Profile Questionnaire,24,official_questionnaire,No,verified,
K10_G_MICROINSURANCE,Microinsurance,K,K10,yes_no_code,1,Yes,2022 CBMS Household Profile Questionnaire,24,official_questionnaire,Yes,verified,
K10_G_MICROINSURANCE,Microinsurance,K,K10,yes_no_code,2,No,2022 CBMS Household Profile Questionnaire,24,official_questionnaire,Yes,verified,
K10_G_MICROINSURANCE,Microinsurance,K,K10,yes_no_code,9,Prefer Not to Answer,2022 CBMS Household Profile Questionnaire,24,official_questionnaire,No,verified,
K10_H_CROP_INSURANCE,Crop insurance,K,K10,yes_no_code,1,Yes,2022 CBMS Household Profile Questionnaire,24,official_questionnaire,Yes,verified,
K10_H_CROP_INSURANCE,Crop insurance,K,K10,yes_no_code,2,No,2022 CBMS Household Profile Questionnaire,24,official_questionnaire,Yes,verified,
K10_H_CROP_INSURANCE,Crop insurance,K,K10,yes_no_code,9,Prefer Not to Answer,2022 CBMS Household Profile Questionnaire,24,official_questionnaire,No,verified,
K10_I_LIVESTOCK_AND_POULTRY_INSURANCE,Livestock and poultry insurance,K,K10,yes_no_code,1,Yes,2022 CBMS Household Profile Questionnaire,24,official_questionnaire,Yes,verified,
K10_I_LIVESTOCK_AND_POULTRY_INSURANCE,Livestock and poultry insurance,K,K10,yes_no_code,2,No,2022 CBMS Household Profile Questionnaire,24,official_questionnaire,Yes,verified,
K10_I_LIVESTOCK_AND_POULTRY_INSURANCE,Livestock and poultry insurance,K,K10,yes_no_code,9,Prefer Not to Answer,2022 CBMS Household Profile Questionnaire,24,official_questionnaire,No,verified,
K10_J_FISHERIES_INSURANCE,Fisheries insurance,K,K10,yes_no_code,1,Yes,2022 CBMS Household Profile Questionnaire,24,official_questionnaire,Yes,verified,
K10_J_FISHERIES_INSURANCE,Fisheries insurance,K,K10,yes_no_code,2,No,2022 CBMS Household Profile Questionnaire,24,official_questionnaire,Yes,verified,
K10_J_FISHERIES_INSURANCE,Fisheries insurance,K,K10,yes_no_code,9,Prefer Not to Answer,2022 CBMS Household Profile Questionnaire,24,official_questionnaire,No,verified,
L06_WITH_MEMBER_CURRENTLY_PREGNANT,With Currently Pregnant Household Members,L,L06,yes_no_code,1,Yes,2022 CBMS Household Profile Questionnaire,25,official_questionnaire,Yes,verified,
L06_WITH_MEMBER_CURRENTLY_PREGNANT,With Currently Pregnant Household Members,L,L06,yes_no_code,2,No,2022 CBMS Household Profile Questionnaire,25,official_questionnaire,Yes,verified,
L08_WITH_MEMBER_CURRENTLY_BREASTFEEDING,With currently lactating/breastfeeding mothers,L,L08,yes_no_code,1,Yes,2022 CBMS Household Profile Questionnaire,25,official_questionnaire,Yes,verified,
L08_WITH_MEMBER_CURRENTLY_BREASTFEEDING,With currently lactating/breastfeeding mothers,L,L08,yes_no_code,2,No,2022 CBMS Household Profile Questionnaire,25,official_questionnaire,Yes,verified,
L10_WITH_CHILD_DIED,With former household member/s 0-5 years old who died,L,L10,yes_no_code,1,Yes,2022 CBMS Household Profile Questionnaire,25,official_questionnaire,Yes,verified,
L10_WITH_CHILD_DIED,With former household member/s 0-5 years old who died,L,L10,yes_no_code,2,No,2022 CBMS Household Profile Questionnaire,25,official_questionnaire,Yes,verified,
L15_WITH_PWD_MEMBER,With member who is a Person with Disability,L,L15,yes_no_code,1,Yes,2022 CBMS Household Profile Questionnaire,25,official_questionnaire,Yes,verified,
L15_WITH_PWD_MEMBER,With member who is a Person with Disability,L,L15,yes_no_code,2,No,2022 CBMS Household Profile Questionnaire,25,official_questionnaire,Yes,verified,
L17_A_VISUAL_DISABILITY,Visual Disability,L,L17,yes_no_code,1,Yes,2022 CBMS Household Profile Questionnaire,25,synthetic_flattening_of_questionnaire_option,Yes,verified,The questionnaire records disability types using A-H/Z codes; this synthetic CSV stores each selected type as a separate Yes/No indicator column.
L17_A_VISUAL_DISABILITY,Visual Disability,L,L17,yes_no_code,2,No,2022 CBMS Household Profile Questionnaire,25,synthetic_flattening_of_questionnaire_option,Yes,verified,The questionnaire records disability types using A-H/Z codes; this synthetic CSV stores each selected type as a separate Yes/No indicator column.
L17_B_DEAF_OR_HARD_OF_HEARING,Deaf or Hard of Hearing,L,L17,yes_no_code,1,Yes,2022 CBMS Household Profile Questionnaire,25,synthetic_flattening_of_questionnaire_option,Yes,verified,The questionnaire records disability types using A-H/Z codes; this synthetic CSV stores each selected type as a separate Yes/No indicator column.
L17_B_DEAF_OR_HARD_OF_HEARING,Deaf or Hard of Hearing,L,L17,yes_no_code,2,No,2022 CBMS Household Profile Questionnaire,25,synthetic_flattening_of_questionnaire_option,Yes,verified,The questionnaire records disability types using A-H/Z codes; this synthetic CSV stores each selected type as a separate Yes/No indicator column.
L17_C_INTELLECTUAL_DISABILITY,Intellectual Disability,L,L17,yes_no_code,1,Yes,2022 CBMS Household Profile Questionnaire,25,synthetic_flattening_of_questionnaire_option,Yes,verified,The questionnaire records disability types using A-H/Z codes; this synthetic CSV stores each selected type as a separate Yes/No indicator column.
L17_C_INTELLECTUAL_DISABILITY,Intellectual Disability,L,L17,yes_no_code,2,No,2022 CBMS Household Profile Questionnaire,25,synthetic_flattening_of_questionnaire_option,Yes,verified,The questionnaire records disability types using A-H/Z codes; this synthetic CSV stores each selected type as a separate Yes/No indicator column.
L17_D_LEARNING_DISABILITY,Learning Disability,L,L17,yes_no_code,1,Yes,2022 CBMS Household Profile Questionnaire,25,synthetic_flattening_of_questionnaire_option,Yes,verified,The questionnaire records disability types using A-H/Z codes; this synthetic CSV stores each selected type as a separate Yes/No indicator column.
L17_D_LEARNING_DISABILITY,Learning Disability,L,L17,yes_no_code,2,No,2022 CBMS Household Profile Questionnaire,25,synthetic_flattening_of_questionnaire_option,Yes,verified,The questionnaire records disability types using A-H/Z codes; this synthetic CSV stores each selected type as a separate Yes/No indicator column.
L17_E_MENTAL_DISABILITY,Mental Disability,L,L17,yes_no_code,1,Yes,2022 CBMS Household Profile Questionnaire,25,synthetic_flattening_of_questionnaire_option,Yes,verified,The questionnaire records disability types using A-H/Z codes; this synthetic CSV stores each selected type as a separate Yes/No indicator column.
L17_E_MENTAL_DISABILITY,Mental Disability,L,L17,yes_no_code,2,No,2022 CBMS Household Profile Questionnaire,25,synthetic_flattening_of_questionnaire_option,Yes,verified,The questionnaire records disability types using A-H/Z codes; this synthetic CSV stores each selected type as a separate Yes/No indicator column.
L17_F_PHYSICAL_DISABILITY_ORTHOPEDIC,Physical Disability (Orthopedic),L,L17,yes_no_code,1,Yes,2022 CBMS Household Profile Questionnaire,25,synthetic_flattening_of_questionnaire_option,Yes,verified,The questionnaire records disability types using A-H/Z codes; this synthetic CSV stores each selected type as a separate Yes/No indicator column.
L17_F_PHYSICAL_DISABILITY_ORTHOPEDIC,Physical Disability (Orthopedic),L,L17,yes_no_code,2,No,2022 CBMS Household Profile Questionnaire,25,synthetic_flattening_of_questionnaire_option,Yes,verified,The questionnaire records disability types using A-H/Z codes; this synthetic CSV stores each selected type as a separate Yes/No indicator column.
L17_G_PSYCHOSOCIAL_DISABILITY,Psychosocial Disability,L,L17,yes_no_code,1,Yes,2022 CBMS Household Profile Questionnaire,25,synthetic_flattening_of_questionnaire_option,Yes,verified,The questionnaire records disability types using A-H/Z codes; this synthetic CSV stores each selected type as a separate Yes/No indicator column.
L17_G_PSYCHOSOCIAL_DISABILITY,Psychosocial Disability,L,L17,yes_no_code,2,No,2022 CBMS Household Profile Questionnaire,25,synthetic_flattening_of_questionnaire_option,Yes,verified,The questionnaire records disability types using A-H/Z codes; this synthetic CSV stores each selected type as a separate Yes/No indicator column.
L17_H_SPEECH_AND_LANGUAGE_IMPAIREMENT,Speech and Language Impairement,L,L17,yes_no_code,1,Yes,2022 CBMS Household Profile Questionnaire,25,synthetic_flattening_of_questionnaire_option,Yes,verified,The questionnaire records disability types using A-H/Z codes; this synthetic CSV stores each selected type as a separate Yes/No indicator column.
L17_H_SPEECH_AND_LANGUAGE_IMPAIREMENT,Speech and Language Impairement,L,L17,yes_no_code,2,No,2022 CBMS Household Profile Questionnaire,25,synthetic_flattening_of_questionnaire_option,Yes,verified,The questionnaire records disability types using A-H/Z codes; this synthetic CSV stores each selected type as a separate Yes/No indicator column.
L17_Z_OTHER_DISABILITY,Other disabilities,L,L17,yes_no_code,1,Yes,2022 CBMS Household Profile Questionnaire,25,synthetic_flattening_of_questionnaire_option,Yes,verified,The questionnaire records disability types using A-H/Z codes; this synthetic CSV stores each selected type as a separate Yes/No indicator column.
L17_Z_OTHER_DISABILITY,Other disabilities,L,L17,yes_no_code,2,No,2022 CBMS Household Profile Questionnaire,25,synthetic_flattening_of_questionnaire_option,Yes,verified,The questionnaire records disability types using A-H/Z codes; this synthetic CSV stores each selected type as a separate Yes/No indicator column.
L18_A_VISUAL_DISABILITY_DIAGNOSED,Diagnosed Visual Disability,L,L18,yes_no_code,1,Yes,2022 CBMS Household Profile Questionnaire,25,questionnaire_yes_no_mapped_to_flattened_disability_column,Yes,verified,The questionnaire asks whether the listed disability has been diagnosed by a doctor; the synthetic CSV aligns that Yes/No answer to each flattened disability-type column.
L18_A_VISUAL_DISABILITY_DIAGNOSED,Diagnosed Visual Disability,L,L18,yes_no_code,2,No,2022 CBMS Household Profile Questionnaire,25,questionnaire_yes_no_mapped_to_flattened_disability_column,Yes,verified,The questionnaire asks whether the listed disability has been diagnosed by a doctor; the synthetic CSV aligns that Yes/No answer to each flattened disability-type column.
L18_B_DEAF_OR_HARD_OF_HEARING_DIAGNOSED,Diagnosed Deaf or Hard of Hearing,L,L18,yes_no_code,1,Yes,2022 CBMS Household Profile Questionnaire,25,questionnaire_yes_no_mapped_to_flattened_disability_column,Yes,verified,The questionnaire asks whether the listed disability has been diagnosed by a doctor; the synthetic CSV aligns that Yes/No answer to each flattened disability-type column.
L18_B_DEAF_OR_HARD_OF_HEARING_DIAGNOSED,Diagnosed Deaf or Hard of Hearing,L,L18,yes_no_code,2,No,2022 CBMS Household Profile Questionnaire,25,questionnaire_yes_no_mapped_to_flattened_disability_column,Yes,verified,The questionnaire asks whether the listed disability has been diagnosed by a doctor; the synthetic CSV aligns that Yes/No answer to each flattened disability-type column.
L18_C_INTELLECTUAL_DISABILITY_DIAGNOSED,Diagnosed Intellectual Disability,L,L18,yes_no_code,1,Yes,2022 CBMS Household Profile Questionnaire,25,questionnaire_yes_no_mapped_to_flattened_disability_column,Yes,verified,The questionnaire asks whether the listed disability has been diagnosed by a doctor; the synthetic CSV aligns that Yes/No answer to each flattened disability-type column.
L18_C_INTELLECTUAL_DISABILITY_DIAGNOSED,Diagnosed Intellectual Disability,L,L18,yes_no_code,2,No,2022 CBMS Household Profile Questionnaire,25,questionnaire_yes_no_mapped_to_flattened_disability_column,Yes,verified,The questionnaire asks whether the listed disability has been diagnosed by a doctor; the synthetic CSV aligns that Yes/No answer to each flattened disability-type column.
L18_D_LEARNING_DISABILITY_DIAGNOSED,Diagnosed Learning Disability,L,L18,yes_no_code,1,Yes,2022 CBMS Household Profile Questionnaire,25,questionnaire_yes_no_mapped_to_flattened_disability_column,Yes,verified,The questionnaire asks whether the listed disability has been diagnosed by a doctor; the synthetic CSV aligns that Yes/No answer to each flattened disability-type column.
L18_D_LEARNING_DISABILITY_DIAGNOSED,Diagnosed Learning Disability,L,L18,yes_no_code,2,No,2022 CBMS Household Profile Questionnaire,25,questionnaire_yes_no_mapped_to_flattened_disability_column,Yes,verified,The questionnaire asks whether the listed disability has been diagnosed by a doctor; the synthetic CSV aligns that Yes/No answer to each flattened disability-type column.
L18_E_MENTAL_DISABILITY_DIAGNOSED,Diagnosed Mental Disability,L,L18,yes_no_code,1,Yes,2022 CBMS Household Profile Questionnaire,25,questionnaire_yes_no_mapped_to_flattened_disability_column,Yes,verified,The questionnaire asks whether the listed disability has been diagnosed by a doctor; the synthetic CSV aligns that Yes/No answer to each flattened disability-type column.
L18_E_MENTAL_DISABILITY_DIAGNOSED,Diagnosed Mental Disability,L,L18,yes_no_code,2,No,2022 CBMS Household Profile Questionnaire,25,questionnaire_yes_no_mapped_to_flattened_disability_column,Yes,verified,The questionnaire asks whether the listed disability has been diagnosed by a doctor; the synthetic CSV aligns that Yes/No answer to each flattened disability-type column.
L18_F_PHYSICAL_DISABILITY_DIAGNOSED,Diagnosed Physical Disability (Orthopedic),L,L18,yes_no_code,1,Yes,2022 CBMS Household Profile Questionnaire,25,questionnaire_yes_no_mapped_to_flattened_disability_column,Yes,verified,The questionnaire asks whether the listed disability has been diagnosed by a doctor; the synthetic CSV aligns that Yes/No answer to each flattened disability-type column.
L18_F_PHYSICAL_DISABILITY_DIAGNOSED,Diagnosed Physical Disability (Orthopedic),L,L18,yes_no_code,2,No,2022 CBMS Household Profile Questionnaire,25,questionnaire_yes_no_mapped_to_flattened_disability_column,Yes,verified,The questionnaire asks whether the listed disability has been diagnosed by a doctor; the synthetic CSV aligns that Yes/No answer to each flattened disability-type column.
L18_G_PSYCHOSOCIAL_DISABILITY_DIAGNOSED,Diagnosed Psychosocial Disability,L,L18,yes_no_code,1,Yes,2022 CBMS Household Profile Questionnaire,25,questionnaire_yes_no_mapped_to_flattened_disability_column,Yes,verified,The questionnaire asks whether the listed disability has been diagnosed by a doctor; the synthetic CSV aligns that Yes/No answer to each flattened disability-type column.
L18_G_PSYCHOSOCIAL_DISABILITY_DIAGNOSED,Diagnosed Psychosocial Disability,L,L18,yes_no_code,2,No,2022 CBMS Household Profile Questionnaire,25,questionnaire_yes_no_mapped_to_flattened_disability_column,Yes,verified,The questionnaire asks whether the listed disability has been diagnosed by a doctor; the synthetic CSV aligns that Yes/No answer to each flattened disability-type column.
L18_H_SPEECH_AND_LANGUAGE_IMPAIREMENT_DIAGNOSED,Diagnosed Speech And Language Impairement,L,L18,yes_no_code,1,Yes,2022 CBMS Household Profile Questionnaire,25,questionnaire_yes_no_mapped_to_flattened_disability_column,Yes,verified,The questionnaire asks whether the listed disability has been diagnosed by a doctor; the synthetic CSV aligns that Yes/No answer to each flattened disability-type column.
L18_H_SPEECH_AND_LANGUAGE_IMPAIREMENT_DIAGNOSED,Diagnosed Speech And Language Impairement,L,L18,yes_no_code,2,No,2022 CBMS Household Profile Questionnaire,25,questionnaire_yes_no_mapped_to_flattened_disability_column,Yes,verified,The questionnaire asks whether the listed disability has been diagnosed by a doctor; the synthetic CSV aligns that Yes/No answer to each flattened disability-type column.
L18_Z_OTHER_DISABILITY_DIAGNOSED,Other disabilities diagnosed by a doctor,L,L18,yes_no_code,1,Yes,2022 CBMS Household Profile Questionnaire,25,questionnaire_yes_no_mapped_to_flattened_disability_column,Yes,verified,The questionnaire asks whether the listed disability has been diagnosed by a doctor; the synthetic CSV aligns that Yes/No answer to each flattened disability-type column.
L18_Z_OTHER_DISABILITY_DIAGNOSED,Other disabilities diagnosed by a doctor,L,L18,yes_no_code,2,No,2022 CBMS Household Profile Questionnaire,25,questionnaire_yes_no_mapped_to_flattened_disability_column,Yes,verified,The questionnaire asks whether the listed disability has been diagnosed by a doctor; the synthetic CSV aligns that Yes/No answer to each flattened disability-type column.
L19_WITH_CANCER_PATIENT_MEMBER,Presence of cancer patients,L,L19,yes_no_code,1,Yes,2022 CBMS Household Profile Questionnaire,25,official_questionnaire,Yes,verified,
L19_WITH_CANCER_PATIENT_MEMBER,Presence of cancer patients,L,L19,yes_no_code,2,No,2022 CBMS Household Profile Questionnaire,25,official_questionnaire,Yes,verified,
L23_WITH_RARE_DISEASE_MEMBER,Presence of persons with rare disease,L,L23,yes_no_code,1,Yes,2022 CBMS Household Profile Questionnaire,26,official_questionnaire,Yes,verified,
L23_WITH_RARE_DISEASE_MEMBER,Presence of persons with rare disease,L,L23,yes_no_code,2,No,2022 CBMS Household Profile Questionnaire,26,official_questionnaire,Yes,verified,
L29_WITH_MEMBER_WHO_HAS_PWD_ID,PWD ID,L,L29,yes_no_code,1,Yes,2022 CBMS Household Profile Questionnaire,26,official_questionnaire,Yes,verified,
L29_WITH_MEMBER_WHO_HAS_PWD_ID,PWD ID,L,L29,yes_no_code,2,No,2022 CBMS Household Profile Questionnaire,26,official_questionnaire,Yes,verified,
L31_SHOWN_PWD_ID,PWD ID Shown,L,L31,yes_no_code,1,Yes,2022 CBMS Household Profile Questionnaire,26,official_questionnaire,Yes,verified,
L31_SHOWN_PWD_ID,PWD ID Shown,L,L31,yes_no_code,2,No,2022 CBMS Household Profile Questionnaire,26,official_questionnaire,Yes,verified,
L32_TYPE_OF_DISABILITY_IN_PWD_ID,Type of Disability in PWD ID Shown,L,L32,coded_category,01,Visual Disability,2022 CBMS Household Profile Questionnaire,26,official_questionnaire,Yes,verified,
L32_TYPE_OF_DISABILITY_IN_PWD_ID,Type of Disability in PWD ID Shown,L,L32,coded_category,02,Deaf or Hearing Disability,2022 CBMS Household Profile Questionnaire,26,official_questionnaire,Yes,verified,
L32_TYPE_OF_DISABILITY_IN_PWD_ID,Type of Disability in PWD ID Shown,L,L32,coded_category,03,Intellectual Disability,2022 CBMS Household Profile Questionnaire,26,official_questionnaire,Yes,verified,
L32_TYPE_OF_DISABILITY_IN_PWD_ID,Type of Disability in PWD ID Shown,L,L32,coded_category,04,Learning Disability,2022 CBMS Household Profile Questionnaire,26,official_questionnaire,Yes,verified,
L32_TYPE_OF_DISABILITY_IN_PWD_ID,Type of Disability in PWD ID Shown,L,L32,coded_category,05,Mental Disability,2022 CBMS Household Profile Questionnaire,26,official_questionnaire,Yes,verified,
L32_TYPE_OF_DISABILITY_IN_PWD_ID,Type of Disability in PWD ID Shown,L,L32,coded_category,06,Physical Disability (Orthopedic),2022 CBMS Household Profile Questionnaire,26,official_questionnaire,Yes,verified,
L32_TYPE_OF_DISABILITY_IN_PWD_ID,Type of Disability in PWD ID Shown,L,L32,coded_category,07,Psychosocial Disability,2022 CBMS Household Profile Questionnaire,26,official_questionnaire,Yes,verified,
L32_TYPE_OF_DISABILITY_IN_PWD_ID,Type of Disability in PWD ID Shown,L,L32,coded_category,08,Speech and Language Impairment,2022 CBMS Household Profile Questionnaire,26,official_questionnaire,Yes,verified,
L32_TYPE_OF_DISABILITY_IN_PWD_ID,Type of Disability in PWD ID Shown,L,L32,coded_category,09,Cancer (RA 11215),2022 CBMS Household Profile Questionnaire,26,official_questionnaire,No,verified,
L32_TYPE_OF_DISABILITY_IN_PWD_ID,Type of Disability in PWD ID Shown,L,L32,coded_category,10,Rare Disease (RA 10747),2022 CBMS Household Profile Questionnaire,26,official_questionnaire,No,verified,
L33_MEMBER_WHO_HAS_BEEN_SICK,Presence of Illness / Sickness / Injury in the Past Month,L,L33,yes_no_code,1,Yes,2022 CBMS Household Profile Questionnaire,26,official_questionnaire,Yes,verified,
L33_MEMBER_WHO_HAS_BEEN_SICK,Presence of Illness / Sickness / Injury in the Past Month,L,L33,yes_no_code,2,No,2022 CBMS Household Profile Questionnaire,26,official_questionnaire,Yes,verified,
L35_ACTIVITY_AFFECTED_DUE_TO_SICKNESS,Impact of Illness / Sickness / Injury to Work / School,L,L35,yes_no_code,1,Yes,2022 CBMS Household Profile Questionnaire,26,official_questionnaire,Yes,verified,
L35_ACTIVITY_AFFECTED_DUE_TO_SICKNESS,Impact of Illness / Sickness / Injury to Work / School,L,L35,yes_no_code,2,No,2022 CBMS Household Profile Questionnaire,26,official_questionnaire,Yes,verified,
L37_TYPE_OF_SICKNESS,Most Recent (or Current) Illness / Sickness / Injury,L,L37,coded_category,01,Diabetes,2022 CBMS Household Profile Questionnaire,26,official_questionnaire,Yes,verified,
L37_TYPE_OF_SICKNESS,Most Recent (or Current) Illness / Sickness / Injury,L,L37,coded_category,02,Cancer,2022 CBMS Household Profile Questionnaire,26,official_questionnaire,Yes,verified,
L37_TYPE_OF_SICKNESS,Most Recent (or Current) Illness / Sickness / Injury,L,L37,coded_category,03,Hypertension,2022 CBMS Household Profile Questionnaire,26,official_questionnaire,Yes,verified,
L37_TYPE_OF_SICKNESS,Most Recent (or Current) Illness / Sickness / Injury,L,L37,coded_category,04,Tuberculosis (TB),2022 CBMS Household Profile Questionnaire,26,official_questionnaire,Yes,verified,
L37_TYPE_OF_SICKNESS,Most Recent (or Current) Illness / Sickness / Injury,L,L37,coded_category,05,Acute Respiratory Infection,2022 CBMS Household Profile Questionnaire,26,official_questionnaire,Yes,verified,
L37_TYPE_OF_SICKNESS,Most Recent (or Current) Illness / Sickness / Injury,L,L37,coded_category,06,Acute Gastroenteritis,2022 CBMS Household Profile Questionnaire,26,official_questionnaire,Yes,verified,
L37_TYPE_OF_SICKNESS,Most Recent (or Current) Illness / Sickness / Injury,L,L37,coded_category,07,"Common Colds, Cough/Flu Fever",2022 CBMS Household Profile Questionnaire,26,official_questionnaire,Yes,verified,
L37_TYPE_OF_SICKNESS,Most Recent (or Current) Illness / Sickness / Injury,L,L37,coded_category,08,Cut/Wound,2022 CBMS Household Profile Questionnaire,26,official_questionnaire,Yes,verified,
L37_TYPE_OF_SICKNESS,Most Recent (or Current) Illness / Sickness / Injury,L,L37,coded_category,09,Burn,2022 CBMS Household Profile Questionnaire,26,official_questionnaire,Yes,verified,
L37_TYPE_OF_SICKNESS,Most Recent (or Current) Illness / Sickness / Injury,L,L37,coded_category,10,Fracture/Broken Bone,2022 CBMS Household Profile Questionnaire,26,official_questionnaire,Yes,verified,
L37_TYPE_OF_SICKNESS,Most Recent (or Current) Illness / Sickness / Injury,L,L37,coded_category,11,Dislocation/Slipped Disk,2022 CBMS Household Profile Questionnaire,26,official_questionnaire,Yes,verified,
L37_TYPE_OF_SICKNESS,Most Recent (or Current) Illness / Sickness / Injury,L,L37,coded_category,12,Surgical Illness,2022 CBMS Household Profile Questionnaire,26,official_questionnaire,Yes,verified,
L37_TYPE_OF_SICKNESS,Most Recent (or Current) Illness / Sickness / Injury,L,L37,coded_category,13,COVID-19,2022 CBMS Household Profile Questionnaire,26,official_questionnaire,Yes,verified,
L37_TYPE_OF_SICKNESS,Most Recent (or Current) Illness / Sickness / Injury,L,L37,coded_category,99,"Others, Specify",2022 CBMS Household Profile Questionnaire,26,official_questionnaire,No,verified,
L38_AVAILED_MEDICAL_TREATMENT,Availed Medical Treatment,L,L38,yes_no_code,1,Yes,2022 CBMS Household Profile Questionnaire,27,official_questionnaire,Yes,verified,
L38_AVAILED_MEDICAL_TREATMENT,Availed Medical Treatment,L,L38,yes_no_code,2,No,2022 CBMS Household Profile Questionnaire,27,official_questionnaire,Yes,verified,
L40_PAYMENT_FOR_TREATMENT,Source of Payment for Medical Treatment,L,L40,multi_select_code,A,Salary or Income,2022 CBMS Household Profile Questionnaire,27,official_questionnaire,Yes,verified,"This is a multi-select field. A raw value such as AEH must be decoded as A + E + H, not as one combined code."
L40_PAYMENT_FOR_TREATMENT,Source of Payment for Medical Treatment,L,L40,multi_select_code,B,"Loan from Banks and Credit Institutions, or Mortgage",2022 CBMS Household Profile Questionnaire,27,official_questionnaire,Yes,verified,"This is a multi-select field. A raw value such as AEH must be decoded as A + E + H, not as one combined code."
L40_PAYMENT_FOR_TREATMENT,Source of Payment for Medical Treatment,L,L40,multi_select_code,C,Savings,2022 CBMS Household Profile Questionnaire,27,official_questionnaire,Yes,verified,"This is a multi-select field. A raw value such as AEH must be decoded as A + E + H, not as one combined code."
L40_PAYMENT_FOR_TREATMENT,Source of Payment for Medical Treatment,L,L40,multi_select_code,D,"Donations, Charity Assistance",2022 CBMS Household Profile Questionnaire,27,official_questionnaire,Yes,verified,"This is a multi-select field. A raw value such as AEH must be decoded as A + E + H, not as one combined code."
L40_PAYMENT_FOR_TREATMENT,Source of Payment for Medical Treatment,L,L40,multi_select_code,E,PhilHealth,2022 CBMS Household Profile Questionnaire,27,official_questionnaire,Yes,verified,"This is a multi-select field. A raw value such as AEH must be decoded as A + E + H, not as one combined code."
L40_PAYMENT_FOR_TREATMENT,Source of Payment for Medical Treatment,L,L40,multi_select_code,F,SSS/GSIS/ECC,2022 CBMS Household Profile Questionnaire,27,official_questionnaire,Yes,verified,"This is a multi-select field. A raw value such as AEH must be decoded as A + E + H, not as one combined code."
L40_PAYMENT_FOR_TREATMENT,Source of Payment for Medical Treatment,L,L40,multi_select_code,G,HMO/Private/Pre-Need Insurances,2022 CBMS Household Profile Questionnaire,27,official_questionnaire,No,verified,"This is a multi-select field. A raw value such as AEH must be decoded as A + E + H, not as one combined code."
L40_PAYMENT_FOR_TREATMENT,Source of Payment for Medical Treatment,L,L40,multi_select_code,H,"Family, Friends, Relatives",2022 CBMS Household Profile Questionnaire,27,official_questionnaire,Yes,verified,"This is a multi-select field. A raw value such as AEH must be decoded as A + E + H, not as one combined code."
L40_PAYMENT_FOR_TREATMENT,Source of Payment for Medical Treatment,L,L40,multi_select_code,Z,"Others, Specify",2022 CBMS Household Profile Questionnaire,27,official_questionnaire,No,verified,"This is a multi-select field. A raw value such as AEH must be decoded as A + E + H, not as one combined code."
L41_REASON_NOT_AVAILED_TREATMENT,Reason for Not Availing Medical Treatment,L,L41,coded_category,1,Facility Is Far,2022 CBMS Household Profile Questionnaire,27,official_questionnaire,Yes,verified,
L41_REASON_NOT_AVAILED_TREATMENT,Reason for Not Availing Medical Treatment,L,L41,coded_category,2,No Money,2022 CBMS Household Profile Questionnaire,27,official_questionnaire,Yes,verified,
L41_REASON_NOT_AVAILED_TREATMENT,Reason for Not Availing Medical Treatment,L,L41,coded_category,3,Worried About Treatment Cost,2022 CBMS Household Profile Questionnaire,27,official_questionnaire,Yes,verified,
L41_REASON_NOT_AVAILED_TREATMENT,Reason for Not Availing Medical Treatment,L,L41,coded_category,4,Home Remedy Is Available,2022 CBMS Household Profile Questionnaire,27,official_questionnaire,Yes,verified,
L41_REASON_NOT_AVAILED_TREATMENT,Reason for Not Availing Medical Treatment,L,L41,coded_category,5,Health Facility Is Not PhilHealth Accredited,2022 CBMS Household Profile Questionnaire,27,official_questionnaire,Yes,verified,
L41_REASON_NOT_AVAILED_TREATMENT,Reason for Not Availing Medical Treatment,L,L41,coded_category,6,Expect That the Sickness/Injury Will Heal Eventually,2022 CBMS Household Profile Questionnaire,27,official_questionnaire,Yes,verified,
L41_REASON_NOT_AVAILED_TREATMENT,Reason for Not Availing Medical Treatment,L,L41,coded_category,9,"Others, Specify",2022 CBMS Household Profile Questionnaire,27,official_questionnaire,Yes,verified,
O01_SAFE_WALKING_ALONE,Feel Safe Walking Alone in the Area,O,O01,coded_category,1,Safe,2022 CBMS Household Profile Questionnaire,31,official_questionnaire,Yes,verified,
O01_SAFE_WALKING_ALONE,Feel Safe Walking Alone in the Area,O,O01,coded_category,2,Somewhat Safe,2022 CBMS Household Profile Questionnaire,31,official_questionnaire,Yes,verified,
O01_SAFE_WALKING_ALONE,Feel Safe Walking Alone in the Area,O,O01,coded_category,3,Somewhat Unsafe,2022 CBMS Household Profile Questionnaire,31,official_questionnaire,Yes,verified,
O01_SAFE_WALKING_ALONE,Feel Safe Walking Alone in the Area,O,O01,coded_category,4,Unsafe,2022 CBMS Household Profile Questionnaire,31,official_questionnaire,Yes,verified,
O01_SAFE_WALKING_ALONE,Feel Safe Walking Alone in the Area,O,O01,coded_category,5,I'm Afraid to Be Alone,2022 CBMS Household Profile Questionnaire,31,official_questionnaire,Yes,verified,
O01_SAFE_WALKING_ALONE,Feel Safe Walking Alone in the Area,O,O01,coded_category,8,Don't Know,2022 CBMS Household Profile Questionnaire,31,official_questionnaire,Yes,verified,
O02_VICTIM_OF_CRIME,Victims of Crime,O,O02,yes_no_code,1,Yes,2022 CBMS Household Profile Questionnaire,31,official_questionnaire,Yes,verified,
O02_VICTIM_OF_CRIME,Victims of Crime,O,O02,yes_no_code,2,No,2022 CBMS Household Profile Questionnaire,31,official_questionnaire,Yes,verified,
O03_A_THEFT_VICTIM,Victim of Theft of Personal Property,O,O03,yes_no_code,1,Yes,2022 CBMS Household Profile Questionnaire,31,official_questionnaire,Yes,verified,
O03_A_THEFT_VICTIM,Victim of Theft of Personal Property,O,O03,yes_no_code,2,No,2022 CBMS Household Profile Questionnaire,31,official_questionnaire,Yes,verified,
O03_A_THEFT_VICTIM,Victim of Theft of Personal Property,O,O03,yes_no_code,9,Prefer Not to Answer,2022 CBMS Household Profile Questionnaire,31,official_questionnaire,No,verified,
O03_B_ROBBERY_VICTIM,Victim of Robbery,O,O03,yes_no_code,1,Yes,2022 CBMS Household Profile Questionnaire,31,official_questionnaire,Yes,verified,
O03_B_ROBBERY_VICTIM,Victim of Robbery,O,O03,yes_no_code,2,No,2022 CBMS Household Profile Questionnaire,31,official_questionnaire,Yes,verified,
O03_B_ROBBERY_VICTIM,Victim of Robbery,O,O03,yes_no_code,9,Prefer Not to Answer,2022 CBMS Household Profile Questionnaire,31,official_questionnaire,No,verified,
O03_C_ASSAULT_VICTIM,Victim of Assault and Threat,O,O03,yes_no_code,1,Yes,2022 CBMS Household Profile Questionnaire,31,official_questionnaire,Yes,verified,
O03_C_ASSAULT_VICTIM,Victim of Assault and Threat,O,O03,yes_no_code,2,No,2022 CBMS Household Profile Questionnaire,31,official_questionnaire,Yes,verified,
O03_C_ASSAULT_VICTIM,Victim of Assault and Threat,O,O03,yes_no_code,9,Prefer Not to Answer,2022 CBMS Household Profile Questionnaire,31,official_questionnaire,No,verified,
O03_D_PSYCHO_VIOLENCE_VICTIM,Victim of Psychological Violence,O,O03,yes_no_code,1,Yes,2022 CBMS Household Profile Questionnaire,31,official_questionnaire,No,verified,
O03_D_PSYCHO_VIOLENCE_VICTIM,Victim of Psychological Violence,O,O03,yes_no_code,2,No,2022 CBMS Household Profile Questionnaire,31,official_questionnaire,Yes,verified,
O03_D_PSYCHO_VIOLENCE_VICTIM,Victim of Psychological Violence,O,O03,yes_no_code,9,Prefer Not to Answer,2022 CBMS Household Profile Questionnaire,31,official_questionnaire,No,verified,
O03_E_SEX_VIOLENCE_VICTIM,Victim of Sexual Offense,O,O03,yes_no_code,1,Yes,2022 CBMS Household Profile Questionnaire,31,official_questionnaire,No,verified,
O03_E_SEX_VIOLENCE_VICTIM,Victim of Sexual Offense,O,O03,yes_no_code,2,No,2022 CBMS Household Profile Questionnaire,31,official_questionnaire,Yes,verified,
O03_E_SEX_VIOLENCE_VICTIM,Victim of Sexual Offense,O,O03,yes_no_code,9,Prefer Not to Answer,2022 CBMS Household Profile Questionnaire,31,official_questionnaire,No,verified,
O03_F_FRAUD_VICTIM,Victim of Fraud,O,O03,yes_no_code,1,Yes,2022 CBMS Household Profile Questionnaire,31,official_questionnaire,Yes,verified,
O03_F_FRAUD_VICTIM,Victim of Fraud,O,O03,yes_no_code,2,No,2022 CBMS Household Profile Questionnaire,31,official_questionnaire,Yes,verified,
O03_F_FRAUD_VICTIM,Victim of Fraud,O,O03,yes_no_code,9,Prefer Not to Answer,2022 CBMS Household Profile Questionnaire,31,official_questionnaire,No,verified,
O03_G_BRIBERY_VICTIM,Victim of Corruption / Bribery / Extortion,O,O03,yes_no_code,1,Yes,2022 CBMS Household Profile Questionnaire,31,official_questionnaire,No,verified,
O03_G_BRIBERY_VICTIM,Victim of Corruption / Bribery / Extortion,O,O03,yes_no_code,2,No,2022 CBMS Household Profile Questionnaire,31,official_questionnaire,Yes,verified,
O03_G_BRIBERY_VICTIM,Victim of Corruption / Bribery / Extortion,O,O03,yes_no_code,9,Prefer Not to Answer,2022 CBMS Household Profile Questionnaire,31,official_questionnaire,No,verified,
O03_I_VEHICLE_THEFT_VICTIM,Victim of Vehicle Theft,O,O03,yes_no_code,1,Yes,2022 CBMS Household Profile Questionnaire,31,official_questionnaire,Yes,verified,
O03_I_VEHICLE_THEFT_VICTIM,Victim of Vehicle Theft,O,O03,yes_no_code,2,No,2022 CBMS Household Profile Questionnaire,31,official_questionnaire,Yes,verified,
O03_I_VEHICLE_THEFT_VICTIM,Victim of Vehicle Theft,O,O03,yes_no_code,9,Prefer Not to Answer,2022 CBMS Household Profile Questionnaire,31,official_questionnaire,No,verified,
O03_J_BURGLARY_VICTIM,Victim of Housebreaking,O,O03,yes_no_code,1,Yes,2022 CBMS Household Profile Questionnaire,31,official_questionnaire,Yes,verified,
O03_J_BURGLARY_VICTIM,Victim of Housebreaking,O,O03,yes_no_code,2,No,2022 CBMS Household Profile Questionnaire,31,official_questionnaire,Yes,verified,
O03_J_BURGLARY_VICTIM,Victim of Housebreaking,O,O03,yes_no_code,9,Prefer Not to Answer,2022 CBMS Household Profile Questionnaire,31,official_questionnaire,No,verified,
O03_K_VANDALISM_VICTIM,Victim of Vandalism,O,O03,yes_no_code,1,Yes,2022 CBMS Household Profile Questionnaire,31,official_questionnaire,Yes,verified,
O03_K_VANDALISM_VICTIM,Victim of Vandalism,O,O03,yes_no_code,2,No,2022 CBMS Household Profile Questionnaire,31,official_questionnaire,Yes,verified,
O03_K_VANDALISM_VICTIM,Victim of Vandalism,O,O03,yes_no_code,9,Prefer Not to Answer,2022 CBMS Household Profile Questionnaire,31,official_questionnaire,No,verified,
O03_Z_OTHER_CRIME_VICTIM,Victim of (Other Crime),O,O03,yes_no_code,1,Yes,2022 CBMS Household Profile Questionnaire,31,official_questionnaire,Yes,verified,
O03_Z_OTHER_CRIME_VICTIM,Victim of (Other Crime),O,O03,yes_no_code,2,No,2022 CBMS Household Profile Questionnaire,31,official_questionnaire,Yes,verified,
O03_Z_OTHER_CRIME_VICTIM,Victim of (Other Crime),O,O03,yes_no_code,9,Prefer Not to Answer,2022 CBMS Household Profile Questionnaire,31,official_questionnaire,No,verified,
O06_A_THEFT_LOCATION_OF_CRIME,Location of Theft of Personal Property,O,O06,coded_category,1,Within the Barangay,2022 CBMS Household Profile Questionnaire,31,official_questionnaire,Yes,verified,
O06_A_THEFT_LOCATION_OF_CRIME,Location of Theft of Personal Property,O,O06,coded_category,2,Outside the Barangay but Within the Municipality/City,2022 CBMS Household Profile Questionnaire,31,official_questionnaire,No,verified,
O06_A_THEFT_LOCATION_OF_CRIME,Location of Theft of Personal Property,O,O06,coded_category,3,Outside the Municipality/City but Within the Province,2022 CBMS Household Profile Questionnaire,31,official_questionnaire,Yes,verified,
O06_A_THEFT_LOCATION_OF_CRIME,Location of Theft of Personal Property,O,O06,coded_category,4,Outside the Province,2022 CBMS Household Profile Questionnaire,31,official_questionnaire,No,verified,
O06_B_ROBBERY_LOCATION_OF_CRIME,Location of Robbery,O,O06,coded_category,1,Within the Barangay,2022 CBMS Household Profile Questionnaire,31,official_questionnaire,Yes,verified,
O06_B_ROBBERY_LOCATION_OF_CRIME,Location of Robbery,O,O06,coded_category,2,Outside the Barangay but Within the Municipality/City,2022 CBMS Household Profile Questionnaire,31,official_questionnaire,No,verified,
O06_B_ROBBERY_LOCATION_OF_CRIME,Location of Robbery,O,O06,coded_category,3,Outside the Municipality/City but Within the Province,2022 CBMS Household Profile Questionnaire,31,official_questionnaire,No,verified,
O06_B_ROBBERY_LOCATION_OF_CRIME,Location of Robbery,O,O06,coded_category,4,Outside the Province,2022 CBMS Household Profile Questionnaire,31,official_questionnaire,No,verified,
O06_C_ASSAULT_LOCATION_OF_CRIME,Location of Assault and Threat,O,O06,coded_category,1,Within the Barangay,2022 CBMS Household Profile Questionnaire,31,official_questionnaire,Yes,verified,
O06_C_ASSAULT_LOCATION_OF_CRIME,Location of Assault and Threat,O,O06,coded_category,2,Outside the Barangay but Within the Municipality/City,2022 CBMS Household Profile Questionnaire,31,official_questionnaire,Yes,verified,
O06_C_ASSAULT_LOCATION_OF_CRIME,Location of Assault and Threat,O,O06,coded_category,3,Outside the Municipality/City but Within the Province,2022 CBMS Household Profile Questionnaire,31,official_questionnaire,No,verified,
O06_C_ASSAULT_LOCATION_OF_CRIME,Location of Assault and Threat,O,O06,coded_category,4,Outside the Province,2022 CBMS Household Profile Questionnaire,31,official_questionnaire,No,verified,
O06_D_PSYCHO_VIOLENCE_LOCATION_OF_CRIME,Location of Psychological Violence,O,O06,coded_category,1,Within the Barangay,2022 CBMS Household Profile Questionnaire,31,official_questionnaire,No,verified,
O06_D_PSYCHO_VIOLENCE_LOCATION_OF_CRIME,Location of Psychological Violence,O,O06,coded_category,2,Outside the Barangay but Within the Municipality/City,2022 CBMS Household Profile Questionnaire,31,official_questionnaire,No,verified,
O06_D_PSYCHO_VIOLENCE_LOCATION_OF_CRIME,Location of Psychological Violence,O,O06,coded_category,3,Outside the Municipality/City but Within the Province,2022 CBMS Household Profile Questionnaire,31,official_questionnaire,No,verified,
O06_D_PSYCHO_VIOLENCE_LOCATION_OF_CRIME,Location of Psychological Violence,O,O06,coded_category,4,Outside the Province,2022 CBMS Household Profile Questionnaire,31,official_questionnaire,No,verified,
O06_E_SEX_VIOLENCE_LOCATION_OF_CRIME,Location of Sexual Offense,O,O06,coded_category,1,Within the Barangay,2022 CBMS Household Profile Questionnaire,31,official_questionnaire,No,verified,
O06_E_SEX_VIOLENCE_LOCATION_OF_CRIME,Location of Sexual Offense,O,O06,coded_category,2,Outside the Barangay but Within the Municipality/City,2022 CBMS Household Profile Questionnaire,31,official_questionnaire,No,verified,
O06_E_SEX_VIOLENCE_LOCATION_OF_CRIME,Location of Sexual Offense,O,O06,coded_category,3,Outside the Municipality/City but Within the Province,2022 CBMS Household Profile Questionnaire,31,official_questionnaire,No,verified,
O06_E_SEX_VIOLENCE_LOCATION_OF_CRIME,Location of Sexual Offense,O,O06,coded_category,4,Outside the Province,2022 CBMS Household Profile Questionnaire,31,official_questionnaire,No,verified,
O06_F_FRAUD_LOCATION_OF_CRIME,Location of Fraud,O,O06,coded_category,1,Within the Barangay,2022 CBMS Household Profile Questionnaire,31,official_questionnaire,Yes,verified,
O06_F_FRAUD_LOCATION_OF_CRIME,Location of Fraud,O,O06,coded_category,2,Outside the Barangay but Within the Municipality/City,2022 CBMS Household Profile Questionnaire,31,official_questionnaire,Yes,verified,
O06_F_FRAUD_LOCATION_OF_CRIME,Location of Fraud,O,O06,coded_category,3,Outside the Municipality/City but Within the Province,2022 CBMS Household Profile Questionnaire,31,official_questionnaire,Yes,verified,
O06_F_FRAUD_LOCATION_OF_CRIME,Location of Fraud,O,O06,coded_category,4,Outside the Province,2022 CBMS Household Profile Questionnaire,31,official_questionnaire,No,verified,
O06_G_BRIBERY_LOCATION_OF_CRIME,Location of Corruption / Bribery / Extortion,O,O06,coded_category,1,Within the Barangay,2022 CBMS Household Profile Questionnaire,31,official_questionnaire,No,verified,
O06_G_BRIBERY_LOCATION_OF_CRIME,Location of Corruption / Bribery / Extortion,O,O06,coded_category,2,Outside the Barangay but Within the Municipality/City,2022 CBMS Household Profile Questionnaire,31,official_questionnaire,No,verified,
O06_G_BRIBERY_LOCATION_OF_CRIME,Location of Corruption / Bribery / Extortion,O,O06,coded_category,3,Outside the Municipality/City but Within the Province,2022 CBMS Household Profile Questionnaire,31,official_questionnaire,No,verified,
O06_G_BRIBERY_LOCATION_OF_CRIME,Location of Corruption / Bribery / Extortion,O,O06,coded_category,4,Outside the Province,2022 CBMS Household Profile Questionnaire,31,official_questionnaire,No,verified,
O06_I_VEHICLE_THEFT_LOCATION_OF_CRIME,Location of Vehicle Theft,O,O06,coded_category,1,Within the Barangay,2022 CBMS Household Profile Questionnaire,31,official_questionnaire,Yes,verified,
O06_I_VEHICLE_THEFT_LOCATION_OF_CRIME,Location of Vehicle Theft,O,O06,coded_category,2,Outside the Barangay but Within the Municipality/City,2022 CBMS Household Profile Questionnaire,31,official_questionnaire,No,verified,
O06_I_VEHICLE_THEFT_LOCATION_OF_CRIME,Location of Vehicle Theft,O,O06,coded_category,3,Outside the Municipality/City but Within the Province,2022 CBMS Household Profile Questionnaire,31,official_questionnaire,No,verified,
O06_I_VEHICLE_THEFT_LOCATION_OF_CRIME,Location of Vehicle Theft,O,O06,coded_category,4,Outside the Province,2022 CBMS Household Profile Questionnaire,31,official_questionnaire,No,verified,
O06_J_BURGLARY_LOCATION_OF_CRIME,Location of Housebreaking,O,O06,coded_category,1,Within the Barangay,2022 CBMS Household Profile Questionnaire,31,official_questionnaire,Yes,verified,
O06_J_BURGLARY_LOCATION_OF_CRIME,Location of Housebreaking,O,O06,coded_category,2,Outside the Barangay but Within the Municipality/City,2022 CBMS Household Profile Questionnaire,31,official_questionnaire,Yes,verified,
O06_J_BURGLARY_LOCATION_OF_CRIME,Location of Housebreaking,O,O06,coded_category,3,Outside the Municipality/City but Within the Province,2022 CBMS Household Profile Questionnaire,31,official_questionnaire,No,verified,
O06_J_BURGLARY_LOCATION_OF_CRIME,Location of Housebreaking,O,O06,coded_category,4,Outside the Province,2022 CBMS Household Profile Questionnaire,31,official_questionnaire,No,verified,
O06_K_VANDALISM_LOCATION_OF_CRIME,Location of Vandalism,O,O06,coded_category,1,Within the Barangay,2022 CBMS Household Profile Questionnaire,31,official_questionnaire,No,verified,
O06_K_VANDALISM_LOCATION_OF_CRIME,Location of Vandalism,O,O06,coded_category,2,Outside the Barangay but Within the Municipality/City,2022 CBMS Household Profile Questionnaire,31,official_questionnaire,Yes,verified,
O06_K_VANDALISM_LOCATION_OF_CRIME,Location of Vandalism,O,O06,coded_category,3,Outside the Municipality/City but Within the Province,2022 CBMS Household Profile Questionnaire,31,official_questionnaire,Yes,verified,
O06_K_VANDALISM_LOCATION_OF_CRIME,Location of Vandalism,O,O06,coded_category,4,Outside the Province,2022 CBMS Household Profile Questionnaire,31,official_questionnaire,No,verified,
O06_Z_OTHER_CRIME_LOCATION_OF_CRIME,Location of Other Crime,O,O06,coded_category,1,Within the Barangay,2022 CBMS Household Profile Questionnaire,31,official_questionnaire,No,verified,
O06_Z_OTHER_CRIME_LOCATION_OF_CRIME,Location of Other Crime,O,O06,coded_category,2,Outside the Barangay but Within the Municipality/City,2022 CBMS Household Profile Questionnaire,31,official_questionnaire,Yes,verified,
O06_Z_OTHER_CRIME_LOCATION_OF_CRIME,Location of Other Crime,O,O06,coded_category,3,Outside the Municipality/City but Within the Province,2022 CBMS Household Profile Questionnaire,31,official_questionnaire,No,verified,
O06_Z_OTHER_CRIME_LOCATION_OF_CRIME,Location of Other Crime,O,O06,coded_category,4,Outside the Province,2022 CBMS Household Profile Questionnaire,31,official_questionnaire,No,verified,
